mmsi,base_date_time,latitude,longitude,sog,cog,heading,vessel_type,length,width,draft
367793030,2025-01-08T00:00:00Z,47.68588,-122.40506,4.6,155.5,,37,10,3,
338160209,2025-01-08T00:00:00Z,34.40719,-119.69199,0.0,106.3,,36,11,4,
266283000,2025-01-08T00:00:01Z,38.41834,-74.24126,15.5,187.9,190,70,237,32,9.1
368013620,2025-01-08T00:00:10Z,40.10181,-74.04712,0.0,252.3,,30,17,6,
368144150,2025-01-08T00:00:09Z,34.16235,-119.22453,0.0,169.6,,37,12,5,
338327705,2025-01-08T00:00:10Z,48.50397,-122.60776,0.0,344.1,,37,15,4,
367408580,2025-01-08T00:00:19Z,48.75557,-122.50327,0.0,70.0,,30,19,5,
368179170,2025-01-08T00:00:20Z,47.58684,-122.66302,0.0,22.9,359,37,14,6,
368062680,2025-01-08T00:00:05Z,30.11721,-90.99468,0.1,94.3,278,31,27,8,
367733350,2025-01-08T00:00:04Z,41.33874,-69.40653,3.6,270.7,,30,26,8,
368364070,2025-01-08T00:00:00Z,30.23993,-91.12368,0.0,244.5,64,,20,8,2.9
366902360,2025-01-08T00:00:00Z,40.52275,-74.10943,25.2,208.0,,60,26,8,2.5
367780670,2025-01-08T00:00:00Z,29.76451,-95.10886,0.0,334.7,276,52,18,9,2.5
367070910,2025-01-08T00:00:04Z,41.30553,-72.90569,0.0,109.9,,52,20,6,
477232200,2025-01-08T00:00:00Z,20.57213,-155.67765,19.9,65.6,67,71,366,48,15.3
366991260,2025-01-08T00:00:01Z,29.28379,-91.46199,2.8,38.7,,33,43,16,
367390380,2025-01-08T00:00:02Z,47.63508,-122.32834,0.0,266.7,,30,90,13,7.0
368350450,2025-01-08T00:00:01Z,29.65224,-94.93607,25.1,177.2,,,,,
366988070,2025-01-08T00:00:01Z,41.32878,-70.70113,1.4,121.5,201,30,22,7,3.7
367049160,2025-01-08T00:00:02Z,32.85449,-79.95324,0.0,276.9,,52,27,10,4.5
368234460,2025-01-08T00:00:04Z,27.62707,-82.56396,0.0,178.9,,52,24,10,3.3
367139510,2025-01-08T00:00:06Z,39.26044,-76.55617,0.0,244.6,,52,29,10,4.3
367442770,2025-01-08T00:00:08Z,38.56188,-82.80361,0.0,,,31,21,27,
636020884,2025-01-08T00:00:10Z,30.0694,-90.89839,0.1,289.8,317,79,177,29,6.0
471706202,2025-01-08T00:00:08Z,29.95121,-90.01511,0.1,,,50,14,5,
338926899,2025-01-08T00:00:05Z,20.26644,-156.97548,2.4,111.0,,51,14,4,
316020868,2025-01-08T00:00:06Z,49.00552,-123.12749,1.3,60.5,71,52,26,12,5.4
367442390,2025-01-08T00:00:02Z,29.33248,-94.68636,14.1,290.0,293,50,20,7,1.0
367615990,2025-01-08T00:00:00Z,29.31469,-94.77878,0.0,,,90,29,8,
367595180,2025-01-08T00:00:01Z,27.23089,-97.42071,5.2,193.1,192,31,209,18,3.0
368612000,2025-01-08T00:00:02Z,47.56933,-122.51198,30.3,246.6,243,40,23,9,
367715380,2025-01-08T00:00:05Z,30.04887,-90.56971,0.0,345.8,102,31,483,44,3.4
210430000,2025-01-08T00:00:06Z,29.35899,-89.51614,10.4,291.1,290,70,229,32,7.5
367532810,2025-01-08T00:00:07Z,30.04444,-90.8413,1.8,350.6,348,31,223,43,2.9
366998830,2025-01-08T00:00:07Z,45.64011,-122.77911,7.5,47.1,47,31,24,6,3.0
367444740,2025-01-08T00:00:07Z,29.62277,-91.04547,2.5,78.8,,31,205,22,3.2
316003351,2025-01-08T00:00:11Z,49.11808,-123.16405,0.0,,,30,23,6,
367519170,2025-01-08T00:00:01Z,39.87417,-75.20941,0.0,219.1,295,52,25,3,
367002130,2025-01-08T00:00:02Z,29.99965,-90.47163,0.0,271.2,,31,81,23,2.6
247341300,2025-01-08T00:00:21Z,41.61215,-71.40639,0.0,304.9,298,70,236,36,9.2
366946840,2025-01-08T00:00:05Z,40.63926,-74.16022,0.0,111.2,,52,29,9,3.3
367536590,2025-01-08T00:00:02Z,29.78129,-95.07557,1.2,14.6,25,31,116,34,3.1
368024740,2025-01-08T00:00:00Z,33.74722,-118.21562,0.0,33.6,,50,21,6,
636020501,2025-01-08T00:00:01Z,39.75672,-73.68368,6.5,352.7,344,71,334,43,10.8
366988190,2025-01-08T00:00:02Z,38.56762,-90.23404,0.0,294.0,26,31,354,33,2.9
367407750,2025-01-08T00:00:04Z,30.07816,-91.3084,0.0,86.3,,52,32,11,3.0
367702380,2025-01-08T00:00:08Z,30.00731,-90.7929,0.4,51.1,247,31,23,10,3.0
368180460,2025-01-08T00:00:05Z,38.03994,-122.13771,0.0,194.6,56,52,34,10,6.1
368377990,2025-01-08T00:00:08Z,34.80329,-90.47238,5.0,13.9,,31,,,
316036661,2025-01-08T00:00:00Z,48.43214,-123.4284,0.0,,,52,13,5,
368339850,2025-01-08T00:00:02Z,29.3648,-94.8922,0.0,329.1,249,57,26,10,3.1
303589000,2025-01-08T00:00:01Z,29.34301,-94.74312,8.8,85.1,83,97,85,16,5.0
366890710,2025-01-08T00:00:04Z,29.14148,-90.19696,0.0,261.4,,32,41,10,4.5
316013411,2025-01-08T00:00:04Z,49.07496,-123.35497,13.7,6.2,11,35,33,8,2.6
367076410,2025-01-08T00:00:09Z,41.49082,-71.32664,0.0,222.7,,50,17,6,
368092840,2025-01-08T00:00:00Z,29.92658,-90.19978,0.0,261.4,328,57,124,18,3.1
366972280,2025-01-08T00:00:02Z,29.76031,-94.91683,0.2,230.0,,31,18,7,
368289570,2025-01-08T00:00:04Z,29.84063,-91.24129,0.0,32.7,,52,14,6,1.7
367613790,2025-01-08T00:00:02Z,29.73399,-95.20043,0.0,291.8,122,52,28,12,3.0
339459000,2025-01-08T00:00:02Z,26.09084,-80.17471,0.0,246.9,179,37,47,8,2.6
367761630,2025-01-08T00:00:05Z,29.29835,-94.85041,0.1,,,99,8,3,
441357000,2025-01-08T00:00:08Z,33.84203,-119.09947,0.9,132.4,226,70,184,30,8.1
367393030,2025-01-08T00:00:09Z,30.28302,-91.15363,0.0,299.8,268,31,211,18,2.8
538011237,2025-01-08T00:00:08Z,23.0785,-79.494,12.9,112.4,108,80,183,32,11.6
368050130,2025-01-08T00:00:05Z,32.13078,-81.13594,0.1,212.4,,31,17,8,2.4
636016430,2025-01-08T00:00:05Z,37.29241,-75.27236,5.3,32.7,17,79,280,32,11.2
368185000,2025-01-08T00:00:05Z,29.61748,-89.90242,7.8,287.4,,52,35,10,10.0
316014160,2025-01-08T00:00:02Z,48.3539,-89.22911,0.0,4.6,290,70,203,24,6.9
367461550,2025-01-08T00:00:00Z,39.09385,-84.50174,0.0,94.9,,60,53,13,2.5
316206000,2025-01-08T00:00:08Z,46.76041,-92.09896,0.0,124.2,,70,225,24,7.1
367487570,2025-01-08T00:00:00Z,43.44725,-82.43066,9.1,176.4,176,52,164,16,6.4
368130610,2025-01-08T00:00:07Z,29.74557,-95.16608,6.1,293.4,290,52,30,13,6.2
367078250,2025-01-08T00:00:09Z,40.64634,-74.17551,9.3,85.5,83,52,29,8,4.8
368092840,2025-01-08T00:00:00Z,29.92659,-90.19977,0.0,261.4,328,57,124,18,3.1
367712660,2025-01-08T00:00:00Z,47.60329,-122.38872,15.8,273.1,271,60,110,25,5.0
366812330,2025-01-08T00:00:02Z,41.58772,-71.4105,0.0,154.9,,60,19,6,
367313160,2025-01-08T00:00:08Z,48.52151,-122.60635,0.0,272.3,,70,30,7,
367480010,2025-01-08T00:00:02Z,48.15895,-122.67268,0.0,0.1,0,60,83,20,
367003380,2025-01-08T00:00:02Z,32.62952,-117.22653,9.7,10.5,9,70,176,31,6.9
354998000,2025-01-08T00:00:08Z,19.14768,-68.59751,12.9,136.8,138,70,229,32,13.9
366997930,2025-01-08T00:00:02Z,29.941,-90.359,0.0,247.0,5,31,81,11,3.2
355024000,2025-01-08T00:00:01Z,29.96467,-90.29245,0.1,108.6,236,70,228,32,9.4
367122220,2025-01-08T00:00:02Z,37.80342,-122.36767,6.1,299.4,300,52,23,10,4.0
367422020,2025-01-08T00:00:01Z,37.90391,-122.36623,0.1,237.9,273,30,50,25,2.2
367409290,2025-01-08T00:00:08Z,41.01332,-73.32175,9.1,80.0,76,52,40,12,6.9
368312320,2025-01-08T00:00:01Z,36.80189,-76.29041,0.0,152.6,185,31,28,12,
368288820,2025-01-08T00:00:05Z,30.49177,-81.30877,8.6,21.8,19,40,22,8,2.5
367003630,2025-01-08T00:00:37Z,30.11714,-90.99903,0.0,280.1,8,52,24,10,3.2
366929710,2025-01-08T00:00:02Z,48.12243,-123.43021,0.0,0.0,32,60,103,20,5.0
368317340,2025-01-08T00:00:01Z,45.65163,-84.46954,0.0,262.1,123,52,22,10,
367554310,2025-01-08T00:00:00Z,30.21826,-93.251,0.0,317.4,,52,22,9,8.6
368362260,2025-01-08T00:00:02Z,30.04927,-90.53787,0.0,,,52,20,10,3.2
271042996,2025-01-08T00:00:02Z,29.99314,-90.41807,14.2,103.2,105,84,120,20,5.3
367064000,2025-01-08T00:00:03Z,47.63441,-122.32817,0.0,262.6,193,30,48,10,4.5
367590790,2025-01-08T00:00:00Z,35.18391,-90.058,0.0,58.8,351,31,32,11,2.8
316004787,2025-01-08T00:00:01Z,49.20072,-123.03545,0.0,,,30,19,7,
368276480,2025-01-08T00:00:01Z,29.68898,-91.21474,0.1,233.9,15,32,20,10,
367768450,2025-01-08T00:00:01Z,29.94133,-90.31128,0.0,16.8,,52,29,11,
366939710,2025-01-08T00:00:02Z,40.64113,-74.12965,0.0,31.3,217,52,31,10,4.5
538011094,2025-01-08T00:00:03Z,48.35406,-124.1481,12.5,291.4,290,70,199,32,13.1
319072300,2025-01-08T00:00:03Z,19.11139,-68.00096,13.0,290.8,288,37,66,12,3.5
368090720,2025-01-08T00:00:03Z,29.93484,-93.86995,7.3,41.5,,31,21,8,
366870980,2025-01-08T00:00:06Z,36.83651,-76.24814,0.0,343.8,208,31,26,9,
367768450,2025-01-08T00:00:00Z,29.95025,-90.22691,0.0,192.3,,52,29,11,
367402820,2025-01-08T00:00:00Z,29.93244,-93.05909,0.0,253.9,,31,12,16,3.3
367404860,2025-01-08T00:00:02Z,33.98327,-118.45593,0.0,,,69,27,10,2.9
367496750,2025-01-08T00:00:03Z,30.55406,-91.2414,4.1,316.8,,32,59,15,3.3
367693470,2025-01-08T00:00:05Z,26.26742,-80.08473,0.0,274.6,4,30,25,7,2.0
367113160,2025-01-08T00:00:37Z,29.73511,-95.2049,0.0,118.0,206,31,27,10,2.9
367448060,2025-01-08T00:00:01Z,29.92569,-91.83576,0.0,284.6,337,31,20,8,3.0
367726810,2025-01-08T00:00:08Z,40.47711,-73.86008,2.8,180.6,,69,17,5,
338089000,2025-01-08T00:00:02Z,34.14793,-119.20253,0.1,207.4,,60,29,7,2.0
212703000,2025-01-08T00:00:03Z,18.44799,-66.08912,0.0,120.6,210,70,145,22,4.9
366708180,2025-01-08T00:00:05Z,26.10336,-80.11929,2.3,167.3,166,37,52,10,3.3
368376130,2025-01-08T00:00:04Z,29.67211,-91.13508,0.0,59.1,,52,34,12,3.7
367420170,2025-01-08T00:00:06Z,39.54194,-75.72743,9.7,264.0,265,52,23,10,
367517760,2025-01-08T00:00:06Z,35.08331,-90.14171,0.0,349.8,,31,20,9,
367637760,2025-01-08T00:00:00Z,29.31322,-94.80953,0.0,320.2,,31,207,17,3.1
368308420,2025-01-08T00:00:04Z,29.16065,-89.38409,0.4,158.3,,70,40,11,2.5
368182130,2025-01-08T00:00:01Z,28.43944,-96.40956,4.0,69.8,68,57,205,17,2.7
367360360,2025-01-08T00:00:04Z,27.85135,-97.06542,0.0,254.0,307,69,44,8,2.5
367137180,2025-01-08T00:00:08Z,41.56615,-73.96623,3.9,37.9,35,52,37,11,4.3
368273330,2025-01-08T00:00:00Z,41.49156,-81.7181,0.0,239.9,91,31,32,6,4.0
367701480,2025-01-08T00:00:37Z,28.87077,-89.73521,8.0,125.2,,70,44,12,3.0
256798000,2025-01-08T00:00:09Z,19.90047,-65.9139,17.8,119.1,118,60,249,32,7.1
367586920,2025-01-08T00:00:05Z,40.6422,-74.11821,0.0,162.8,344,31,39,12,5.5
367014380,2025-01-08T00:00:05Z,29.99622,-93.94889,0.0,220.9,198,52,24,8,3.0
367691190,2025-01-08T00:00:02Z,29.70715,-95.04529,0.0,278.2,,31,135,34,3.0
367589520,2025-01-08T00:00:01Z,27.84774,-97.06171,0.0,320.9,230,52,25,12,2.8
538006204,2025-01-08T00:00:02Z,32.92094,-120.19226,11.5,321.7,319,80,249,44,8.0
367311480,2025-01-08T00:00:04Z,30.08313,-90.91152,0.0,,,52,20,8,3.4
246614000,2025-01-08T00:00:00Z,29.50389,-93.23126,11.0,183.7,181,70,137,19,6.2
368129810,2025-01-08T00:00:01Z,40.70369,-73.97686,0.0,57.5,19,60,30,9,
367082860,2025-01-08T00:00:06Z,32.08567,-80.99056,0.1,183.9,163,52,29,12,5.0
368319330,2025-01-08T00:00:00Z,30.40541,-81.54693,0.9,35.7,,52,32,9,
367144040,2025-01-08T00:00:03Z,29.72834,-95.0216,0.2,304.4,,52,9,,2.0
367388680,2025-01-08T00:00:00Z,29.78876,-95.07369,0.0,56.2,154,31,98,17,2.8
368145650,2025-01-08T00:00:07Z,38.53945,-90.25079,0.0,155.5,32,52,16,8,2.9
352001173,2025-01-08T00:00:00Z,43.11722,-70.81073,0.4,304.0,138,70,145,25,8.9
368263020,2025-01-08T00:00:36Z,28.88278,-95.42427,0.0,156.3,,52,117,18,2.9
367188510,2025-01-08T00:00:39Z,44.82675,-87.37751,0.0,,35,52,18,6,2.0
367621940,2025-01-08T00:00:05Z,29.29861,-94.8505,0.1,287.7,,30,21,8,2.3
367502290,2025-01-08T00:00:04Z,30.04616,-90.58907,1.2,71.6,,31,20,8,3.0
369494418,2025-01-08T00:00:01Z,42.36757,-71.05072,0.0,329.8,49,51,15,5,1.0
367136250,2025-01-08T00:00:02Z,48.12583,-123.4535,0.1,171.0,32,54,39,10,3.0
367171010,2025-01-08T00:00:02Z,30.0128,-90.75888,0.0,312.6,170,52,16,8,2.9
367639270,2025-01-08T00:00:00Z,29.92835,-90.18636,8.4,52.3,52,52,24,12,3.4
367761740,2025-01-08T00:00:08Z,29.56739,-94.41997,0.0,,,70,30,10,2.0
367789370,2025-01-08T00:00:00Z,29.83801,-89.61414,0.0,340.7,,31,17,7,2.3
366868000,2025-01-08T00:00:05Z,27.628,-82.56435,0.1,153.0,,52,30,8,3.0
367639270,2025-01-08T00:00:00Z,29.92982,-90.18424,8.5,51.0,53,52,24,12,3.4
316042022,2025-01-08T00:00:04Z,49.31235,-123.10676,0.0,179.7,0,52,24,11,5.7
367118440,2025-01-08T00:00:06Z,34.8818,-90.30669,3.4,48.7,60,31,50,11,3.0
368398010,2025-01-08T00:00:03Z,27.27011,-97.41189,5.2,189.6,192,31,23,10,2.6
369204000,2025-01-08T00:00:02Z,29.12931,-90.20134,0.0,200.9,338,70,92,20,3.8
367797720,2025-01-08T00:00:04Z,41.18535,-72.35473,6.8,68.4,60,31,25,10,3.7
338140889,2025-01-08T00:00:00Z,33.76996,-118.2123,0.0,243.2,,34,16,5,
338302000,2025-01-08T00:00:19Z,27.59835,-83.89463,11.0,271.2,276,80,186,32,9.0
636015902,2025-01-08T00:00:07Z,48.16403,-125.92108,10.1,239.0,237,70,190,32,12.2
319060200,2025-01-08T00:00:03Z,34.80647,-76.68092,0.0,322.2,77,37,21,6,2.3
367330820,2025-01-08T00:00:03Z,29.35695,-90.2506,0.0,289.5,,60,44,8,3.0
367760890,2025-01-08T00:00:06Z,26.09282,-80.11807,2.2,141.6,194,52,30,13,6.0
367653290,2025-01-08T00:00:05Z,34.8233,-90.44568,4.7,61.0,70,31,126,18,3.0
368175050,2025-01-08T00:00:02Z,26.09404,-80.17022,0.0,,,37,23,6,
368388750,2025-01-08T00:00:02Z,30.5319,-88.10792,0.0,36.8,280,,30,13,
367057720,2025-01-08T00:00:01Z,38.5706,-90.22867,0.0,282.6,50,31,350,56,3.0
367004570,2025-01-08T00:00:02Z,29.91947,-89.93226,0.2,61.6,,31,17,7,2.5
366938760,2025-01-08T00:00:02Z,46.57279,-84.74524,6.6,317.1,320,70,188,21,6.7
477655900,2025-01-08T00:00:06Z,36.81046,-75.73372,9.3,299.7,303,70,294,32,11.1
368010420,2025-01-08T00:00:05Z,40.60664,-74.20594,0.3,146.7,14,31,134,24,4.6
367515670,2025-01-08T00:00:01Z,38.01109,-123.16318,8.9,345.0,345,32,37,11,4.5
367671170,2025-01-08T00:00:11Z,34.22672,-77.95344,0.0,276.8,,52,29,11,4.4
367473490,2025-01-08T00:00:03Z,29.74625,-94.07718,3.4,50.8,51,31,147,33,3.1
367796040,2025-01-08T00:00:01Z,40.68613,-74.07751,0.0,197.4,280,31,21,7,2.8
367015090,2025-01-08T00:00:10Z,26.10275,-80.12177,5.0,268.6,,50,12,4,
367763490,2025-01-08T00:00:00Z,30.22875,-93.26186,2.5,23.1,196,52,28,10,2.1
339244972,2025-01-08T00:00:07Z,34.80542,-76.68538,0.0,225.2,,51,25,16,2.0
367475030,2025-01-08T00:00:01Z,30.39579,-81.43012,0.0,142.3,119,60,43,17,2.7
367477560,2025-01-08T00:00:02Z,29.90677,-90.10152,0.0,308.5,245,31,119,18,3.1
366971360,2025-01-08T00:00:08Z,45.87188,-85.21633,8.5,280.7,284,70,234,22,7.9
367721310,2025-01-08T00:00:11Z,29.7812,-90.065,6.1,24.4,,52,17,7,
316012406,2025-01-08T00:00:08Z,48.43193,-123.42817,0.0,,,31,14,4,
256000826,2025-01-08T00:00:02Z,26.77876,-80.05024,0.0,276.1,,37,23,7,2.4
338519000,2025-01-08T00:00:03Z,48.11664,-122.75124,0.0,222.1,,40,22,9,1.0
367015310,2025-01-08T00:00:03Z,30.65729,-88.04322,0.0,313.6,,31,16,7,
367340430,2025-01-08T00:00:38Z,29.74208,-95.19806,2.4,263.3,262,31,27,9,2.9
366989360,2025-01-08T00:00:01Z,37.94447,-122.44077,37.9,204.1,204,60,41,12,3.0
338106421,2025-01-08T00:00:03Z,30.19274,-89.28218,9.7,47.3,,50,,,
367164650,2025-01-08T00:00:07Z,27.19804,-97.42773,5.5,190.5,191,31,23,9,3.0
367136670,2025-01-08T00:00:07Z,30.33912,-91.15307,5.2,295.3,298,31,116,34,2.8
367434290,2025-01-08T00:00:06Z,48.75503,-122.50524,0.0,193.5,,30,17,7,3.4
368324340,2025-01-08T00:00:00Z,30.1336,-90.92283,0.0,349.5,315,52,20,8,2.5
367325150,2025-01-08T00:00:06Z,30.67234,-88.03495,0.0,202.3,,60,12,4,
366753000,2025-01-08T00:00:01Z,37.79047,-122.28763,0.0,157.0,,69,19,5,
366727190,2025-01-08T00:00:06Z,41.16391,-73.17217,0.3,13.6,303,52,30,8,4.5
367116420,2025-01-08T00:00:01Z,30.22925,-93.24582,0.0,191.8,214,31,30,9,3.0
368013770,2025-01-08T00:00:00Z,40.49849,-74.02941,32.4,359.4,353,66,45,12,1.2
367078850,2025-01-08T00:00:03Z,40.6668,-74.02244,4.1,262.4,269,52,24,8,
368315820,2025-01-08T00:00:08Z,41.61286,-71.40871,0.0,304.5,205,49,27,5,1.9
367680760,2025-01-08T00:00:03Z,28.67333,-95.99534,4.5,61.2,64,31,115,18,3.1
265036460,2025-01-08T00:00:09Z,32.72198,-117.22748,0.0,105.6,306,40,15,,
366899290,2025-01-08T00:00:15Z,39.37758,-74.42682,0.1,238.2,,60,16,5,2.2
367015490,2025-01-08T00:00:07Z,18.05365,-65.83658,0.1,,,31,21,10,2.5
367586750,2025-01-08T00:00:00Z,30.07996,-93.72464,0.0,265.5,347,52,28,12,3.3
367104560,2025-01-08T00:00:05Z,30.08757,-90.90659,0.0,30.4,,31,17,6,
367388170,2025-01-08T00:00:02Z,30.00146,-89.9555,6.2,261.2,,31,17,7,20.3
367612350,2025-01-08T00:00:09Z,29.13158,-90.19388,0.0,258.0,342,90,92,20,5.5
367053990,2025-01-08T00:00:01Z,30.09474,-86.61789,11.2,316.4,304,69,40,8,3.0
636015034,2025-01-08T00:00:00Z,29.82266,-90.0012,2.2,4.9,13,70,225,32,7.4
367778010,2025-01-08T00:00:01Z,29.79122,-95.06466,0.0,186.9,126,33,53,15,
367327250,2025-01-08T00:00:09Z,46.16855,-123.91402,0.0,205.0,,30,20,6,3.2
636017539,2025-01-08T00:00:05Z,39.21172,-76.483,0.0,264.0,264,79,200,32,8.7
636019071,2025-01-08T00:00:06Z,40.81127,-125.40167,12.8,352.2,351,80,250,44,8.9
368084430,2025-01-08T00:00:09Z,31.01231,-91.61696,1.2,244.0,65,31,24,9,2.4
368072040,2025-01-08T00:00:01Z,29.73642,-95.12924,0.0,170.7,6,52,119,34,3.1
368026090,2025-01-08T00:00:02Z,40.43281,-74.08051,0.0,235.3,,52,15,6,
367456860,2025-01-08T00:00:04Z,29.93948,-90.31982,0.0,359.7,242,31,115,34,3.0
368061080,2025-01-08T00:00:02Z,29.40357,-89.30877,9.2,172.7,171,30,63,10,2.7
367585560,2025-01-08T00:00:06Z,48.51119,-122.60788,0.0,266.2,,70,20,7,1.0
368220940,2025-01-08T00:00:06Z,26.35749,-97.35364,0.1,56.4,258,57,129,34,2.8
368269380,2025-01-08T00:00:05Z,39.52958,-75.81163,0.0,0.0,,60,20,2,2.0
367004910,2025-01-08T00:00:00Z,30.14011,-89.64673,0.0,76.4,57,31,23,9,3.0
368178130,2025-01-08T00:00:01Z,36.8593,-76.34341,0.0,216.5,174,52,24,10,3.1
366995510,2025-01-08T00:00:04Z,38.40363,-82.55646,0.0,12.9,,52,20,8,2.4
366998820,2025-01-08T00:00:07Z,40.6708,-74.0853,0.0,260.1,277,52,24,8,3.1
367028910,2025-01-08T00:00:04Z,29.79348,-95.06677,0.0,358.2,30,31,34,10,2.7
366967630,2025-01-08T00:00:06Z,38.83305,-90.1067,0.0,0.0,,52,42,16,2.8
367389540,2025-01-08T00:00:02Z,27.81504,-97.4205,0.0,245.8,264,31,205,18,3.0
366778450,2025-01-08T00:00:03Z,37.9448,-122.50837,0.0,247.6,317,40,41,12,3.8
368145870,2025-01-08T00:00:00Z,29.78042,-95.0765,0.2,330.7,241,52,123,12,3.1
309046000,2025-01-08T00:00:01Z,36.93961,-124.73036,13.6,136.3,135,71,316,46,13.0
368269610,2025-01-08T00:00:03Z,36.91999,-76.18222,0.0,218.3,93,70,87,18,5.1
367367620,2025-01-08T00:00:01Z,29.41282,-94.734,0.1,150.0,53,31,237,18,3.0
368394420,2025-01-08T00:00:17Z,33.61117,-117.92352,,,283,37,33,8,
367105180,2025-01-08T00:00:08Z,30.34934,-88.50552,0.0,287.2,192,31,120,34,2.8
367614940,2025-01-08T00:00:04Z,29.53105,-94.48291,2.7,220.6,213,31,208,18,3.1
366997830,2025-01-08T00:00:06Z,29.94252,-90.13672,0.0,174.0,358,31,203,22,3.4
367702220,2025-01-08T00:00:06Z,29.77878,-92.18136,0.0,21.4,284,31,205,23,3.1
368335980,2025-01-08T00:00:04Z,29.63952,-91.10993,5.2,232.7,241,52,18,9,
367716190,2025-01-08T00:00:06Z,41.90664,-80.7948,0.0,219.3,,31,23,8,3.6
367650000,2025-01-08T00:00:00Z,47.63453,-122.32798,0.0,,191,30,35,11,4.2
367590780,2025-01-08T00:00:00Z,42.62891,-73.75417,0.0,221.0,15,52,182,24,
368141380,2025-01-08T00:00:08Z,29.67714,-94.97994,6.7,160.4,163,57,114,17,2.6
352915000,2025-01-08T00:00:05Z,39.14455,-73.13783,18.1,69.9,66,70,198,32,8.1
368363010,2025-01-08T00:00:04Z,44.10647,-69.10762,0.0,180.5,181,65,32,8,2.5
366875040,2025-01-08T00:00:38Z,29.74167,-95.15677,0.1,60.2,176,31,83,14,2.8
367505870,2025-01-08T00:00:07Z,29.99825,-90.83478,0.0,314.1,351,31,116,34,2.8
367705210,2025-01-08T00:00:05Z,27.80972,-97.3076,7.3,89.2,,31,30,8,2.4
316021988,2025-01-08T00:00:05Z,49.29499,-123.13318,0.0,266.8,,60,24,7,2.0
367649320,2025-01-08T00:00:02Z,48.57094,-122.88298,0.0,228.0,222,60,111,25,5.4
366939330,2025-01-08T00:00:01Z,30.70949,-88.03644,0.0,276.1,159,31,36,12,3.0
367526740,2025-01-08T00:00:04Z,29.63912,-91.32263,5.5,271.8,,31,209,18,3.1
367010390,2025-01-08T00:00:06Z,40.68537,-74.15427,0.0,31.8,29,31,33,11,5.5
538010415,2025-01-08T00:00:05Z,17.64423,-64.66797,12.3,79.6,80,80,228,33,12.6
366955430,2025-01-08T00:00:04Z,29.1515,-89.2473,0.3,241.0,169,33,86,20,
367638170,2025-01-08T00:00:00Z,38.855,-90.11893,0.0,141.0,301,31,349,33,2.8
366825190,2025-01-08T00:00:01Z,48.14053,-123.42563,0.0,266.8,294,30,23,6,1.7
368136890,2025-01-08T00:00:00Z,29.05979,-95.67242,0.0,43.6,21,52,123,31,3.0
338866000,2025-01-08T00:00:01Z,41.69227,-83.46012,0.0,0.0,184,52,262,24,7.4
368036520,2025-01-08T00:00:01Z,35.1254,-90.11914,4.4,126.0,119,57,355,,3.4
368075180,2025-01-08T00:00:01Z,29.82963,-93.96227,0.0,116.9,172,52,23,11,3.1
367702490,2025-01-08T00:00:02Z,29.94026,-90.17833,0.0,263.7,313,52,22,9,
368222160,2025-01-08T00:00:01Z,38.44692,-82.60224,0.0,41.3,356,57,166,23,
367561320,2025-01-08T00:00:04Z,29.6561,-94.96966,0.1,318.2,,31,20,8,2.3
267188530,2025-01-08T00:00:04Z,35.0899,-90.10752,0.0,81.7,,31,20,8,
367673690,2025-01-08T00:00:04Z,42.30036,-83.09102,0.0,333.9,29,31,33,10,4.0
367702890,2025-01-08T00:00:06Z,38.42378,-82.59529,7.1,347.3,,31,15,6,1.9
367534840,2025-01-08T00:00:00Z,28.88596,-95.41933,0.0,308.4,59,52,28,11,3.1
367195440,2025-01-08T00:00:02Z,33.93076,-77.99656,0.0,31.1,218,60,23,7,1.6
367604920,2025-01-08T00:00:03Z,30.47289,-91.19359,0.0,,0,30,213,18,2.7
366993620,2025-01-08T00:00:04Z,27.84471,-97.07588,0.0,332.0,52,31,26,8,2.9
368042990,2025-01-08T00:00:04Z,28.93242,-89.40756,0.1,221.5,,50,16,5,
367427670,2025-01-08T00:00:05Z,33.6107,-117.92577,0.0,79.6,,37,21,12,2.0
311036900,2025-01-08T00:00:04Z,30.07468,-88.09516,0.1,61.0,333,33,194,30,8.6
338132000,2025-01-08T00:00:05Z,47.63127,-122.38099,0.0,0.0,,30,93,15,7.0
367473550,2025-01-08T00:00:02Z,28.16013,-96.88505,3.6,51.2,,31,189,18,
367402650,2025-01-08T00:00:03Z,39.09175,-84.51559,3.5,83.3,75,31,28,8,2.8
366872980,2025-01-08T00:00:07Z,33.73321,-118.26764,0.0,,,60,38,10,3.5
367508430,2025-01-08T00:00:37Z,29.78505,-95.06997,4.0,209.0,,52,26,10,2.7
316034846,2025-01-08T00:00:06Z,42.11716,-83.12578,9.7,185.3,186,70,226,24,6.9
367484250,2025-01-08T00:00:09Z,29.54023,-94.47602,6.2,32.4,30,31,120,18,2.8
368074170,2025-01-08T00:00:01Z,29.63676,-94.29735,5.1,59.8,61,52,32,12,3.0
368285660,2025-01-08T00:00:13Z,35.08483,-76.60095,0.0,262.6,,37,20,6,2.5
367515760,2025-01-08T00:00:01Z,31.14348,-81.49674,0.0,23.2,159,52,31,10,4.5
367352250,2025-01-08T00:00:09Z,30.42282,-91.20332,0.0,221.0,,52,16,8,2.9
369703000,2025-01-08T00:00:13Z,34.96304,-122.23873,10.6,328.1,328,52,179,23,6.4
366983730,2025-01-08T00:00:21Z,29.27472,-89.95427,8.1,237.1,,60,44,9,
249167000,2025-01-08T00:00:18Z,23.63255,-81.83032,11.7,79.3,76,71,300,48,13.5
366751060,2025-01-08T00:00:04Z,38.04949,-121.8378,3.6,188.1,,60,30,10,2.0
367749970,2025-01-08T00:00:03Z,29.9438,-90.37055,4.0,273.7,,52,20,10,2.9
636017611,2025-01-08T00:00:00Z,29.93756,-90.05794,9.1,187.4,192,70,190,24,6.8
366917530,2025-01-08T00:00:02Z,41.45578,-70.59947,0.0,238.0,85,60,72,16,10.0
367368820,2025-01-08T00:00:04Z,43.65799,-70.2479,0.0,235.6,317,52,28,12,
368043530,2025-01-08T00:00:00Z,47.63117,-122.38208,0.0,161.4,183,30,69,16,8.0
367498820,2025-01-08T00:00:07Z,39.19884,-76.52751,0.0,217.6,,31,22,8,2.5
368637000,2025-01-08T00:00:01Z,47.98958,-122.24813,0.2,78.2,164,52,35,12,3.7
367504950,2025-01-08T00:00:05Z,35.52674,-89.95659,0.1,236.1,111,52,34,10,2.9
316047053,2025-01-08T00:00:01Z,49.23567,-125.75083,0.0,245.9,132,90,24,11,3.4
367431840,2025-01-08T00:00:00Z,37.50237,-122.48047,0.0,,169,36,8,2,1.2
368189290,2025-01-08T00:00:01Z,29.93972,-90.17859,0.0,319.0,314,57,150,22,3.0
367001510,2025-01-08T00:00:01Z,29.93954,-90.35472,0.1,263.7,,31,17,7,2.5
319059500,2025-01-08T00:00:02Z,26.09681,-80.16373,0.0,75.6,359,37,46,9,2.1
367003580,2025-01-08T00:00:03Z,30.10517,-90.97396,0.0,294.2,291,52,20,8,2.5
352986193,2025-01-08T00:00:03Z,23.37823,-80.34266,11.1,285.9,289,70,180,30,10.0
366961280,2025-01-08T00:00:03Z,30.14447,-91.32587,0.0,164.9,262,60,146,22,2.8
636017352,2025-01-08T00:00:00Z,36.36663,-74.9835,17.6,190.0,190,79,225,30,10.1
368391720,2025-01-08T00:00:02Z,41.61249,-71.40881,0.0,302.9,208,40,32,11,
355745000,2025-01-08T00:00:00Z,30.32316,-80.96506,9.0,106.6,100,70,200,32,8.4
357441000,2025-01-08T00:00:03Z,48.41655,-123.18843,11.2,36.0,30,82,174,28,7.8
367393330,2025-01-08T00:00:00Z,36.8242,-76.28912,0.0,195.3,,80,25,8,1.7
338199061,2025-01-08T00:00:07Z,29.9397,-90.06077,0.2,323.0,,33,55,15,
538008707,2025-01-08T00:00:06Z,40.47304,-73.64147,6.2,249.0,255,80,169,25,8.5
367765860,2025-01-08T00:00:05Z,48.42689,-123.38261,0.0,248.9,,30,24,6,
366940000,2025-01-08T00:00:05Z,29.99654,-90.43059,2.8,271.9,,31,32,10,
367788780,2025-01-08T00:00:01Z,27.81008,-97.30573,8.7,93.7,,31,120,34,3.0
366951240,2025-01-08T00:00:04Z,29.97462,-90.3996,0.0,171.4,347,52,62,18,3.1
245554000,2025-01-08T00:00:39Z,49.29712,-123.03185,0.0,353.0,101,79,144,27,7.2
367535290,2025-01-08T00:00:04Z,31.01395,-91.61342,0.0,238.2,250,31,367,,3.3
636022754,2025-01-08T00:00:02Z,34.51276,-122.84614,16.8,268.5,272,70,200,32,7.8
367767850,2025-01-08T00:00:08Z,29.67387,-89.95866,3.6,154.9,,31,99,48,5.0
367519270,2025-01-08T00:00:03Z,29.75221,-95.16635,3.3,270.3,269,32,21,9,2.8
367191170,2025-01-08T00:00:09Z,47.9902,-124.89572,10.6,176.0,179,37,36,7,3.0
367755990,2025-01-08T00:00:08Z,29.82636,-93.95614,0.0,225.3,192,33,47,11,3.0
367549870,2025-01-08T00:00:09Z,40.69342,-74.01524,0.0,237.4,,60,50,18,3.3
636020787,2025-01-08T00:00:01Z,32.38119,-118.77722,10.8,52.7,52,74,231,31,11.9
367373960,2025-01-08T00:00:00Z,32.65263,-117.33058,10.9,95.5,,60,28,9,
367579920,2025-01-08T00:00:00Z,29.53558,-90.76562,4.6,91.3,67,31,115,34,3.0
367109430,2025-01-08T00:00:02Z,31.98943,-81.02397,0.0,296.8,252,52,22,8,
367155310,2025-01-08T00:00:08Z,29.76385,-95.06951,0.1,188.1,349,52,23,10,2.8
368159040,2025-01-08T00:00:04Z,29.98404,-93.81015,4.4,244.5,,30,18,7,2.5
311001253,2025-01-08T00:00:04Z,20.74707,-67.98677,17.2,130.7,129,60,324,44,8.4
367338430,2025-01-08T00:00:00Z,29.94806,-90.2258,0.0,179.4,,31,19,8,2.8
368169220,2025-01-08T00:00:02Z,29.87296,-90.07077,0.0,85.8,,52,22,8,2.5
368103510,2025-01-08T00:00:06Z,29.94861,-90.38283,0.0,290.0,,31,24,10,
367589290,2025-01-08T00:00:01Z,27.81335,-97.41641,0.0,253.6,,31,211,18,3.3
367338430,2025-01-08T00:00:02Z,29.95932,-90.23233,4.7,317.4,,31,19,8,2.8
367731010,2025-01-08T00:00:04Z,29.98834,-90.02142,0.0,271.0,344,52,26,12,3.1
367162830,2025-01-08T00:00:02Z,29.3117,-94.80721,0.0,105.2,270,31,27,9,2.9
367535280,2025-01-08T00:00:04Z,30.66509,-91.32386,4.8,318.8,317,31,367,,3.3
367622520,2025-01-08T00:00:18Z,29.79004,-95.08011,0.1,258.1,342,31,22,10,
219643000,2025-01-08T00:00:05Z,28.92442,-94.60954,4.7,166.3,163,89,183,32,8.3
366872110,2025-01-08T00:00:03Z,25.76439,-80.13968,2.1,120.9,,60,34,44,9.0
367752440,2025-01-08T00:00:01Z,43.11655,-70.80974,0.6,343.6,312,31,25,10,
367090310,2025-01-08T00:00:01Z,29.48262,-89.12361,19.0,178.2,,67,26,8,2.0
368112550,2025-01-08T00:00:07Z,29.77743,-93.34286,0.1,280.6,215,50,23,7,
368199810,2025-01-08T00:00:07Z,37.19156,-76.58029,0.0,,,52,9,7,
366999858,2025-01-08T00:00:06Z,35.37084,-120.85847,0.0,179.2,,51,14,4,1.4
366909510,2025-01-08T00:00:02Z,32.8543,-79.95308,0.0,334.9,,52,33,8,4.0
367693160,2025-01-08T00:00:19Z,29.73045,-95.05121,0.0,,303,31,116,34,3.1
367745620,2025-01-08T00:00:04Z,29.72571,-93.86954,0.0,43.4,,67,38,8,2.5
548624000,2025-01-08T00:00:07Z,31.77144,-117.08959,4.2,337.3,341,80,183,32,11.3
538005360,2025-01-08T00:00:02Z,28.86911,-90.11762,0.2,60.0,40,90,230,36,10.5
367596190,2025-01-08T00:00:36Z,29.15182,-89.24743,0.4,232.5,,31,21,8,2.5
368130840,2025-01-08T00:00:02Z,37.82839,-76.27952,0.0,132.8,16,30,130,40,3.0
367702020,2025-01-08T00:00:10Z,30.0089,-90.78974,0.8,245.4,231,31,417,33,3.4
367605150,2025-01-08T00:00:12Z,46.16839,-123.91862,0.0,241.7,350,60,22,7,
368116140,2025-01-08T00:00:00Z,40.74347,-73.97104,0.1,129.9,27,60,28,9,
368335430,2025-01-08T00:00:00Z,29.93438,-90.32398,7.7,72.5,57,52,26,10,3.0
367647050,2025-01-08T00:00:00Z,30.16158,-90.99825,0.0,290.3,340,31,21,10,2.6
367424810,2025-01-08T00:00:01Z,34.14434,-119.21183,0.4,277.4,194,52,18,8,
477185800,2025-01-08T00:00:01Z,33.76588,-127.1338,1.3,209.7,288,80,184,32,10.7
367423730,2025-01-08T00:00:04Z,30.0393,-93.33449,0.0,328.8,358,52,30,12,4.8
368116960,2025-01-08T00:00:01Z,38.93431,-82.11204,4.1,24.5,,52,18,8,2.3
367171430,2025-01-08T00:00:03Z,30.51396,-91.2245,0.0,309.6,68,52,17,7,2.6
366758570,2025-01-08T00:00:02Z,47.65875,-122.37929,0.0,,,30,42,11,4.1
366866280,2025-01-08T00:00:00Z,30.15346,-88.06167,17.1,263.6,,60,48,10,2.0
367306340,2025-01-08T00:00:05Z,27.94064,-82.4425,0.0,,,52,11,5,
368279280,2025-01-08T00:00:01Z,38.08847,-90.21305,0.1,,,52,22,8,
367048390,2025-01-08T00:00:09Z,48.75429,-122.50559,0.0,263.2,,30,23,6,2.9
367098660,2025-01-08T00:00:03Z,30.46813,-91.19302,0.0,297.9,,31,22,8,1.9
368013040,2025-01-08T00:00:02Z,35.72764,-122.08197,8.0,151.2,149,31,162,24,5.8
367012640,2025-01-08T00:00:05Z,39.71683,-75.51658,0.0,253.2,,52,20,8,3.9
368006890,2025-01-08T00:00:04Z,27.82404,-97.48938,0.1,215.3,233,31,27,10,3.0
368067670,2025-01-08T00:00:00Z,32.11398,-81.12718,0.4,38.6,308,70,122,17,
369970145,2025-01-08T00:00:01Z,39.02277,-74.29568,9.6,217.7,220,90,64,15,5.9
636017731,2025-01-08T00:00:04Z,31.86094,-117.47486,17.5,339.2,337,79,202,28,8.8
368382480,2025-01-08T00:00:01Z,29.69958,-91.21417,0.0,163.2,,,17,8,
366972950,2025-01-08T00:00:01Z,29.74125,-95.19711,0.0,276.9,,31,22,9,2.4
367486370,2025-01-08T00:00:01Z,29.32366,-94.78203,0.0,103.4,,70,44,12,2.5
316001251,2025-01-08T00:00:03Z,49.26671,-123.6512,20.5,75.6,79,60,139,27,5.2
232036363,2025-01-08T00:00:05Z,41.1725,-72.53335,14.9,88.3,88,80,183,32,8.3
367471080,2025-01-08T00:00:01Z,33.71761,-118.22823,15.0,250.8,252,60,27,5,2.0
368068030,2025-01-08T00:00:07Z,29.91414,-89.9735,0.2,58.0,48,31,27,9,3.2
367007880,2025-01-08T00:00:37Z,21.30952,-157.86995,0.0,177.7,124,32,30,9,
368370350,2025-01-08T00:00:03Z,29.92572,-90.06003,0.0,204.7,220,57,23,11,3.0
367452650,2025-01-08T00:00:02Z,29.17873,-89.25857,0.0,238.6,247,50,17,5,2.1
367746670,2025-01-08T00:00:07Z,29.706,-95.0362,0.0,237.6,194,31,117,18,3.1
367057620,2025-01-08T00:00:07Z,31.02023,-91.58643,5.1,73.7,59,31,355,55,2.8
352898696,2025-01-08T00:00:03Z,29.60367,-89.85212,12.9,96.3,95,70,199,32,12.0
366984320,2025-01-08T00:00:07Z,30.91679,-91.5604,4.7,279.1,277,52,60,18,3.0
368172430,2025-01-08T00:00:00Z,37.30948,-77.08546,8.0,131.7,131,52,30,10,4.2
255806450,2025-01-08T00:00:00Z,18.1289,-67.69728,10.7,181.9,179,70,180,30,7.2
303100000,2025-01-08T00:00:05Z,26.10294,-80.12035,0.0,232.7,,38,31,7,2.1
369493103,2025-01-08T00:00:01Z,41.52037,-70.66774,0.0,183.0,,51,14,4,1.4
366904940,2025-01-08T00:00:04Z,46.48075,-84.29659,7.4,152.1,151,70,309,32,6.1
338926457,2025-01-08T00:00:00Z,48.47669,-124.72881,27.7,87.6,90,55,46,7,
367754450,2025-01-08T00:00:02Z,40.73035,-73.93828,0.9,33.1,,31,97,14,3.7
367516950,2025-01-08T00:00:03Z,41.14139,-73.88327,5.9,334.4,335,31,33,10,4.5
367702060,2025-01-08T00:00:04Z,29.99268,-90.4332,0.1,354.1,272,31,231,22,2.9
367512870,2025-01-08T00:00:03Z,29.375,-94.8676,0.0,259.1,283,31,27,9,3.1
368023560,2025-01-08T00:00:03Z,26.80814,-80.002,7.2,180.7,171,31,29,10,4.0
256389000,2025-01-08T00:00:05Z,25.32854,-79.83634,18.2,157.0,162,69,249,32,7.0
367364280,2025-01-08T00:00:04Z,29.46704,-90.31223,5.1,341.4,,31,16,7,1.8
368216040,2025-01-08T00:00:06Z,33.92063,-78.06064,0.0,277.2,274,37,21,7,2.2
215181000,2025-01-08T00:00:04Z,35.76511,-74.90189,16.3,179.6,182,71,366,48,13.0
367637490,2025-01-08T00:00:01Z,29.77441,-95.078,0.0,173.7,270,31,114,18,0.8
366942080,2025-01-08T00:00:01Z,28.41607,-80.62313,0.0,,,52,24,10,
367581150,2025-01-08T00:00:01Z,29.30857,-94.80423,0.0,310.4,270,31,23,9,
368115890,2025-01-08T00:00:03Z,29.83483,-91.17892,4.3,318.2,,79,45,16,2.4
367318670,2025-01-08T00:00:37Z,37.01752,-76.34119,0.0,122.6,,36,18,5,
368129990,2025-01-08T00:00:00Z,29.97169,-88.58988,3.3,157.2,,30,26,8,
368169450,2025-01-08T00:00:00Z,29.76315,-95.11277,0.0,357.9,236,31,27,10,2.9
367464840,2025-01-08T00:00:01Z,29.61785,-89.89289,0.6,293.7,,31,9,11,
366920840,2025-01-08T00:00:09Z,29.94629,-90.00584,0.1,286.1,,30,17,5,
316001269,2025-01-08T00:00:08Z,48.8884,-123.28167,19.8,45.2,41,60,167,26,4.4
368116690,2025-01-08T00:00:01Z,29.63831,-91.08813,0.0,0.0,,52,15,6,
636023978,2025-01-08T00:00:37Z,30.13291,-91.0096,0.0,123.7,52,70,225,32,13.5
311018500,2025-01-08T00:00:01Z,18.32805,-64.92833,4.4,168.9,167,60,329,40,9.2
319171700,2025-01-08T00:00:18Z,26.09837,-80.1657,0.0,277.9,348,37,44,8,2.7
367413340,2025-01-08T00:00:09Z,29.25325,-89.97602,0.0,,65,31,54,8,
368103550,2025-01-08T00:00:07Z,38.18669,-90.33205,0.0,299.9,,52,106,14,
368175520,2025-01-08T00:00:04Z,29.45294,-94.84645,8.1,155.1,153,57,286,18,3.0
366945650,2025-01-08T00:00:05Z,30.07023,-90.90139,4.8,324.7,326,31,427,,3.1
367145750,2025-01-08T00:00:02Z,44.37987,-68.96568,0.0,285.4,,52,18,6,2.0
244820055,2025-01-08T00:00:00Z,30.69861,-88.03822,0.0,348.0,348,79,170,20,6.5
367144820,2025-01-08T00:00:07Z,29.54584,-90.70018,0.0,,,31,40,12,18.0
367513420,2025-01-08T00:00:07Z,30.0429,-90.67198,0.0,8.3,238,31,215,34,2.8
367702410,2025-01-08T00:00:00Z,29.99569,-93.94665,0.0,294.6,,52,22,10,2.9
338032349,2025-01-08T00:00:01Z,32.39613,-80.67767,0.7,50.8,,37,13,5,
367419340,2025-01-08T00:00:00Z,38.03998,-122.13782,0.0,44.2,53,52,30,12,6.0
338134000,2025-01-08T00:00:02Z,25.18725,-80.09121,15.1,28.0,26,52,206,24,8.6
369970440,2025-01-08T00:00:02Z,38.86996,-90.15413,0.0,208.6,,90,29,10,
367143160,2025-01-08T00:00:01Z,33.96173,-77.94016,0.0,,,69,51,13,2.0
367057460,2025-01-08T00:00:01Z,30.01355,-90.74185,2.9,98.7,237,31,226,33,3.0
367191190,2025-01-08T00:00:01Z,40.77002,-73.84975,0.0,224.1,346,31,46,24,4.1
367085290,2025-01-08T00:00:03Z,45.30185,-124.52773,4.0,354.7,346,30,24,7,3.0
368067670,2025-01-08T00:00:00Z,32.11398,-81.12718,0.4,38.6,308,70,122,17,
367643980,2025-01-08T00:00:02Z,26.11463,-80.11786,0.0,303.3,,37,31,8,
368127980,2025-01-08T00:00:03Z,26.08217,-80.11623,0.0,320.0,,52,28,10,5.3
338391453,2025-01-08T00:00:01Z,27.79536,-97.39002,0.0,,,36,14,8,
368142220,2025-01-08T00:00:03Z,38.96281,-84.29404,3.7,163.9,165,31,46,14,2.9
368170760,2025-01-08T00:00:09Z,48.61988,-123.00324,0.0,258.6,,37,19,6,2.1
367557410,2025-01-08T00:00:09Z,30.05869,-93.57343,4.0,269.9,268,31,206,12,3.1
367702370,2025-01-08T00:00:01Z,29.99189,-90.80796,0.1,15.7,206,52,22,10,2.8
369493027,2025-01-08T00:00:00Z,46.28121,-124.04627,0.1,197.0,,51,14,4,1.0
367098070,2025-01-08T00:00:00Z,40.64464,-74.03876,0.8,74.6,16,52,30,10,3.4
367011830,2025-01-08T00:00:18Z,38.42372,-82.59896,0.0,220.9,149,31,31,10,2.8
367325760,2025-01-08T00:00:07Z,29.94355,-90.01408,0.0,8.3,,31,33,9,3.1
367320000,2025-01-08T00:00:04Z,26.54026,-80.05529,0.0,121.6,,37,13,4,
367373970,2025-01-08T00:00:03Z,32.7151,-117.17391,0.0,,173,60,22,,2.5
368289320,2025-01-08T00:00:09Z,30.75752,-88.05053,0.0,201.0,281,52,20,9,2.2
367090860,2025-01-08T00:00:06Z,47.98275,-122.21935,0.0,,,31,36,10,5.5
366816410,2025-01-08T00:00:02Z,29.79559,-93.3256,0.0,,,31,39,6,3.8
974017148,2025-01-08T00:00:08Z,26.08578,-80.19492,0.0,131.6,,37,33,8,
338233844,2025-01-08T00:00:09Z,25.3108,-80.27973,0.0,292.9,,37,28,5,
368328130,2025-01-08T00:00:08Z,29.42306,-89.87445,0.0,273.6,,52,15,6,2.0
367308610,2025-01-08T00:00:06Z,32.72136,-117.18991,0.0,274.1,90,32,20,6,3.0
366969740,2025-01-08T00:00:05Z,37.83646,-122.36402,5.3,328.8,,52,20,7,3.6
368207070,2025-01-08T00:00:18Z,47.67843,-122.40742,0.0,342.3,23,37,13,5,1.5
316003768,2025-01-08T00:00:18Z,48.94762,-125.55095,0.0,331.8,,30,23,7,3.0
366926740,2025-01-08T00:00:03Z,33.72828,-118.27428,0.0,202.9,306,52,24,9,4.4
538005788,2025-01-08T00:00:22Z,29.42011,-93.62235,0.0,44.6,32,80,184,27,12.0
256984000,2025-01-08T00:00:08Z,18.30266,-64.13996,8.0,105.1,107,37,54,12,4.0
319300800,2025-01-08T00:00:11Z,25.78619,-80.17916,0.0,,,37,32,8,
338391301,2025-01-08T00:00:09Z,32.72535,-117.18888,0.0,,,37,19,5,
368347280,2025-01-08T00:00:12Z,48.53305,-123.00482,0.0,184.9,129,37,16,5,
338453253,2025-01-08T00:00:02Z,35.84409,-75.62323,0.0,,,30,12,4,
368392990,2025-01-08T00:00:04Z,28.40906,-80.61574,0.0,268.4,269,52,18,6,
368085000,2025-01-08T00:00:03Z,47.62805,-122.38091,0.0,314.5,179,30,104,14,8.0
477019300,2025-01-08T00:00:03Z,36.78391,-75.70833,11.8,86.9,82,70,179,30,7.7
368207430,2025-01-08T00:00:12Z,26.84701,-80.0676,0.1,96.7,,37,25,6,
368078230,2025-01-08T00:00:07Z,40.68723,-74.07533,0.7,334.3,,69,20,6,1.5
338470027,2025-01-08T00:00:12Z,24.78284,-80.7306,8.1,82.0,81,36,14,8,
367766260,2025-01-08T00:00:03Z,42.24413,-70.96899,0.0,254.3,,31,25,12,4.0
367431640,2025-01-08T00:00:05Z,30.21491,-91.0725,7.4,87.2,,52,20,8,3.0
338426267,2025-01-08T00:00:18Z,30.28997,-81.4304,0.0,39.3,28,37,14,6,
366984870,2025-01-08T00:00:01Z,35.18825,-90.0623,5.0,351.0,353,31,421,,3.6
338446072,2025-01-08T00:00:18Z,48.75677,-122.49729,0.0,218.5,189,36,10,4,
338492815,2025-01-08T00:00:22Z,34.24587,-119.26529,0.0,24.9,,37,17,5,
357993000,2025-01-08T00:00:36Z,39.90233,-75.12797,0.0,119.0,16,70,143,22,8.1
477194800,2025-01-08T00:00:08Z,39.52258,-73.40307,2.5,171.9,54,71,366,48,14.5
636093155,2025-01-08T00:00:39Z,29.68215,-94.99297,0.0,335.5,81,79,320,42,10.8
368207090,2025-01-08T00:00:01Z,28.86004,-89.43965,23.5,4.8,,50,18,6,2.0
366994920,2025-01-08T00:00:03Z,44.10447,-69.1024,0.1,171.0,,50,17,5,1.5
367505070,2025-01-08T00:00:19Z,29.40537,-94.74298,0.0,307.3,131,31,120,34,3.1
366998110,2025-01-08T00:00:00Z,30.131,-90.92317,8.3,141.0,145,31,147,22,3.1
368070310,2025-01-08T00:00:00Z,30.00898,-93.97484,0.0,303.6,242,52,114,34,2.8
367340130,2025-01-08T00:00:03Z,39.37334,-74.42708,0.0,,,31,14,5,3.0
368199340,2025-01-08T00:00:09Z,27.92714,-82.59896,2.2,283.1,,52,20,8,2.6
563080300,2025-01-08T00:00:06Z,48.38105,-124.43246,10.7,111.0,115,70,199,32,7.5
258009000,2025-01-08T00:00:00Z,29.50265,-89.70615,10.3,323.1,322,70,204,32,10.4
367575990,2025-01-08T00:00:18Z,41.81531,-71.40039,0.1,170.9,,52,30,10,5.0
366969980,2025-01-08T00:00:00Z,37.87271,-122.45531,0.0,170.4,351,40,47,10,
367604190,2025-01-08T00:00:20Z,45.79325,-122.84307,0.0,,,52,20,8,
368348110,2025-01-08T00:00:02Z,40.65964,-74.0318,0.4,210.6,344,57,89,33,
338754000,2025-01-08T00:00:01Z,47.60105,-122.33909,0.0,301.4,,60,22,7,1.3
368351160,2025-01-08T00:00:03Z,29.74419,-93.86843,0.0,324.4,131,96,,,
316011407,2025-01-08T00:00:03Z,49.15749,-123.62273,18.8,123.9,126,60,160,29,5.3
367007870,2025-01-08T00:00:04Z,20.60493,-156.51388,7.5,321.0,316,52,33,11,
368041830,2025-01-08T00:00:04Z,29.9529,-90.05624,0.0,336.7,179,60,33,8,2.0
367568460,2025-01-08T00:00:04Z,40.97003,-73.09147,15.5,325.7,,60,100,15,4.0
636015956,2025-01-08T00:00:00Z,38.18463,-74.64019,15.8,195.6,197,70,170,26,9.0
367763810,2025-01-08T00:00:05Z,18.28825,-65.63331,0.0,109.9,,37,14,8,
367625810,2025-01-08T00:00:00Z,33.73972,-118.27809,0.0,255.2,8,52,32,12,5.8
368051060,2025-01-08T00:00:00Z,40.64079,-74.19178,8.0,42.3,40,57,123,24,5.1
368210940,2025-01-08T00:00:01Z,40.69907,-74.0413,0.0,58.9,,60,23,7,
339137000,2025-01-08T00:00:03Z,26.26763,-80.08086,0.0,125.2,189,37,36,8,2.5
367135480,2025-01-08T00:00:07Z,29.88646,-92.41157,4.0,279.9,278,52,26,10,3.1
367764630,2025-01-08T00:00:07Z,29.73946,-95.15643,4.4,309.4,311,52,24,12,3.0
368389680,2025-01-08T00:00:04Z,28.19231,-96.191,9.3,337.2,,90,45,10,9.6
368047220,2025-01-08T00:00:08Z,30.13118,-91.024,4.8,321.2,,52,23,9,
367008520,2025-01-08T00:00:05Z,29.36881,-89.35627,0.0,252.4,,52,14,6,1.4
368113590,2025-01-08T00:00:08Z,48.55368,-122.85012,10.3,133.7,,70,27,8,2.0
368040990,2025-01-08T00:00:00Z,48.51311,-122.91625,0.1,182.1,,30,31,,3.0
316009547,2025-01-08T00:00:00Z,48.92557,-123.71386,0.3,208.1,265,60,52,16,2.0
367309210,2025-01-08T00:00:02Z,29.94845,-90.06193,0.0,284.2,353,60,51,12,3.0
367503940,2025-01-08T00:00:00Z,41.67337,-87.43731,0.0,272.3,,31,25,8,
255915762,2025-01-08T00:00:02Z,31.98872,-80.53557,0.2,24.5,2,79,138,21,6.1
367355240,2025-01-08T00:00:02Z,29.95017,-90.02458,5.3,296.4,294,31,114,18,3.3
338429843,2025-01-08T00:00:09Z,33.92997,-77.99689,0.0,35.2,,37,,,
366834350,2025-01-08T00:00:05Z,29.73159,-95.05136,0.0,28.3,122,31,115,18,3.4
367378170,2025-01-08T00:00:01Z,29.24555,-95.0097,6.0,224.1,,31,32,11,2.6
368320760,2025-01-08T00:00:05Z,29.03718,-80.90672,0.2,205.0,,37,12,4,
367603210,2025-01-08T00:00:03Z,29.82031,-93.972,0.0,43.4,58,31,114,34,2.9
369493619,2025-01-08T00:00:00Z,21.30744,-157.87358,0.1,311.0,,51,14,4,
338457901,2025-01-08T00:00:17Z,32.72673,-117.20129,0.0,119.3,268,36,11,4,
338460872,2025-01-08T00:00:21Z,47.6284,-122.39036,0.0,,,36,9,4,
367468730,2025-01-08T00:00:00Z,29.79354,-95.06683,0.0,247.1,,31,20,7,2.6
376132000,2025-01-08T00:00:04Z,27.68071,-82.72323,0.0,,,37,32,7,
367668090,2025-01-08T00:00:04Z,40.51842,-74.24747,0.0,247.6,,31,78,10,2.5
368160970,2025-01-08T00:00:05Z,30.07656,-90.90886,0.0,166.2,,31,30,10,3.0
355170000,2025-01-08T00:00:09Z,47.54847,-122.34017,0.0,184.0,340,70,177,28,9.9
367127110,2025-01-08T00:00:04Z,29.80125,-95.06114,2.2,2.3,,31,15,6,2.5
367175590,2025-01-08T00:00:00Z,46.16723,-123.91708,0.0,198.1,,30,21,6,
367686910,2025-01-08T00:00:04Z,34.71535,-76.7037,0.0,148.6,5,52,27,10,3.4
367705270,2025-01-08T00:00:18Z,43.36296,-124.20088,0.0,,86,52,23,8,2.7
367061190,2025-01-08T00:00:04Z,29.31361,-94.78616,0.0,324.1,177,31,116,18,2.5
367144080,2025-01-08T00:00:00Z,47.56159,-122.53483,0.0,256.5,245,31,40,8,5.0
368224160,2025-01-08T00:00:04Z,28.9457,-90.03067,0.2,,124,20,60,16,5.1
368171390,2025-01-08T00:00:07Z,33.73121,-118.26106,0.1,187.8,248,52,26,10,2.6
258009000,2025-01-08T00:00:00Z,29.9409,-89.99663,0.0,353.1,353,70,204,32,10.4
367151850,2025-01-08T00:00:07Z,30.67112,-88.03116,0.0,143.4,63,31,79,12,3.0
367691010,2025-01-08T00:00:08Z,41.29445,-70.09387,9.7,325.2,324,60,70,18,4.0
367004260,2025-01-08T00:00:03Z,33.75025,-118.16485,7.6,340.1,,52,19,7,2.8
368083770,2025-01-08T00:00:00Z,46.10791,-122.95907,0.1,199.4,,31,15,4,3.1
367505060,2025-01-08T00:00:00Z,29.70612,-95.03768,0.0,241.5,193,31,28,10,3.0
368273540,2025-01-08T00:00:07Z,35.10725,-77.00435,0.0,318.6,,36,11,4,
366939820,2025-01-08T00:00:02Z,40.64549,-74.11381,9.1,68.9,71,52,34,13,4.3
367643270,2025-01-08T00:00:06Z,30.12858,-91.02867,0.0,324.9,41,52,22,10,2.6
367656670,2025-01-08T00:00:05Z,29.74017,-95.16319,0.1,220.2,180,31,206,18,3.1
354315000,2025-01-08T00:00:00Z,29.60928,-89.88194,10.0,113.4,109,70,332,43,13.5
338032000,2025-01-08T00:00:03Z,29.12189,-90.198,0.0,38.7,161,70,84,18,5.3
303461000,2025-01-08T00:00:00Z,40.68655,-74.15919,0.0,245.0,279,52,28,10,3.9
368171260,2025-01-08T00:00:04Z,33.73087,-118.26136,0.1,345.3,260,52,18,8,2.5
367582850,2025-01-08T00:00:06Z,27.83189,-97.12468,5.1,76.2,77,31,117,34,3.1
367740640,2025-01-08T00:00:00Z,32.85604,-79.95586,0.0,161.4,216,52,20,8,2.2
305258000,2025-01-08T00:00:00Z,27.91596,-79.86045,16.5,352.3,349,74,166,25,8.4
369493018,2025-01-08T00:00:02Z,42.04607,-124.26741,0.0,236.2,,51,14,4,1.4
368386690,2025-01-08T00:00:06Z,39.25828,-76.55597,0.0,296.2,171,52,26,11,5.2
367548880,2025-01-08T00:00:22Z,35.84265,-75.62141,0.0,,,30,16,8,
367135470,2025-01-08T00:00:00Z,29.37561,-94.86736,0.0,117.0,284,52,26,10,3.0
366971520,2025-01-08T00:00:01Z,29.7876,-95.07805,1.0,102.6,45,31,88,14,2.4
367542760,2025-01-08T00:00:07Z,29.6498,-94.9703,6.4,156.7,158,52,24,12,2.9
338143803,2025-01-08T00:00:37Z,38.78217,-76.55905,0.0,199.9,,36,13,7,
368129650,2025-01-08T00:00:37Z,32.85568,-79.95531,0.0,285.7,231,52,20,8,
257560000,2025-01-08T00:00:04Z,30.40558,-81.54665,1.3,29.0,21,70,200,32,8.6
367525770,2025-01-08T00:00:00Z,47.65923,-122.38138,0.0,339.5,,79,40,8,3.0
371669000,2025-01-08T00:00:01Z,28.98059,-94.46405,13.7,320.0,321,80,225,36,8.0
368109530,2025-01-08T00:00:02Z,30.38076,-91.22401,0.0,312.6,46,56,278,17,3.1
366622140,2025-01-08T00:00:06Z,47.53831,-122.32912,1.3,335.6,143,32,26,8,4.0
367188940,2025-01-08T00:00:00Z,27.94285,-96.83861,10.6,54.1,,52,29,10,4.6
367304270,2025-01-08T00:00:05Z,36.93961,-76.32758,0.0,257.3,,52,18,14,2.4
367532820,2025-01-08T00:00:04Z,39.1316,-84.71972,0.0,266.0,167,31,347,34,2.8
367001580,2025-01-08T00:00:08Z,29.35783,-90.25121,0.0,263.5,,31,20,6,2.0
368070660,2025-01-08T00:00:03Z,29.75903,-95.11905,0.0,183.1,284,57,119,34,3.0
368077970,2025-01-08T00:00:02Z,27.82467,-97.4361,0.0,304.3,115,52,207,11,2.5
366773070,2025-01-08T00:00:04Z,47.51609,-122.48782,15.0,71.6,76,65,100,24,6.0
368083790,2025-01-08T00:00:06Z,30.14101,-89.64528,0.5,77.7,108,57,213,23,3.3
368063640,2025-01-08T00:00:10Z,35.65349,-89.91873,0.0,175.0,293,31,19,8,2.7
367581670,2025-01-08T00:00:10Z,30.17381,-89.43288,5.5,78.9,78,31,33,11,
367583470,2025-01-08T00:00:03Z,29.84191,-91.9474,6.4,80.5,76,31,312,18,2.8
367081140,2025-01-08T00:00:00Z,29.92093,-89.94274,0.1,78.8,,31,67,26,2.9
367187130,2025-01-08T00:00:03Z,29.73612,-93.8814,0.0,,,60,10,6,
367081140,2025-01-08T00:00:00Z,29.92094,-89.94272,0.0,66.0,,31,67,26,2.9
368183750,2025-01-08T00:00:06Z,47.62922,-122.38773,0.0,193.6,,37,8,3,
367473540,2025-01-08T00:00:02Z,32.08723,-81.09871,0.0,245.0,,31,20,7,4.0
367620210,2025-01-08T00:00:03Z,29.78565,-95.09586,0.0,47.9,340,31,112,18,3.2
368360650,2025-01-08T00:00:00Z,29.60073,-89.85164,0.0,256.1,297,31,30,13,
366967710,2025-01-08T00:00:02Z,30.04912,-90.53736,0.0,90.9,276,52,20,9,2.9
366893680,2025-01-08T00:00:01Z,26.09642,-80.16067,0.0,,,37,22,18,3.6
367605130,2025-01-08T00:00:05Z,29.72092,-95.24974,0.0,314.8,121,31,25,10,23.2
367672140,2025-01-08T00:00:06Z,33.72354,-118.28044,0.0,112.6,,60,25,6,
538071476,2025-01-08T00:00:20Z,18.33485,-64.92063,0.0,71.6,71,37,122,17,4.4
367733950,2025-01-08T00:00:00Z,48.48506,-122.60923,0.0,219.4,114,37,10,3,
368121960,2025-01-08T00:00:06Z,38.55926,-82.78683,6.2,100.9,101,31,26,11,2.8
368271360,2025-01-08T00:00:04Z,29.31483,-94.79596,0.0,,,60,31,25,1.9
367120230,2025-01-08T00:00:04Z,39.8926,-75.19146,0.1,275.3,,52,24,9,3.5
369970481,2025-01-08T00:00:07Z,38.98385,-76.46737,0.0,320.4,311,99,36,8,2.5
367174060,2025-01-08T00:00:04Z,41.63334,-70.90635,0.0,32.7,82,69,71,18,3.2
366983830,2025-01-08T00:00:00Z,37.7362,-122.25769,3.7,30.5,24,60,33,10,3.0
563161200,2025-01-08T00:00:01Z,35.18665,-121.74205,18.2,327.2,328,71,334,48,11.1
636016658,2025-01-08T00:00:06Z,21.67603,-158.79744,2.2,17.9,182,80,160,25,8.5
368156470,2025-01-08T00:00:00Z,32.6894,-80.22316,0.0,312.7,271,31,25,8,2.5
367047150,2025-01-08T00:00:10Z,45.56527,-122.73399,0.0,231.2,137,52,34,12,3.8
563102700,2025-01-08T00:00:07Z,32.67301,-121.46579,13.2,153.0,156,89,183,32,12.2
440186000,2025-01-08T00:00:06Z,49.30135,-123.08312,0.0,191.3,91,70,230,38,7.1
367505670,2025-01-08T00:00:07Z,38.43882,-90.28435,0.0,95.0,12,31,472,44,3.2
368195880,2025-01-08T00:00:00Z,30.39359,-88.26569,0.0,,,30,28,8,
367441040,2025-01-08T00:00:07Z,38.41277,-82.49079,0.0,134.2,70,52,34,8,2.9
366969480,2025-01-08T00:00:02Z,37.79979,-122.33089,0.0,45.5,284,52,15,6,
368081160,2025-01-08T00:00:02Z,40.70194,-73.9736,0.8,166.3,138,60,29,8,2.0
367496980,2025-01-08T00:00:04Z,30.28127,-91.31595,0.0,269.6,200,31,210,17,2.8
367743760,2025-01-08T00:00:02Z,30.11529,-90.99639,0.0,8.1,276,31,67,18,2.9
367658440,2025-01-08T00:00:00Z,29.83925,-90.0619,4.0,203.7,203,31,24,9,3.1
368138010,2025-01-08T00:00:00Z,40.47823,-73.86043,2.6,88.4,39,50,58,14,
368322260,2025-01-08T00:00:04Z,29.73652,-95.20474,7.9,206.8,204,52,26,12,
367571070,2025-01-08T00:00:00Z,26.0907,-80.17435,0.0,206.2,357,37,36,9,2.0
367704260,2025-01-08T00:00:01Z,30.03868,-90.67852,0.3,,,60,16,4,
368084540,2025-01-08T00:00:05Z,33.76647,-118.27769,0.0,181.2,165,52,28,10,5.5
338224334,2025-01-08T00:00:04Z,27.83807,-97.05226,0.0,224.1,,,,,
367010030,2025-01-08T00:00:08Z,29.46703,-94.64799,4.6,245.9,247,31,23,9,3.0
319063200,2025-01-08T00:00:07Z,18.22401,-64.44217,10.1,99.3,99,37,48,9,2.6
257470000,2025-01-08T00:00:18Z,32.07883,-81.06707,0.0,248.5,76,70,108,18,5.1
338400053,2025-01-08T00:00:12Z,32.76896,-117.23567,0.1,211.1,,30,16,6,2.0
367145680,2025-01-08T00:00:04Z,42.59401,-73.75872,0.1,254.9,345,31,122,18,4.3
367186340,2025-01-08T00:00:00Z,30.03887,-90.67821,0.0,108.3,146,52,27,9,2.7
310764000,2025-01-08T00:00:06Z,23.16325,-79.86605,19.1,108.5,109,71,294,32,12.4
316012342,2025-01-08T00:00:05Z,49.18857,-122.67906,7.3,64.2,41,31,8,10,
366845050,2025-01-08T00:00:00Z,29.31226,-94.80271,0.0,300.6,,40,33,7,1.5
319048800,2025-01-08T00:00:01Z,17.84694,-66.69445,12.1,269.7,271,37,73,14,4.2
367762080,2025-01-08T00:00:06Z,30.39802,-81.55225,0.0,,,52,27,10,
319563000,2025-01-08T00:00:02Z,26.09792,-80.16315,0.0,268.3,91,37,40,11,2.5
367076210,2025-01-08T00:00:02Z,39.89514,-75.20835,0.4,277.5,82,52,30,10,4.9
368009990,2025-01-08T00:00:08Z,34.72578,-90.4834,0.1,326.1,68,31,48,16,2.8
367158710,2025-01-08T00:00:02Z,33.77852,-78.51315,4.9,156.0,,60,49,11,
338139461,2025-01-08T00:00:07Z,36.84955,-76.31538,0.0,250.8,,52,17,7,2.5
316039402,2025-01-08T00:00:03Z,48.74759,-123.22775,0.0,17.4,26,40,10,4,
319048700,2025-01-08T00:00:00Z,30.14389,-85.72764,0.0,59.9,,37,24,6,
368180820,2025-01-08T00:00:35Z,29.61445,-95.00697,0.0,0.3,352,31,17,7,2.6
367199310,2025-01-08T00:00:01Z,33.76305,-118.19944,0.0,276.6,,40,42,12,3.7
212557000,2025-01-08T00:00:01Z,18.52969,-66.12776,6.9,184.9,183,70,222,30,10.4
367635760,2025-01-08T00:00:01Z,43.35882,-124.34947,6.8,298.9,,30,20,7,
367750740,2025-01-08T00:00:02Z,45.62179,-122.67567,0.1,74.3,282,52,19,6,3.5
316016328,2025-01-08T00:00:05Z,49.14998,-122.99928,0.0,223.5,150,52,13,6,2.5
367548230,2025-01-08T00:00:05Z,29.94614,-90.30486,0.0,209.7,,31,17,9,3.3
368018310,2025-01-08T00:00:07Z,29.6591,-91.10012,0.0,,,52,21,9,4.0
367666110,2025-01-08T00:00:08Z,29.70795,-90.16893,3.9,34.8,,31,12,8,2.0
367733240,2025-01-08T00:00:05Z,38.40014,-82.5424,5.6,261.5,,52,18,7,2.3
368192230,2025-01-08T00:00:02Z,29.67317,-94.21659,6.9,241.6,,52,23,11,3.0
338145686,2025-01-08T00:00:03Z,33.72626,-118.26905,0.2,251.4,,90,9,,
636015336,2025-01-08T00:00:01Z,37.76733,-122.65893,9.3,89.3,90,80,183,32,11.1
366779420,2025-01-08T00:00:04Z,36.85629,-75.7834,2.4,312.2,313,31,42,13,7.0
636016275,2025-01-08T00:00:17Z,40.63298,-74.20224,0.0,210.8,199,80,244,42,12.4
367547030,2025-01-08T00:00:09Z,30.05947,-93.49459,4.3,267.1,269,31,115,34,2.8
367331110,2025-01-08T00:00:00Z,29.74448,-93.86871,0.0,54.0,316,52,32,14,7.3
368341960,2025-01-08T00:00:02Z,30.21478,-91.0737,7.4,83.3,87,52,22,10,
367095660,2025-01-08T00:00:01Z,29.23777,-95.01928,5.1,226.4,226,31,23,8,3.0
367304380,2025-01-08T00:00:03Z,30.39075,-81.47603,0.0,292.1,,52,20,9,2.4
368006080,2025-01-08T00:00:08Z,26.09793,-80.16714,0.0,332.1,32,37,34,8,2.0
367034170,2025-01-08T00:00:05Z,29.94176,-91.8377,0.0,2.3,,90,28,50,3.0
316004457,2025-01-08T00:00:01Z,48.42249,-123.36974,0.0,120.0,,37,10,4,
367164240,2025-01-08T00:00:00Z,29.96664,-93.8585,0.0,261.5,,52,28,10,4.2
367189940,2025-01-08T00:00:01Z,27.87044,-97.0477,0.4,227.8,202,52,18,9,
538009022,2025-01-08T00:00:07Z,23.60723,-81.83253,15.9,248.0,250,84,299,46,9.6
367087180,2025-01-08T00:00:09Z,30.02246,-93.98382,0.0,215.0,263,31,27,9,2.9
367151240,2025-01-08T00:00:04Z,21.31014,-157.86883,0.1,216.3,,52,23,8,3.3
319236300,2025-01-08T00:00:04Z,26.09787,-80.16771,0.0,243.4,36,37,43,8,2.7
316052473,2025-01-08T00:00:07Z,49.29078,-122.97397,0.0,77.1,231,52,20,10,4.6
368305000,2025-01-08T00:00:00Z,37.48214,-123.36684,19.2,252.0,252,70,217,32,9.5
367713780,2025-01-08T00:00:09Z,29.7203,-93.86544,0.0,311.6,231,50,17,6,
368159190,2025-01-08T00:00:01Z,33.73721,-118.21698,0.5,235.9,66,50,21,6,
367776270,2025-01-08T00:00:01Z,40.73154,-73.96363,0.0,290.7,177,60,26,8,2.0
367686940,2025-01-08T00:00:01Z,40.51615,-74.24539,0.0,,,31,24,8,
367139980,2025-01-08T00:00:02Z,30.04578,-90.51747,0.0,55.5,66,31,361,,3.1
368379370,2025-01-08T00:00:02Z,41.59039,-71.38661,1.0,105.9,206,40,30,11,1.8
367658890,2025-01-08T00:00:08Z,29.9964,-90.43335,5.0,269.3,268,52,30,10,
338871000,2025-01-08T00:00:07Z,29.96832,-93.85929,0.0,34.8,44,52,30,10,4.3
316030626,2025-01-08T00:00:01Z,48.80146,-123.35809,12.7,99.8,99,60,107,24,4.6
367078410,2025-01-08T00:00:05Z,29.77627,-93.93888,0.0,,,31,23,9,8.0
477019500,2025-01-08T00:00:20Z,29.9241,-89.93618,0.0,148.5,277,70,179,30,10.8
309108000,2025-01-08T00:00:04Z,34.42925,-75.83333,13.4,42.9,36,70,200,32,8.9
367570920,2025-01-08T00:00:08Z,29.61579,-89.88738,0.0,162.0,,52,20,8,2.7
338033000,2025-01-08T00:00:00Z,20.73689,-157.04925,8.5,125.5,131,31,37,11,6.0
367755970,2025-01-08T00:00:00Z,29.80543,-93.95435,0.1,252.4,,33,133,44,
366938770,2025-01-08T00:00:01Z,41.62775,-87.32292,4.5,51.7,58,70,215,23,8.7
367422770,2025-01-08T00:00:02Z,30.12868,-90.91815,0.1,328.7,,31,28,10,3.3
367351740,2025-01-08T00:00:02Z,29.6023,-89.86128,0.8,346.6,,60,12,4,
368237370,2025-01-08T00:00:02Z,29.6633,-89.56985,0.0,277.9,,31,14,6,
367153950,2025-01-08T00:00:18Z,29.09576,-91.2876,0.0,285.6,299,90,66,13,4.0
366948310,2025-01-08T00:00:04Z,36.83863,-76.29125,0.0,299.2,151,52,20,8,2.5
367081140,2025-01-08T00:00:00Z,29.92409,-89.93252,0.0,247.8,,31,67,26,2.9
316007654,2025-01-08T00:00:02Z,49.46691,-123.74859,0.3,156.7,205,31,16,4,4.0
368092290,2025-01-08T00:00:00Z,43.87416,-69.4907,0.1,17.6,,30,14,5,
338236936,2025-01-08T00:00:00Z,35.10253,-77.0411,0.0,118.2,,36,10,2,
338457000,2025-01-08T00:00:03Z,18.32764,-64.79369,0.0,,,69,36,16,2.5
366974110,2025-01-08T00:00:00Z,43.33399,-124.31801,0.0,,,30,21,6,
366921740,2025-01-08T00:00:38Z,29.71926,-95.24453,6.0,105.2,,52,30,12,5.0
367712860,2025-01-08T00:00:03Z,47.72989,-122.26887,6.3,347.3,346,31,20,7,2.2
367692620,2025-01-08T00:00:04Z,32.58445,-117.39267,6.6,247.6,247,30,23,8,
243710128,2025-01-08T00:00:01Z,26.06311,-79.79942,2.3,7.1,,,,,
368143050,2025-01-08T00:00:04Z,40.66131,-74.05188,17.5,204.8,23,69,98,21,4.0
367588670,2025-01-08T00:00:05Z,29.57025,-89.79742,0.0,286.2,,31,45,10,1.4
368009830,2025-01-08T00:00:02Z,48.04067,-122.76268,0.0,235.1,,36,14,4,
367505040,2025-01-08T00:00:22Z,29.96544,-90.39812,0.0,285.2,353,31,115,33,2.8
369493315,2025-01-08T00:00:02Z,42.04607,-124.26739,0.0,304.1,,51,14,4,1.4
366892660,2025-01-08T00:00:38Z,28.94248,-95.32773,0.0,208.1,,31,115,18,3.0
366981360,2025-01-08T00:00:04Z,37.80894,-122.41088,0.0,,,60,29,9,3.0
367110280,2025-01-08T00:00:05Z,40.63886,-74.1559,0.0,,,31,21,8,3.7
366939780,2025-01-08T00:00:03Z,41.34532,-71.44031,5.8,164.3,163,52,34,10,4.6
367456770,2025-01-08T00:00:03Z,29.93827,-90.32163,0.0,334.1,62,31,206,18,3.0
367627350,2025-01-08T00:00:05Z,29.0071,-90.1595,0.0,280.4,,90,20,24,1.8
215001000,2025-01-08T00:00:03Z,18.19373,-64.66127,12.1,240.5,241,69,190,24,6.0
316011515,2025-01-08T00:00:00Z,48.99938,-123.28001,19.6,8.6,8,35,33,8,2.6
367396670,2025-01-08T00:00:05Z,37.79751,-122.32873,3.4,110.7,,52,26,10,4.4
316031481,2025-01-08T00:00:40Z,49.52375,-123.47733,1.9,149.8,154,52,16,6,3.2
367326360,2025-01-08T00:00:00Z,47.66349,-122.39234,0.0,299.9,183,30,35,10,4.0
367156370,2025-01-08T00:00:03Z,40.84275,-72.48156,0.0,,,31,14,4,
367141250,2025-01-08T00:00:06Z,39.21186,-76.48007,0.0,210.2,83,52,38,10,5.0
367725880,2025-01-08T00:00:03Z,36.83701,-76.27094,0.0,233.8,4,52,22,7,2.6
368321640,2025-01-08T00:00:05Z,27.82111,-97.20834,0.0,310.6,85,52,115,34,2.8
366887300,2025-01-08T00:00:07Z,47.2695,-122.39792,0.0,129.7,317,52,39,11,5.4
367354350,2025-01-08T00:00:00Z,41.15372,-72.23993,1.8,310.0,310,60,72,17,4.0
367005970,2025-01-08T00:00:01Z,29.58165,-90.37773,0.0,142.2,200,52,21,8,2.9
367708150,2025-01-08T00:00:01Z,29.76255,-95.08719,4.1,245.0,242,52,24,12,
338227000,2025-01-08T00:00:04Z,40.64256,-125.61514,13.4,179.9,177,80,183,32,11.8
367393650,2025-01-08T00:00:09Z,31.00494,-91.66321,0.7,230.0,,30,16,6,4.0
319154100,2025-01-08T00:00:00Z,17.90455,-64.55156,7.3,85.7,83,37,64,12,3.5
367082220,2025-01-08T00:00:08Z,46.14659,-84.03506,9.9,128.9,129,70,201,21,8.3
367171930,2025-01-08T00:00:02Z,29.93855,-90.00606,0.0,135.8,304,31,27,10,3.1
353069000,2025-01-08T00:00:02Z,29.88562,-89.90632,0.0,22.0,358,82,150,25,9.8
366996570,2025-01-08T00:00:05Z,29.78759,-95.06868,0.0,231.3,326,52,19,8,2.1
338383654,2025-01-08T00:00:19Z,47.33483,-122.58511,0.0,217.8,,37,10,3,
367165450,2025-01-08T00:00:03Z,40.67906,-74.14603,0.0,291.0,131,32,34,24,5.0
367423260,2025-01-08T00:00:01Z,30.18085,-89.34366,6.8,272.4,,31,171,17,7.6
367344010,2025-01-08T00:00:05Z,42.32467,-87.77053,7.3,327.7,,31,15,8,2.5
352898806,2025-01-08T00:00:10Z,25.80109,-80.25152,0.0,0.0,129,75,59,14,2.2
368254630,2025-01-08T00:00:02Z,29.65379,-90.10707,0.0,,,52,15,6,
316014550,2025-01-08T00:00:05Z,48.43307,-123.43237,0.0,328.6,200,35,,,5.9
367312280,2025-01-08T00:00:03Z,47.65671,-122.38019,0.0,,,52,14,,
367472940,2025-01-08T00:00:08Z,38.40193,-82.56567,0.0,187.0,,52,44,14,3.0
367514360,2025-01-08T00:00:09Z,29.95231,-90.38862,0.0,335.3,126,30,207,18,3.3
367684370,2025-01-08T00:00:00Z,39.10871,-84.69816,0.0,,,31,19,7,
367682990,2025-01-08T00:00:00Z,27.82141,-97.479,0.0,309.4,110,31,27,9,2.9
367673340,2025-01-08T00:00:05Z,29.93464,-89.98725,0.0,289.2,,31,114,18,3.1
367737720,2025-01-08T00:00:03Z,28.88077,-95.26558,6.7,152.4,,70,47,12,3.0
367341190,2025-01-08T00:00:08Z,40.54391,-74.24743,0.0,187.8,53,31,108,31,4.4
368012560,2025-01-08T00:00:03Z,40.94978,-73.0748,0.0,28.4,125,31,25,8,3.7
367592280,2025-01-08T00:00:00Z,30.40017,-81.43266,0.0,,,52,15,7,
367763450,2025-01-08T00:00:03Z,30.28413,-87.56449,0.0,278.0,,37,20,6,
367658000,2025-01-08T00:00:00Z,47.6293,-122.38385,0.0,263.2,1,30,55,12,4.3
367327970,2025-01-08T00:00:04Z,35.10638,-90.0845,0.0,282.2,276,31,126,18,3.0
352003638,2025-01-08T00:00:05Z,29.16055,-94.67515,0.0,91.0,48,80,230,37,8.8
338439617,2025-01-08T00:00:01Z,32.11412,-81.12481,0.6,207.9,,,9,6,
367357320,2025-01-08T00:00:22Z,30.80223,-81.51782,0.0,,,31,34,13,5.7
367473530,2025-01-08T00:00:01Z,32.42858,-80.66428,2.0,266.6,,31,16,8,2.6
368164880,2025-01-08T00:00:04Z,26.08853,-80.1992,0.0,,,37,14,5,
367198950,2025-01-08T00:00:02Z,41.90742,-74.00387,0.1,247.7,105,52,23,9,3.0
367469070,2025-01-08T00:00:06Z,37.86829,-122.31492,0.0,0.0,,60,29,7,2.0
368292060,2025-01-08T00:00:06Z,39.25264,-76.48978,0.0,139.9,,36,10,3,
368157020,2025-01-08T00:00:03Z,37.2661,-76.02134,0.0,346.0,,30,27,7,
368392310,2025-01-08T00:00:05Z,26.8401,-80.06624,4.6,356.3,357,52,21,9,2.5
367789310,2025-01-08T00:00:36Z,29.14223,-90.20551,0.5,348.5,322,70,95,20,5.7
367135790,2025-01-08T00:00:06Z,29.72036,-93.8654,0.0,158.1,235,37,18,5,
369010000,2025-01-08T00:00:05Z,39.36723,-74.39624,0.3,147.3,,33,160,20,12.0
368110390,2025-01-08T00:00:05Z,29.94054,-90.00892,0.0,293.1,,52,204,18,2.6
367531670,2025-01-08T00:00:01Z,40.6293,-74.07183,0.1,,,51,10,4,
355211000,2025-01-08T00:00:00Z,46.10636,-122.95657,0.0,300.6,122,70,199,32,7.0
367057630,2025-01-08T00:00:02Z,34.67023,-90.56952,4.3,18.5,13,31,355,55,3.2
367583170,2025-01-08T00:00:04Z,28.7538,-89.55352,8.2,98.2,92,90,95,16,4.0
368168970,2025-01-08T00:00:05Z,39.09231,-84.55624,0.0,255.3,216,52,22,9,2.8
367001310,2025-01-08T00:00:08Z,29.6772,-91.2251,0.0,264.7,,90,12,4,1.8
367350790,2025-01-08T00:00:05Z,48.60866,-123.15496,0.0,110.9,,60,16,5,
367638020,2025-01-08T00:00:00Z,29.97388,-90.3994,0.0,240.0,344,31,357,,3.4
367430850,2025-01-08T00:00:04Z,29.67463,-94.97719,3.5,158.5,,31,33,16,3.1
368073550,2025-01-08T00:00:05Z,29.81677,-90.00584,0.0,280.1,,60,15,5,1.0
367704190,2025-01-08T00:00:06Z,40.68587,-74.07713,0.0,128.7,231,52,19,7,3.7
339435000,2025-01-08T00:00:08Z,26.74944,-80.04922,0.0,91.3,269,37,52,9,3.5
316003616,2025-01-08T00:00:02Z,42.26801,-83.10263,0.0,202.9,,31,22,6,
316009853,2025-01-08T00:00:10Z,49.08567,-123.10991,0.0,,,30,18,3,
368378660,2025-01-08T00:00:05Z,41.64351,-70.9162,0.0,266.8,160,49,29,9,
338380563,2025-01-08T00:00:01Z,33.75805,-118.186,0.0,,,37,13,4,
316039018,2025-01-08T00:00:05Z,48.76465,-123.05993,10.3,243.5,234,52,32,13,5.8
368260710,2025-01-08T00:00:01Z,36.85867,-76.34688,0.0,,335,52,21,9,3.0
367317630,2025-01-08T00:00:04Z,29.98603,-93.90066,0.0,276.6,,52,36,10,
367457250,2025-01-08T00:00:01Z,29.32025,-94.6664,27.9,119.1,116,50,22,6,
368084240,2025-01-08T00:00:03Z,43.64418,-124.68638,7.4,177.4,180,52,34,10,0.7
367299580,2025-01-08T00:00:03Z,27.83523,-97.38602,5.1,225.6,,60,14,5,
368102360,2025-01-08T00:00:00Z,38.5133,-90.26823,10.4,198.1,197,52,22,10,2.7
368373790,2025-01-08T00:00:04Z,26.33711,-97.48971,4.8,265.9,263,57,115,34,3.0
580067000,2025-01-08T00:00:00Z,38.06081,-90.12492,3.9,325.0,,31,47,14,2.6
367787130,2025-01-08T00:00:03Z,42.29239,-83.14389,0.0,219.9,,31,31,9,4.0
368129630,2025-01-08T00:00:02Z,29.93213,-89.98839,8.5,125.4,,52,20,8,3.5
338693000,2025-01-08T00:00:06Z,47.62831,-122.38377,,,358,30,67,15,4.5
367508630,2025-01-08T00:00:18Z,40.7046,-73.97243,0.2,,,51,10,4,
338302029,2025-01-08T00:00:04Z,27.36884,-82.61844,0.0,283.2,,37,11,4,
368307550,2025-01-08T00:00:03Z,27.83794,-97.50581,0.0,14.7,306,52,26,9,3.4
366961550,2025-01-08T00:00:05Z,30.04938,-90.53933,0.0,43.0,279,31,79,12,2.5
367481630,2025-01-08T00:00:08Z,38.5888,-90.19783,0.0,63.0,52,31,22,5,2.7
367057660,2025-01-08T00:00:07Z,41.70952,-87.54478,0.0,252.2,,52,26,10,3.1
366999275,2025-01-08T00:00:05Z,36.85731,-76.30777,0.0,191.4,,90,17,6,
368330810,2025-01-08T00:00:01Z,30.28216,-88.91811,6.0,85.9,86,57,112,34,3.1
367165430,2025-01-08T00:00:04Z,40.67294,-74.13577,6.8,26.9,32,52,32,9,4.1
368131310,2025-01-08T00:00:08Z,41.66136,-87.45068,0.9,13.1,54,57,128,18,2.9
368047590,2025-01-08T00:00:02Z,26.7736,-80.05145,0.0,276.6,,36,15,4,
367680370,2025-01-08T00:00:03Z,36.80821,-76.28676,0.0,256.3,,31,23,7,2.5
368014430,2025-01-08T00:00:08Z,29.78281,-92.19805,3.4,290.6,290,31,119,34,2.9
368289350,2025-01-08T00:00:08Z,30.1328,-90.9217,0.0,280.7,,52,81,12,3.0
367568350,2025-01-08T00:00:10Z,34.24024,-119.26251,0.0,224.4,,67,23,7,
368357020,2025-01-08T00:00:07Z,29.73906,-94.08776,3.9,229.9,229,57,207,23,3.0
338313036,2025-01-08T00:00:19Z,33.61585,-117.91706,0.0,308.9,,37,20,4,
304844000,2025-01-08T00:00:02Z,26.04602,-79.82431,7.2,115.5,126,70,138,11,2.1
367468610,2025-01-08T00:00:05Z,29.62415,-91.03807,4.2,275.8,,31,13,9,2.9
368120080,2025-01-08T00:00:00Z,29.60222,-89.86124,0.0,303.0,,50,10,8,
368001440,2025-01-08T00:00:07Z,29.32867,-94.66648,13.3,116.0,118,50,26,13,2.8
316001222,2025-01-08T00:00:07Z,49.19831,-123.10123,0.0,258.1,,52,19,7,4.3
338188541,2025-01-08T00:00:04Z,26.11442,-80.10713,0.0,116.4,,37,20,6,
368248520,2025-01-08T00:00:06Z,37.77105,-122.30009,0.0,58.8,92,60,40,11,
367453040,2025-01-08T00:00:38Z,46.1672,-123.91813,0.0,19.2,,30,22,6,
367045610,2025-01-08T00:00:36Z,21.31305,-157.86654,0.1,182.3,,30,28,8,
367999470,2025-01-08T00:00:38Z,26.83254,-80.05455,0.0,269.5,,37,34,8,
367778460,2025-01-08T00:00:39Z,24.56275,-81.80303,0.0,45.3,,37,13,4,
369493647,2025-01-08T00:00:03Z,29.72837,-93.87038,0.0,,,51,14,4,
338300347,2025-01-08T00:00:05Z,40.01436,-74.08893,0.0,,,37,,,
368156620,2025-01-08T00:00:04Z,26.76034,-80.04308,0.1,,,36,14,5,
319133200,2025-01-08T00:00:03Z,18.3352,-64.92234,0.0,168.0,251,37,55,9,
316009843,2025-01-08T00:00:00Z,49.31149,-123.10689,0.0,345.8,,52,13,6,3.5
368242740,2025-01-08T00:00:00Z,33.75357,-118.11447,0.0,68.5,,37,17,6,
367004560,2025-01-08T00:00:00Z,29.629,-89.91206,0.1,4.8,,31,14,11,3.0
367368480,2025-01-08T00:00:00Z,32.08195,-81.06545,0.0,315.5,,31,29,7,
366997920,2025-01-08T00:00:02Z,30.42401,-91.1955,0.1,115.8,6,31,85,12,3.1
367393270,2025-01-08T00:00:03Z,34.18234,-119.46978,0.1,29.6,,60,32,7,
319777000,2025-01-08T00:00:07Z,26.06157,-80.13482,0.0,345.8,265,37,60,10,2.9
367049010,2025-01-08T00:00:04Z,29.87858,-89.89946,0.1,349.4,,30,13,5,
366811310,2025-01-08T00:00:02Z,47.27634,-122.38843,0.0,339.6,291,31,30,8,4.3
367516470,2025-01-08T00:00:06Z,43.37204,-124.2103,0.0,,191,52,32,13,4.5
367486980,2025-01-08T00:00:01Z,28.64569,-96.06601,3.6,43.1,45,31,96,16,2.5
367124390,2025-01-08T00:00:03Z,48.71207,-122.72307,8.3,330.5,333,54,36,9,3.0
255915868,2025-01-08T00:00:05Z,29.74333,-95.09838,0.0,328.0,319,80,160,27,6.7
316036228,2025-01-08T00:00:04Z,42.5363,-80.0185,10.7,36.4,31,70,194,21,7.4
368090850,2025-01-08T00:00:06Z,30.05133,-94.02847,6.5,345.6,,31,22,9,3.0
368227370,2025-01-08T00:00:00Z,42.36793,-71.05991,0.0,231.1,,60,21,4,2.0
367139030,2025-01-08T00:00:10Z,25.31382,-80.27942,0.0,122.5,358,37,38,7,2.1
368170890,2025-01-08T00:00:02Z,29.80228,-95.07402,6.1,244.4,243,31,23,11,
338663000,2025-01-08T00:00:05Z,28.99276,-90.16859,0.1,221.2,53,70,73,17,5.0
368009780,2025-01-08T00:00:11Z,40.53927,-74.25418,0.0,238.7,176,52,24,9,3.3
256001317,2025-01-08T00:00:00Z,26.45858,-80.06362,0.0,,,37,,,
368200390,2025-01-08T00:00:01Z,30.73516,-91.56852,4.7,290.6,293,52,236,16,3.1
338330892,2025-01-08T00:00:00Z,26.15746,-80.10368,0.0,,,37,16,9,
366862680,2025-01-08T00:00:03Z,37.74611,-122.35952,10.2,150.1,,52,14,7,2.4
366995670,2025-01-08T00:00:00Z,28.95054,-95.3315,5.1,173.1,182,31,78,15,2.3
367642530,2025-01-08T00:00:01Z,47.26223,-122.4321,0.0,264.8,159,31,24,10,
368236130,2025-01-08T00:00:08Z,26.82829,-80.07112,0.0,181.0,,37,23,6,
366892730,2025-01-08T00:00:10Z,35.23916,-75.78598,8.8,201.2,,60,51,13,3.2
316056446,2025-01-08T00:00:06Z,42.98304,-82.40972,0.0,,,99,15,5,
366806920,2025-01-08T00:00:05Z,28.89387,-95.40678,0.0,73.3,,31,121,34,3.1
366793760,2025-01-08T00:00:04Z,32.72327,-117.17466,0.0,249.0,,60,49,12,3.3
367672390,2025-01-08T00:00:06Z,48.75142,-122.48708,0.0,259.0,45,30,28,8,3.5
366847780,2025-01-08T00:00:36Z,29.11658,-88.92357,4.6,40.7,43,31,30,8,5.0
368756000,2025-01-08T00:00:03Z,35.07437,-90.12675,0.0,289.3,277,33,106,20,
366651000,2025-01-08T00:00:04Z,40.75867,-74.0225,0.0,283.6,,60,30,8,3.1
367310330,2025-01-08T00:00:00Z,29.79048,-92.14282,0.0,279.9,,60,38,8,2.4
367677450,2025-01-08T00:00:00Z,29.9935,-90.44968,1.6,345.7,307,31,208,18,2.7
367552160,2025-01-08T00:00:01Z,26.11874,-80.11687,0.0,249.2,,37,34,8,1.9
368055920,2025-01-08T00:00:00Z,29.63258,-89.91757,1.2,100.5,336,52,144,43,2.4
367738490,2025-01-08T00:00:04Z,42.28086,-83.12668,0.0,246.3,,52,33,10,5.5
366760710,2025-01-08T00:00:04Z,33.76753,-118.21685,0.0,251.0,,31,20,8,2.2
368224210,2025-01-08T00:00:03Z,27.82243,-97.48554,0.0,297.1,202,52,27,10,3.1
366811570,2025-01-08T00:00:01Z,30.7382,-88.04491,6.4,315.4,315,31,81,22,2.8
338143158,2025-01-08T00:00:03Z,30.79792,-81.51327,0.1,8.8,,33,82,,
244730000,2025-01-08T00:00:09Z,30.40831,-81.58541,12.9,123.5,126,70,173,25,8.2
636016363,2025-01-08T00:00:20Z,25.99925,-79.50353,11.5,192.0,193,80,145,24,5.6
367751050,2025-01-08T00:00:08Z,30.39729,-91.21891,0.0,351.9,212,31,422,,3.6
366953870,2025-01-08T00:00:07Z,30.04938,-90.52737,0.0,47.0,75,31,223,43,3.4
368078690,2025-01-08T00:00:08Z,29.97005,-90.24304,0.0,32.9,290,57,211,17,3.1
367004560,2025-01-08T00:00:00Z,29.62897,-89.91208,0.0,4.3,,31,14,11,3.0
367406770,2025-01-08T00:00:01Z,29.96326,-90.39603,17.9,340.2,,60,14,5,
367638120,2025-01-08T00:00:09Z,29.97237,-90.3992,0.0,277.0,256,52,52,15,3.3
368798000,2025-01-08T00:00:06Z,37.77918,-122.24837,0.0,278.1,306,55,128,16,6.8
367379290,2025-01-08T00:00:00Z,30.09018,-93.3256,4.8,49.2,44,31,21,8,3.0
367702430,2025-01-08T00:00:01Z,29.99259,-90.80699,0.0,307.1,213,52,22,10,
303615000,2025-01-08T00:00:03Z,32.02319,-81.04721,0.0,250.7,146,36,48,10,3.8
366675760,2025-01-08T00:00:00Z,32.71774,-117.22608,0.0,254.7,,37,25,6,2.5
228408700,2025-01-08T00:00:03Z,26.33505,-79.37718,19.8,356.7,355,80,293,46,11.5
352001517,2025-01-08T00:00:07Z,48.42678,-123.1663,9.6,25.6,20,70,180,30,8.3
366935060,2025-01-08T00:00:05Z,29.70597,-95.03587,0.0,208.6,193,52,24,10,3.2
518998179,2025-01-08T00:00:08Z,25.78628,-80.17973,0.0,103.5,194,37,40,8,2.2
368016260,2025-01-08T00:00:19Z,29.67466,-91.22889,0.0,,,33,26,14,
368256040,2025-01-08T00:00:05Z,29.93248,-90.32748,0.2,,,52,21,10,
368611000,2025-01-08T00:00:22Z,29.32457,-94.77824,9.2,19.2,,70,33,9,
367002270,2025-01-08T00:00:00Z,29.92544,-90.14012,7.6,180.3,174,52,17,8,
368097190,2025-01-08T00:00:07Z,30.05815,-91.2754,0.0,244.2,313,52,207,12,3.0
538003272,2025-01-08T00:00:01Z,29.59887,-89.84201,10.6,291.3,290,80,129,20,6.2
367505650,2025-01-08T00:00:05Z,38.409,-90.321,0.0,111.0,24,31,349,33,2.9
338926881,2025-01-08T00:00:00Z,21.31215,-157.88965,0.0,7.8,,90,8,3,
369494143,2025-01-08T00:00:00Z,18.44623,-66.09704,35.2,289.0,,51,10,3,1.0
368237220,2025-01-08T00:00:06Z,38.5389,-90.25115,0.0,267.4,26,57,357,33,2.8
338075797,2025-01-08T00:00:08Z,32.78302,-79.95829,0.0,261.5,,37,14,5,1.5
366740280,2025-01-08T00:00:05Z,41.65047,-70.27955,0.0,274.7,,40,32,10,1.4
367685950,2025-01-08T00:00:08Z,29.70602,-95.03707,0.0,307.1,191,52,32,12,2.7
367634360,2025-01-08T00:00:01Z,40.6071,-74.20552,0.7,141.5,302,52,36,10,4.9
367653530,2025-01-08T00:00:09Z,30.32115,-87.33247,0.0,285.9,,31,16,11,2.2
367515090,2025-01-08T00:00:02Z,41.70441,-71.1644,0.0,278.9,,31,21,7,3.1
367090390,2025-01-08T00:00:20Z,29.03437,-90.12811,16.6,218.9,,60,33,8,
367380940,2025-01-08T00:00:05Z,33.97113,-118.44955,0.1,223.3,,37,20,6,2.0
368019060,2025-01-08T00:00:03Z,29.63516,-94.30125,5.5,244.6,246,52,122,34,3.1
367307280,2025-01-08T00:00:00Z,30.18385,-85.73377,0.0,300.3,,60,26,12,
367057330,2025-01-08T00:00:06Z,29.93998,-90.17868,0.0,296.9,316,52,48,14,3.0
368353440,2025-01-08T00:00:07Z,37.91174,-122.34636,0.0,,,36,12,9,
368250590,2025-01-08T00:00:05Z,41.63477,-70.90878,0.0,215.0,81,30,20,6,
338170872,2025-01-08T00:00:05Z,27.5117,-82.5586,0.0,,,37,14,5,
367362460,2025-01-08T00:00:08Z,30.04919,-90.53809,0.0,,,52,20,8,2.9
367539090,2025-01-08T00:00:09Z,41.79627,-73.94964,0.0,256.7,223,52,132,24,6.8
367072840,2025-01-08T00:00:10Z,29.56814,-90.72023,0.0,289.1,220,34,60,18,3.4
338234000,2025-01-08T00:00:11Z,48.59723,-122.94433,2.3,346.0,337,60,12,4,
338437156,2025-01-08T00:00:09Z,47.30452,-122.51084,0.1,,,37,15,4,
338516751,2025-01-08T00:00:09Z,33.75896,-118.18512,0.0,,,37,,,
368293040,2025-01-08T00:00:00Z,26.35734,-97.35362,0.1,197.0,261,52,24,13,2.6
368281470,2025-01-08T00:00:01Z,47.28102,-122.40122,1.8,301.3,,37,16,5,
367400370,2025-01-08T00:00:17Z,44.52648,-124.26207,8.9,346.2,346,30,23,8,
368144470,2025-01-08T00:00:21Z,32.18096,-80.73033,0.1,,,37,21,5,
338079528,2025-01-08T00:00:04Z,47.63253,-122.33876,0.0,0.0,,37,,,
371215000,2025-01-08T00:00:00Z,39.95314,-73.58569,2.8,157.8,43,70,365,50,10.6
367529030,2025-01-08T00:00:04Z,46.19033,-123.8295,0.0,219.9,101,57,20,4,1.8
367439490,2025-01-08T00:00:07Z,48.75574,-122.50942,0.0,,,37,17,6,
366946850,2025-01-08T00:00:04Z,27.86868,-97.04658,0.0,201.6,108,52,20,8,2.2
368251560,2025-01-08T00:00:05Z,27.88312,-97.04506,0.0,40.0,162,31,22,9,3.1
367010480,2025-01-08T00:00:01Z,29.89989,-90.07972,0.0,338.6,,52,19,8,2.0
367320740,2025-01-08T00:00:01Z,39.09002,-84.65531,0.0,287.7,128,52,42,13,3.2
316001235,2025-01-08T00:00:04Z,48.61391,-123.51745,0.0,353.6,103,60,46,14,
319073100,2025-01-08T00:00:05Z,30.06025,-90.84966,9.4,312.3,301,70,200,32,6.8
367702510,2025-01-08T00:00:00Z,30.01328,-90.74424,0.0,269.2,205,31,21,9,3.0
367002270,2025-01-08T00:00:00Z,29.95319,-90.15242,4.7,261.3,263,52,17,8,
368063440,2025-01-08T00:00:01Z,37.85709,-122.39603,28.8,166.7,167,60,42,12,
368048120,2025-01-08T00:00:04Z,34.74067,-90.44489,0.0,312.4,,32,20,8,
367469190,2025-01-08T00:00:03Z,39.09338,-84.50228,0.0,35.6,,60,31,11,3.0
368296490,2025-01-08T00:00:00Z,26.47552,-79.70951,6.0,132.8,138,70,29,10,
367637070,2025-01-08T00:00:00Z,30.05825,-93.68743,0.0,337.9,180,31,19,7,3.0
316030416,2025-01-08T00:00:00Z,48.33704,-123.60192,0.0,223.2,177,54,20,8,2.0
366867370,2025-01-08T00:00:00Z,36.86751,-76.32675,18.4,138.6,,60,15,5,1.8
339331000,2025-01-08T00:00:01Z,18.47219,-64.58014,0.1,332.6,52,37,40,8,2.0
368102180,2025-01-08T00:00:07Z,38.27229,-89.91778,0.0,88.9,,31,20,8,
367539920,2025-01-08T00:00:06Z,29.96663,-93.85823,0.0,98.4,189,52,24,11,
368068580,2025-01-08T00:00:38Z,41.31788,-70.84424,5.9,321.1,,30,32,9,
366971540,2025-01-08T00:00:07Z,42.47949,-73.78812,0.0,267.3,,52,15,6,2.0
368303710,2025-01-08T00:00:03Z,27.82068,-97.20337,0.0,344.3,282,52,30,12,6.4
368240910,2025-01-08T00:00:07Z,33.86814,-78.02801,0.0,142.8,,31,17,6,
368027230,2025-01-08T00:00:05Z,47.95091,-122.29715,0.0,68.6,158,60,110,25,
303639000,2025-01-08T00:00:05Z,47.6095,-122.2104,0.0,276.4,306,37,41,8,3.0
368251670,2025-01-08T00:00:09Z,42.32587,-83.02565,10.1,75.6,75,79,195,24,7.0
367784640,2025-01-08T00:00:00Z,40.74438,-73.9706,0.0,263.0,211,60,26,8,1.8
367668760,2025-01-08T00:00:01Z,30.05839,-90.84588,0.0,59.0,322,31,290,33,2.9
255806116,2025-01-08T00:00:22Z,47.27293,-122.40695,0.0,358.0,133,70,222,30,11.5
368205350,2025-01-08T00:00:04Z,29.61437,-95.01021,0.0,149.0,271,31,62,26,2.5
367736640,2025-01-08T00:00:07Z,29.42309,-94.72231,5.8,45.1,44,31,113,34,2.9
368070380,2025-01-08T00:00:03Z,45.60688,-122.67784,4.0,75.4,70,60,13,4,
367366340,2025-01-08T00:00:05Z,30.11667,-90.99537,3.4,283.8,,52,22,11,
368037610,2025-01-08T00:00:00Z,18.22306,-65.62156,9.2,8.5,8,60,24,9,2.1
367434220,2025-01-08T00:00:01Z,40.73503,-74.02542,3.5,125.8,,60,25,8,2.0
367649360,2025-01-08T00:00:00Z,29.79029,-95.07082,0.0,202.3,155,52,22,10,3.1
368216140,2025-01-08T00:00:01Z,28.33478,-80.66137,0.2,265.2,,99,,,
368230510,2025-01-08T00:00:06Z,26.70358,-80.04547,0.0,190.2,182,37,36,8,2.2
367718490,2025-01-08T00:00:07Z,34.73237,-90.45835,3.5,48.0,42,31,268,23,3.1
368288140,2025-01-08T00:00:09Z,30.27948,-87.68399,2.9,266.8,268,31,38,,3.0
366952890,2025-01-08T00:00:02Z,40.70005,-74.01229,0.0,99.0,162,60,104,22,4.3
367078350,2025-01-08T00:00:00Z,27.81738,-97.20102,7.6,257.7,259,52,24,10,3.1
367587990,2025-01-08T00:00:02Z,29.78873,-95.07648,0.3,276.2,5,52,20,10,2.9
367410250,2025-01-08T00:00:00Z,30.74649,-88.03831,0.0,,,52,14,7,2.0
366982190,2025-01-08T00:00:02Z,32.68634,-117.13334,0.0,6.1,,96,27,11,5.2
367547090,2025-01-08T00:00:03Z,35.12456,-90.07648,0.0,303.3,,31,18,7,
368171990,2025-01-08T00:00:05Z,37.79768,-122.4973,0.9,276.1,240,52,30,13,6.1
368132360,2025-01-08T00:00:09Z,29.93687,-90.32935,0.0,280.0,259,52,85,11,2.8
366395000,2025-01-08T00:00:08Z,26.11067,-80.11747,0.0,1.3,297,37,44,8,2.8
367443840,2025-01-08T00:00:03Z,29.7858,-92.13274,5.6,250.8,256,31,120,34,3.3
367075110,2025-01-08T00:00:37Z,29.57674,-90.60574,0.0,273.3,0,31,78,14,3.0
338921000,2025-01-08T00:00:02Z,38.09137,-123.26949,11.1,325.7,321,99,53,10,3.7
367782690,2025-01-08T00:00:01Z,40.76038,-74.00426,0.0,320.1,118,60,26,8,1.7
367620420,2025-01-08T00:00:01Z,29.93468,-89.99896,0.0,14.8,303,31,115,18,2.9
367510430,2025-01-08T00:00:00Z,30.11527,-90.98079,0.0,217.2,,52,29,8,7.0
366972910,2025-01-08T00:00:00Z,30.05635,-93.73715,0.0,292.4,,52,16,8,2.2
366744020,2025-01-08T00:00:00Z,26.05091,-80.03936,5.4,339.8,,31,30,8,4.9
416482000,2025-01-08T00:00:01Z,32.30094,-79.53063,14.8,243.9,246,74,335,46,11.2
367128570,2025-01-08T00:00:08Z,41.2942,-72.90687,0.0,260.2,,33,68,17,
367156340,2025-01-08T00:00:00Z,45.64617,-124.01883,8.6,349.6,353,30,22,8,
316048473,2025-01-08T00:00:09Z,49.26448,-123.296,10.3,186.1,185,52,23,12,4.4
367177840,2025-01-08T00:00:03Z,39.88043,-75.15423,7.3,95.2,94,52,30,8,3.9
367010430,2025-01-08T00:00:10Z,47.5381,-122.32873,1.2,338.2,228,31,20,6,2.3
367157570,2025-01-08T00:00:07Z,40.63679,-74.07186,0.1,258.2,88,52,24,7,
367109350,2025-01-08T00:00:03Z,30.03564,-90.69607,0.1,253.8,,30,16,8,
367013240,2025-01-08T00:00:06Z,29.95839,-90.1532,0.3,335.5,,52,17,8,9.0
368142150,2025-01-08T00:00:04Z,29.30151,-94.83555,0.0,344.1,,31,18,6,
367531640,2025-01-08T00:00:05Z,40.62946,-74.07175,0.1,,,51,10,4,
367790830,2025-01-08T00:00:00Z,40.71282,-73.97093,9.4,20.9,19,60,26,8,2.0
368185680,2025-01-08T00:00:37Z,31.15191,-81.50005,0.0,,,37,20,6,
372956000,2025-01-08T00:00:00Z,33.61573,-120.73037,7.7,90.0,91,80,174,28,10.6
338390962,2025-01-08T00:00:02Z,41.49106,-71.32176,0.0,193.9,,37,15,4,
367638090,2025-01-08T00:00:01Z,29.99137,-90.42288,0.0,148.4,280,31,358,54,2.8
338318838,2025-01-08T00:00:11Z,30.06032,-93.3531,1.9,49.6,,36,13,6,
367515330,2025-01-08T00:00:01Z,30.04508,-90.54907,0.0,294.4,,31,17,8,
338447442,2025-01-08T00:00:02Z,41.51852,-71.11323,0.1,,,37,12,4,
636020333,2025-01-08T00:00:03Z,25.04675,-79.68493,15.1,12.5,12,70,229,32,14.0
303656000,2025-01-08T00:00:02Z,39.34521,-125.2485,13.6,334.1,332,80,287,50,10.5
368252420,2025-01-08T00:00:11Z,29.97922,-90.40036,3.9,333.8,334,57,23,10,2.9
368007760,2025-01-08T00:00:03Z,47.99792,-122.21676,0.0,275.9,,37,20,6,2.0
366971370,2025-01-08T00:00:08Z,43.22706,-87.08343,13.8,196.3,196,70,305,32,8.5
316009457,2025-01-08T00:00:03Z,48.26129,-88.79329,11.1,96.4,96,70,223,23,7.2
369493627,2025-01-08T00:00:04Z,20.79195,-156.51141,0.0,334.8,,51,14,4,1.0
338486363,2025-01-08T00:00:03Z,36.87464,-122.89897,2.0,17.9,,,,,
367162840,2025-01-08T00:00:00Z,30.0099,-93.97254,0.0,142.0,242,31,27,9,2.7
367478440,2025-01-08T00:00:00Z,30.02201,-93.98732,0.0,349.7,349,31,83,12,3.0
316049371,2025-01-08T00:00:07Z,49.4928,-123.46715,8.3,160.6,160,52,23,12,5.0
368068980,2025-01-08T00:00:01Z,47.58984,-122.34969,0.1,213.1,,34,14,5,2.0
366874650,2025-01-08T00:00:03Z,30.40015,-88.26086,0.0,289.9,,60,43,10,20.5
319073200,2025-01-08T00:00:01Z,25.7856,-80.18022,0.0,291.7,0,37,42,,2.7
368034790,2025-01-08T00:00:00Z,44.49126,-124.74239,8.3,351.8,351,32,38,10,4.0
368342250,2025-01-08T00:00:04Z,30.11439,-90.97383,0.0,333.2,112,57,91,12,2.9
338161454,2025-01-08T00:00:03Z,38.96541,-76.47852,0.0,100.9,,37,23,6,
369494417,2025-01-08T00:00:03Z,42.36747,-71.05088,0.1,252.9,,51,15,5,1.0
368096770,2025-01-08T00:00:02Z,30.19783,-91.32229,0.0,213.1,195,52,302,18,2.9
368100440,2025-01-08T00:00:09Z,48.57968,-122.78787,20.4,137.5,,60,12,4,
367719770,2025-01-08T00:00:02Z,29.92747,-89.97119,0.1,,,60,34,20,
367738470,2025-01-08T00:00:11Z,26.117,-80.14075,0.0,250.8,,37,33,8,1.9
368152730,2025-01-08T00:00:00Z,40.70403,-73.97673,0.1,344.8,111,60,26,10,
368382020,2025-01-08T00:00:01Z,29.78103,-95.10028,0.0,177.6,186,,1,,
367749050,2025-01-08T00:00:11Z,30.51092,-88.02111,8.4,176.2,,52,15,6,
367004970,2025-01-08T00:00:09Z,30.73427,-88.04118,0.0,,,31,18,7,
367670110,2025-01-08T00:00:04Z,29.83414,-90.06058,0.0,270.1,139,52,49,15,2.9
538008883,2025-01-08T00:00:06Z,48.72711,-123.5524,0.0,68.2,323,70,299,50,11.8
366921080,2025-01-08T00:00:00Z,29.80273,-90.00995,0.1,144.6,,52,32,8,4.0
316041691,2025-01-08T00:00:00Z,49.31125,-123.17598,8.3,61.4,63,52,18,8,0.1
377062000,2025-01-08T00:00:00Z,41.95593,-124.92751,16.0,0.9,,69,39,8,2.2
366254000,2025-01-08T00:00:00Z,21.06885,-157.36917,8.6,293.3,285,32,37,11,5.0
219154000,2025-01-08T00:00:00Z,18.89262,-66.34693,11.6,152.0,150,82,145,25,5.8
367338610,2025-01-08T00:00:01Z,40.63679,-74.07308,0.1,344.8,,31,7,6,2.0
538072299,2025-01-08T00:00:01Z,26.71375,-80.04793,0.0,1.7,184,37,54,10,2.3
338174000,2025-01-08T00:00:37Z,29.14596,-90.20987,0.0,340.5,335,70,88,18,4.5
368363150,2025-01-08T00:00:06Z,35.84118,-75.61993,0.0,269.3,,52,15,13,2.5
368252420,2025-01-08T00:00:00Z,29.9118,-90.11738,0.1,6.4,294,57,23,10,2.9
366971280,2025-01-08T00:00:05Z,37.66364,-122.37716,0.1,248.8,174,60,28,10,1.6
368034790,2025-01-08T00:00:00Z,44.49126,-124.74239,8.3,351.8,351,32,38,10,4.0
367652980,2025-01-08T00:00:07Z,30.00027,-89.989,0.0,306.3,355,31,211,18,2.9
367373630,2025-01-08T00:00:00Z,40.69953,-74.15093,0.1,55.6,299,52,27,9,3.5
367335830,2025-01-08T00:00:04Z,39.62487,-75.59912,10.6,200.6,199,52,23,9,4.6
368156190,2025-01-08T00:00:01Z,29.31189,-94.80312,0.0,288.5,353,57,311,12,3.0
367451120,2025-01-08T00:00:03Z,32.83528,-79.94409,0.0,258.0,,31,17,7,3.0
367702530,2025-01-08T00:00:01Z,30.01318,-90.74367,0.0,285.5,260,31,21,9,3.0
256001317,2025-01-08T00:00:00Z,26.45858,-80.06362,0.0,,,37,,,
367382920,2025-01-08T00:00:00Z,30.38846,-81.54284,0.0,290.2,345,52,26,9,4.9
367681630,2025-01-08T00:00:03Z,45.64382,-122.72579,0.0,248.1,104,31,16,8,
367053260,2025-01-08T00:00:00Z,30.01676,-94.01353,0.0,348.1,,31,22,10,
367513050,2025-01-08T00:00:02Z,42.37993,-71.04288,0.0,224.8,,52,27,8,4.0
367170010,2025-01-08T00:00:01Z,29.42259,-94.72121,0.0,57.0,217,31,82,23,3.1
367728240,2025-01-08T00:00:04Z,28.9502,-95.33695,0.0,305.1,85,31,286,17,2.9
368065290,2025-01-08T00:00:01Z,29.4348,-92.72938,3.0,122.7,,30,30,8,
368283350,2025-01-08T00:00:01Z,29.76307,-95.08561,4.0,253.7,257,52,26,12,5.1
368064650,2025-01-08T00:00:03Z,33.7238,-118.27948,0.0,,,37,26,6,
367643760,2025-01-08T00:00:05Z,29.1434,-90.21704,0.0,87.9,253,90,100,15,5.4
367473610,2025-01-08T00:00:02Z,27.53674,-82.7283,0.2,,,37,22,6,
369970571,2025-01-08T00:00:05Z,40.16917,-74.00064,7.5,7.2,6,33,50,20,1.5
366977040,2025-01-08T00:00:02Z,35.12179,-75.99971,11.6,163.7,,60,64,16,3.2
368055920,2025-01-08T00:00:05Z,29.63377,-89.9195,0.0,223.0,5,52,144,43,2.4
368276470,2025-01-08T00:00:04Z,42.65365,-73.74104,0.0,,,52,8,4,
368259470,2025-01-08T00:00:00Z,30.46807,-91.19288,0.0,,355,57,24,8,3.1
367691950,2025-01-08T00:00:02Z,30.21912,-93.24872,0.0,323.5,71,31,115,34,3.1
367161000,2025-01-08T00:00:01Z,47.28456,-122.41043,0.0,227.2,133,30,81,15,6.7
368133620,2025-01-08T00:00:03Z,33.53925,-78.45748,6.5,221.6,,36,13,3,
440111000,2025-01-08T00:00:03Z,48.47115,-125.53722,8.9,182.0,179,71,260,32,11.2
368226970,2025-01-08T00:00:06Z,33.74088,-118.27841,0.0,13.1,,51,32,8,5.0
368039730,2025-01-08T00:00:06Z,30.0355,-90.68573,4.0,245.6,,52,20,10,
369970311,2025-01-08T00:00:06Z,38.9838,-76.46797,0.0,245.6,,35,32,10,
368066010,2025-01-08T00:00:07Z,29.35395,-94.811,4.9,235.3,234,57,115,18,2.9
368926298,2025-01-08T00:00:06Z,30.38818,-81.46005,0.0,14.7,,,,,
338416267,2025-01-08T00:00:04Z,47.33442,-122.58395,0.8,,,37,16,5,
538072131,2025-01-08T00:00:07Z,18.33737,-64.92299,0.0,,,37,21,6,
366855000,2025-01-08T00:00:07Z,22.69498,-156.26307,13.0,247.9,248,80,183,32,10.0
368389210,2025-01-08T00:00:04Z,26.69878,-97.44605,6.2,162.6,161,57,115,18,2.9
338094364,2025-01-08T00:00:04Z,33.34986,-78.95315,7.9,216.8,,36,13,4,
368275560,2025-01-08T00:00:00Z,47.30356,-122.51047,0.1,83.0,,37,9,2,
368275560,2025-01-08T00:00:00Z,47.30356,-122.51047,0.1,83.0,,37,9,2,
367170860,2025-01-08T00:00:00Z,46.16849,-123.91405,0.0,,,30,22,6,10.1
368367140,2025-01-08T00:00:00Z,32.03477,-81.04647,0.0,,,37,22,6,
367403140,2025-01-08T00:00:05Z,44.103,-69.10297,0.1,277.8,,80,19,6,3.0
366966210,2025-01-08T00:00:05Z,36.93082,-76.33032,0.0,269.2,272,31,30,12,4.8
367462550,2025-01-08T00:00:16Z,34.16686,-119.22498,0.0,75.8,,36,10,3,
367448040,2025-01-08T00:00:17Z,37.8266,-122.43312,3.7,311.2,,36,16,4,
368064130,2025-01-08T00:00:07Z,29.77194,-95.10198,0.0,,,52,16,7,
367666060,2025-01-08T00:00:05Z,33.91667,-78.02329,0.0,257.8,,50,17,6,
319221100,2025-01-08T00:00:06Z,18.0997,-64.54671,10.6,287.1,289,37,44,8,2.1
368217370,2025-01-08T00:00:06Z,29.96341,-93.86195,0.0,282.4,,31,24,11,3.0
368336310,2025-01-08T00:00:03Z,29.14076,-89.24735,0.0,,,90,40,10,
368278180,2025-01-08T00:00:04Z,38.47049,-90.28264,0.0,,,52,20,8,
368130050,2025-01-08T00:00:01Z,40.65718,-74.02492,19.2,26.5,25,60,29,8,
538009736,2025-01-08T00:00:06Z,19.57765,-68.15608,12.9,356.6,356,80,250,44,11.5
366961220,2025-01-08T00:00:00Z,30.4352,-91.21643,1.8,116.5,121,31,87,12,2.9
352001169,2025-01-08T00:00:07Z,18.0153,-68.21538,9.8,217.0,216,70,145,25,8.8
367505750,2025-01-08T00:00:00Z,40.44445,-80.02289,4.5,108.0,107,31,344,34,2.8
305089000,2025-01-08T00:00:02Z,26.11653,-79.53921,3.4,225.4,215,70,101,15,4.4
477346500,2025-01-08T00:00:01Z,29.42997,-89.60063,14.4,199.0,201,72,275,40,10.0
366991740,2025-01-08T00:00:05Z,29.32012,-94.78518,0.0,339.1,304,50,21,6,2.0
366921080,2025-01-08T00:00:00Z,29.85092,-89.98308,0.1,197.5,,52,32,8,4.0
368077920,2025-01-08T00:00:02Z,36.00769,-75.96395,5.8,21.4,22,52,22,10,2.2
338078421,2025-01-08T00:00:00Z,34.00327,-118.50145,1.0,216.5,,37,20,4,
368291410,2025-01-08T00:00:00Z,27.94023,-82.45508,0.0,247.5,,60,22,8,1.0
316033829,2025-01-08T00:00:00Z,48.42609,-123.37145,0.0,6.7,,37,13,4,
367063240,2025-01-08T00:00:09Z,46.48497,-84.29755,0.3,294.7,293,60,33,12,2.0
368214190,2025-01-08T00:00:07Z,45.58124,-122.76016,0.0,283.2,305,31,25,11,3.1
369494421,2025-01-08T00:00:08Z,44.27596,-68.31443,0.1,71.9,45,51,15,5,1.6
368226270,2025-01-08T00:00:21Z,26.83242,-80.05419,0.0,313.7,213,37,37,8,2.1
538002784,2025-01-08T00:00:08Z,43.6028,-68.59974,8.9,237.9,244,80,184,27,11.0
368182120,2025-01-08T00:00:36Z,28.33254,-80.52077,3.2,163.9,,30,26,7,4.0
368071290,2025-01-08T00:00:01Z,40.71093,-74.04927,0.0,,,60,28,8,
367445430,2025-01-08T00:00:11Z,38.00907,-123.13947,7.7,160.0,,30,11,4,
367474560,2025-01-08T00:00:01Z,29.78577,-95.09519,0.0,18.8,1,31,22,10,
366991080,2025-01-08T00:00:17Z,29.79361,-95.0669,0.0,18.6,,31,23,6,2.0
316018031,2025-01-08T00:00:01Z,41.83344,-82.1798,10.1,264.9,266,70,222,23,7.4
369493011,2025-01-08T00:00:02Z,36.60924,-121.89293,0.0,6.7,,51,14,4,1.4
367708150,2025-01-08T00:01:08Z,29.762,-95.08838,3.3,240.4,236,52,24,12,
354747000,2025-01-08T00:00:00Z,29.45321,-89.6063,13.4,116.1,120,70,183,29,10.1
316023959,2025-01-08T00:00:01Z,42.98383,-82.40969,0.0,204.8,,52,20,10,2.4
367717450,2025-01-08T00:00:11Z,29.69594,-93.4499,2.6,69.2,,30,26,8,3.0
368211990,2025-01-08T00:00:03Z,40.66186,-74.13837,0.4,115.7,9,52,23,8,3.0
369053000,2025-01-08T00:00:05Z,39.65461,-74.0775,0.7,330.4,323,90,99,18,6.5
367648110,2025-01-08T00:00:09Z,46.30404,-124.03632,0.0,30.6,,30,16,6,
368184980,2025-01-08T00:00:01Z,29.74778,-95.09832,0.0,82.5,49,52,20,10,3.1
316003527,2025-01-08T00:00:03Z,49.1238,-123.18912,0.0,259.1,,30,24,7,2.9
367187080,2025-01-08T00:00:19Z,46.16907,-123.91374,0.0,200.5,,30,20,12,
319175400,2025-01-08T00:00:03Z,26.77088,-80.05115,0.0,182.9,183,37,74,14,3.8
367003390,2025-01-08T00:00:03Z,30.1684,-89.45654,6.7,79.3,81,52,22,10,2.9
367458590,2025-01-08T00:00:06Z,30.70978,-88.03662,0.0,194.6,69,31,38,11,3.0
368144370,2025-01-08T00:00:04Z,29.95302,-90.01874,0.0,236.9,301,52,24,12,4.3
367488490,2025-01-08T00:00:03Z,29.7344,-95.05045,6.0,299.8,302,31,31,14,2.7
367756210,2025-01-08T00:00:01Z,29.77612,-93.93836,0.1,192.6,,31,17,8,2.5
366954180,2025-01-08T00:00:08Z,30.01594,-90.72967,0.0,0.0,,52,18,8,2.7
378111826,2025-01-08T00:00:18Z,41.58543,-71.28589,1.0,154.7,,37,,,
367006980,2025-01-08T00:00:04Z,37.79881,-122.39446,0.0,208.0,,60,67,23,2.1
477390100,2025-01-08T00:00:06Z,23.38966,-80.91666,12.8,87.3,88,70,166,27,7.4
368005880,2025-01-08T00:00:00Z,29.95413,-90.29755,0.8,92.8,162,52,20,10,2.9
338249095,2025-01-08T00:00:20Z,34.18025,-119.22617,0.0,,,37,13,5,
369320000,2025-01-08T00:00:04Z,26.34337,-80.07708,0.0,163.9,154,37,40,8,2.4
366873510,2025-01-08T00:00:08Z,21.26975,-157.93644,11.2,78.8,,52,40,10,5.5
338424134,2025-01-08T00:00:05Z,32.72733,-117.19953,0.0,100.9,,36,18,5,
367374930,2025-01-08T00:00:05Z,30.02646,-94.037,0.0,240.0,246,31,206,17,2.7
367062120,2025-01-08T00:00:18Z,49.15524,-123.00564,0.0,73.1,62,52,29,10,
368353390,2025-01-08T00:00:05Z,27.76033,-82.63599,0.0,,,37,14,8,
368161580,2025-01-08T00:00:05Z,29.92163,-89.9331,2.3,20.1,329,57,20,9,3.0
367337690,2025-01-08T00:00:01Z,29.7485,-95.29225,0.0,186.7,,60,33,8,
367007750,2025-01-08T00:00:02Z,29.61657,-92.39342,0.0,281.5,,52,18,8,2.5
368360840,2025-01-08T00:00:07Z,29.60078,-89.85195,0.0,127.1,,31,30,13,
367577620,2025-01-08T00:00:01Z,29.74423,-95.09894,0.0,316.8,138,31,114,17,2.9
366970020,2025-01-08T00:00:01Z,37.79603,-122.39279,0.0,200.7,216,60,48,11,2.3
368359920,2025-01-08T00:00:37Z,28.12536,-80.62731,0.2,13.7,,37,14,6,
367435670,2025-01-08T00:00:36Z,30.03933,-93.33424,0.0,316.1,355,31,30,12,5.5
367151380,2025-01-08T00:00:06Z,34.8265,-90.42581,4.7,80.6,83,31,206,16,2.8
367189570,2025-01-08T00:00:04Z,30.05421,-90.50369,0.1,185.8,,52,32,8,4.0
243710117,2025-01-08T00:00:13Z,26.06782,-79.85232,5.5,301.7,,,,,
366874960,2025-01-08T00:00:00Z,29.81937,-90.06783,8.4,21.2,23,31,115,18,3.1
367432470,2025-01-08T00:00:00Z,35.24323,-75.79303,7.8,328.2,,69,45,20,3.0
367003540,2025-01-08T00:00:08Z,29.83607,-93.95333,8.0,5.1,6,31,116,34,2.9
368092790,2025-01-08T00:00:01Z,29.94431,-91.84207,0.0,291.5,,31,18,7,
338239883,2025-01-08T00:00:01Z,31.15952,-81.49979,0.0,229.8,,36,18,5,
368053750,2025-01-08T00:00:08Z,30.01958,-93.98018,0.1,263.6,341,52,74,9,2.9
338246879,2025-01-08T00:00:03Z,48.38123,-122.51063,0.0,,,37,10,3,
366999624,2025-01-08T00:00:04Z,42.8118,-70.86451,0.0,101.0,,51,14,4,1.0
367267000,2025-01-08T00:00:05Z,23.83244,-80.98313,8.7,311.5,,51,64,9,4.0
243710102,2025-01-08T00:00:20Z,26.0678,-79.85236,5.7,300.7,,,,,
368209870,2025-01-08T00:00:00Z,29.77251,-93.3416,0.3,127.8,35,31,30,13,5.7
367538280,2025-01-08T00:00:06Z,47.64828,-122.33037,0.0,,,37,21,,
243710150,2025-01-08T00:00:38Z,26.06683,-79.84214,2.3,9.3,,,,,
366935380,2025-01-08T00:00:01Z,28.90213,-95.37274,5.2,63.7,,30,96,16,3.1
367473510,2025-01-08T00:00:37Z,32.69161,-80.22478,0.0,280.4,,32,20,7,2.5
367384780,2025-01-08T00:00:02Z,45.58751,-122.77031,0.0,110.1,137,52,23,10,
308416000,2025-01-08T00:00:03Z,18.613,-65.58576,16.3,98.7,99,60,294,32,8.6
369305000,2025-01-08T00:00:03Z,40.79686,-72.5926,2.9,66.9,63,33,109,24,7.8
367602530,2025-01-08T00:00:06Z,30.40442,-81.54742,1.3,36.4,108,52,29,10,
368150730,2025-01-08T00:00:01Z,29.68333,-91.27765,0.0,298.6,,57,14,6,2.0
367561730,2025-01-08T00:00:01Z,29.14148,-90.21182,0.0,187.9,160,68,66,10,2.7
367470340,2025-01-08T00:00:04Z,32.72682,-117.20704,0.0,273.9,266,37,23,6,
367052130,2025-01-08T00:00:07Z,29.92524,-90.1357,0.0,339.4,,52,28,8,
366772990,2025-01-08T00:00:07Z,48.50679,-122.67642,0.0,245.6,259,60,116,23,5.6
367779550,2025-01-08T00:00:01Z,40.70291,-74.00323,9.4,313.2,331,60,26,8,2.0
367493370,2025-01-08T00:00:00Z,29.78942,-95.07557,0.4,199.4,,31,117,34,3.1
338256000,2025-01-08T00:00:02Z,32.6956,-117.15363,0.0,,,37,52,9,2.6
538003526,2025-01-08T00:00:08Z,33.44619,-117.92543,0.4,152.3,84,80,250,44,11.9
367662450,2025-01-08T00:00:04Z,38.73242,-82.19029,9.9,167.6,,52,22,8,2.6
246547000,2025-01-08T00:00:06Z,29.31313,-94.78758,0.0,308.8,54,70,132,16,8.3
367615770,2025-01-08T00:00:03Z,29.9375,-90.32572,0.0,327.9,259,31,125,33,2.5
636013683,2025-01-08T00:00:05Z,35.76305,-123.7154,7.1,218.1,230,80,229,42,8.1
368144240,2025-01-08T00:00:00Z,48.51293,-122.60598,0.0,141.6,,37,20,6,
368286340,2025-01-08T00:00:01Z,45.64352,-122.75288,0.0,157.5,,52,26,12,
367575130,2025-01-08T00:00:02Z,35.08279,-90.14187,0.0,284.7,,31,21,8,2.7
368012890,2025-01-08T00:00:07Z,35.52599,-89.95514,0.4,13.5,,31,20,9,3.0
366997750,2025-01-08T00:00:05Z,30.0587,-93.67232,5.5,269.4,270,31,207,12,3.1
368151810,2025-01-08T00:00:05Z,47.60134,-122.33906,0.0,46.7,58,40,41,11,1.7
368353820,2025-01-08T00:00:05Z,29.8582,-93.34634,7.6,188.3,,31,26,7,1.5
367505510,2025-01-08T00:00:07Z,30.02694,-90.4702,0.0,291.0,19,31,356,,3.4
243710106,2025-01-08T00:00:39Z,26.06404,-79.81046,2.4,6.9,,,,,
354928000,2025-01-08T00:00:09Z,40.41276,-73.03248,6.6,311.0,310,79,364,51,14.8
538010926,2025-01-08T00:00:13Z,36.96484,-76.35532,0.1,152.5,253,70,180,29,7.1
367387420,2025-01-08T00:00:03Z,42.26465,-70.92513,12.2,81.4,78,60,33,7,2.4
368241780,2025-01-08T00:00:06Z,47.53366,-122.32129,7.6,314.9,,37,14,5,
367733230,2025-01-08T00:00:18Z,38.40055,-82.5602,0.0,,,52,16,7,2.3
368229350,2025-01-08T00:00:00Z,47.72662,-122.64419,0.0,,,37,14,4,
368131890,2025-01-08T00:00:06Z,29.94603,-90.00959,9.5,125.8,124,57,241,18,3.1
368164640,2025-01-08T00:00:00Z,40.35755,-79.84132,0.0,,,52,13,,1.9
368028510,2025-01-08T00:00:01Z,40.56007,-74.23033,0.0,126.0,,52,44,14,5.5
367413350,2025-01-08T00:00:00Z,47.58104,-122.42863,6.6,225.7,219,31,31,8,4.5
338240611,2025-01-08T00:00:01Z,37.91216,-122.34686,0.0,221.1,,36,12,4,
366989960,2025-01-08T00:00:02Z,38.01404,-90.07388,0.0,358.3,287,52,50,16,2.9
367341340,2025-01-08T00:00:01Z,29.35641,-90.25025,0.0,344.6,,70,40,10,3.2
636015174,2025-01-08T00:00:02Z,33.5961,-119.26836,9.6,254.2,253,89,249,44,10.8
367556640,2025-01-08T00:00:03Z,29.42317,-89.60698,12.0,196.1,189,52,165,28,6.7
311001606,2025-01-08T00:00:02Z,33.75758,-118.26794,0.0,54.8,348,90,200,30,8.9
367614030,2025-01-08T00:00:01Z,43.34653,-124.3205,0.0,228.5,,31,20,6,3.0
367765000,2025-01-08T00:00:03Z,48.75415,-122.50627,0.0,332.2,11,30,36,8,3.5
368000320,2025-01-08T00:00:01Z,27.51171,-82.5589,0.2,235.9,,37,18,5,
367350060,2025-01-08T00:00:03Z,38.9577,-74.87443,0.0,,,30,23,8,3.0
367670970,2025-01-08T00:00:00Z,48.40754,-122.62276,4.4,241.3,,31,30,10,3.5
368230140,2025-01-08T00:00:02Z,33.97919,-118.44716,0.0,,,36,17,5,
367163760,2025-01-08T00:00:02Z,29.35686,-94.78137,11.5,187.4,,60,77,20,4.0
366046000,2025-01-08T00:00:04Z,47.62786,-122.37939,0.0,11.6,1,30,102,15,7.3
367740670,2025-01-08T00:00:01Z,27.84397,-97.07001,0.0,319.1,,60,48,16,3.3
304010618,2025-01-08T00:00:03Z,25.39416,-80.00947,10.4,184.3,185,70,99,16,4.1
367313240,2025-01-08T00:00:04Z,40.69953,-74.15179,0.0,88.3,194,31,40,13,7.5
368264020,2025-01-08T00:00:04Z,29.1681,-89.37331,0.0,168.3,56,31,16,6,2.2
367135070,2025-01-08T00:00:07Z,29.7088,-91.21872,0.0,201.6,,31,15,7,
229347000,2025-01-08T00:00:07Z,24.50563,-79.92257,12.5,54.8,57,70,229,32,14.3
367312770,2025-01-08T00:00:19Z,34.27,-78.00059,0.0,282.5,,37,20,5,
366980170,2025-01-08T00:00:07Z,47.49007,-122.49908,7.1,22.9,,52,22,9,3.0
367591950,2025-01-08T00:00:06Z,29.84579,-93.95108,3.3,205.1,203,31,120,34,2.9
366485000,2025-01-08T00:00:05Z,47.66286,-122.38818,0.0,333.7,123,30,39,9,4.0
339943000,2025-01-08T00:00:04Z,26.12558,-80.11615,0.3,209.8,,37,32,8,
311053500,2025-01-08T00:00:00Z,29.83163,-89.99254,11.2,33.2,35,79,229,32,7.5
368111380,2025-01-08T00:00:03Z,37.7987,-122.32614,0.0,233.2,,99,53,13,
338442022,2025-01-08T00:00:37Z,27.76884,-82.62976,0.0,116.1,,36,10,4,
338170062,2025-01-08T00:00:37Z,26.74903,-80.0442,0.2,316.3,,36,17,6,
316005204,2025-01-08T00:00:09Z,49.15503,-125.90845,0.0,0.0,70,51,15,2,
368049120,2025-01-08T00:00:03Z,41.42008,-71.49781,0.0,,,37,13,6,
368056120,2025-01-08T00:00:00Z,37.20987,-76.78698,,,323,65,90,22,
338484331,2025-01-08T00:00:03Z,26.8318,-80.0554,0.0,339.5,304,37,,,
367467120,2025-01-08T00:00:03Z,33.84185,-118.39215,0.0,308.8,,60,18,4,2.5
367704410,2025-01-08T00:00:37Z,30.22135,-93.2669,0.0,304.6,36,31,119,33,3.0
338364492,2025-01-08T00:00:03Z,34.24234,-119.26184,0.1,,,40,13,4,
316002742,2025-01-08T00:00:07Z,49.52712,-123.47804,0.0,248.9,,31,26,8,4.0
367456840,2025-01-08T00:00:05Z,30.39385,-91.2123,6.3,46.1,34,31,288,24,3.0
538008493,2025-01-08T00:00:03Z,29.95567,-90.39416,10.2,340.5,346,70,199,32,11.0
321012345,2025-01-08T00:00:04Z,26.09541,-80.1698,0.0,151.4,,37,20,5,2.0
367479080,2025-01-08T00:00:03Z,29.16075,-89.38349,0.0,,,31,8,5,2.0
219409000,2025-01-08T00:00:02Z,18.66826,-67.85037,14.0,200.9,200,80,183,32,11.7
477728400,2025-01-08T00:00:02Z,34.50314,-75.09918,16.3,29.9,22,71,300,43,10.6
477631400,2025-01-08T00:00:05Z,29.32907,-94.66642,11.6,121.4,120,80,183,32,12.0
338305973,2025-01-08T00:00:00Z,26.8319,-80.05532,0.0,,,37,20,6,
367663440,2025-01-08T00:00:02Z,29.73304,-95.02024,0.0,258.1,28,31,119,34,
366968070,2025-01-08T00:00:08Z,47.63245,-122.32905,0.0,,,36,34,9,4.9
366961460,2025-01-08T00:00:01Z,30.04017,-90.47602,3.5,339.0,324,52,56,16,3.6
316023605,2025-01-08T00:00:09Z,49.23072,-122.77141,0.0,2.2,35,32,23,7,5.0
366999662,2025-01-08T00:00:28Z,33.97018,-118.44668,0.0,191.3,,55,26,6,1.7
338441095,2025-01-08T00:00:00Z,30.36202,-87.18745,0.0,129.7,180,36,15,5,
368141510,2025-01-08T00:00:00Z,40.66322,-74.04793,17.3,31.6,26,60,26,8,
212370000,2025-01-08T00:00:08Z,29.84026,-85.82482,11.1,7.0,5,70,100,17,5.3
367726830,2025-01-08T00:00:01Z,40.47801,-73.86053,3.3,74.0,,90,17,6,
240893000,2025-01-08T00:00:08Z,27.69985,-96.73938,11.9,291.0,292,80,275,48,9.5
338106036,2025-01-08T00:00:02Z,41.5898,-71.28435,0.0,,,36,14,4,
367353160,2025-01-08T00:00:03Z,28.15596,-82.76241,0.0,10.1,,30,25,7,
366997940,2025-01-08T00:00:05Z,30.03476,-90.62467,2.6,303.0,304,52,21,9,3.1
368325790,2025-01-08T00:00:07Z,32.24446,-80.74773,0.0,,,37,17,5,
367093510,2025-01-08T00:00:04Z,30.39322,-81.40444,0.0,207.8,,52,32,14,6.0
368341080,2025-01-08T00:00:04Z,30.05985,-93.35821,3.8,264.4,266,31,24,10,3.3
367505770,2025-01-08T00:00:04Z,30.40156,-91.20466,0.0,314.0,37,30,278,44,3.1
367336580,2025-01-08T00:00:06Z,29.74214,-93.86593,0.0,296.0,183,52,32,14,7.5
354721000,2025-01-08T00:00:04Z,28.74369,-89.94372,0.0,149.7,59,99,154,,17.0
367509760,2025-01-08T00:00:05Z,26.77393,-80.05023,0.0,,,53,17,9,1.8
368347000,2025-01-08T00:00:05Z,32.72372,-117.22708,0.0,,,60,21,7,
367591250,2025-01-08T00:00:03Z,27.63145,-82.56385,0.1,289.3,33,52,28,12,5.2
244283000,2025-01-08T00:00:06Z,42.93404,-82.4471,0.0,21.3,32,80,110,18,5.1
368385110,2025-01-08T00:00:12Z,26.21085,-80.10011,0.0,,,37,14,5,
367589420,2025-01-08T00:00:10Z,32.72667,-117.21327,4.1,83.2,,36,11,4,
366982270,2025-01-08T00:00:04Z,39.37374,-74.42753,0.0,299.7,,52,22,8,2.8
338084808,2025-01-08T00:00:14Z,45.60146,-122.6562,0.6,,,37,17,5,
316013209,2025-01-08T00:00:01Z,42.95719,-82.42069,0.0,299.1,41,80,130,20,5.8
338127792,2025-01-08T00:00:18Z,34.1615,-77.85258,0.0,310.4,,37,12,4,
369970657,2025-01-08T00:00:09Z,35.07457,-90.12741,0.0,290.8,189,31,34,11,
368130920,2025-01-08T00:00:00Z,32.85573,-79.95542,0.0,195.0,220,52,21,8,3.0
367576750,2025-01-08T00:00:00Z,29.99327,-90.0211,0.0,328.9,66,31,116,17,3.1
338434833,2025-01-08T00:00:20Z,37.9075,-122.38352,0.0,,,36,11,4,
316019447,2025-01-08T00:00:01Z,49.11815,-123.16405,0.0,339.1,,30,22,7,
366047000,2025-01-08T00:00:02Z,47.63031,-122.38104,0.0,,,30,77,16,
636023345,2025-01-08T00:00:03Z,48.61147,-125.72757,10.5,110.7,112,71,255,40,12.6
367516730,2025-01-08T00:00:01Z,45.61204,-122.64573,0.0,241.6,112,31,30,8,3.0
367029870,2025-01-08T00:00:05Z,39.22506,-76.57987,0.0,295.5,331,31,26,10,
366961660,2025-01-08T00:00:03Z,29.68451,-95.00932,0.0,,,31,13,6,
367716330,2025-01-08T00:00:05Z,29.95537,-90.04177,0.0,278.6,290,52,26,11,6.0
369914054,2025-01-08T00:00:11Z,25.00205,-83.77842,10.4,323.5,325,89,228,33,8.1
368260830,2025-01-08T00:00:04Z,37.84324,-122.37646,11.5,146.3,141,57,26,10,2.8
368102780,2025-01-08T00:00:09Z,29.36437,-94.79604,6.3,232.7,231,52,209,18,2.8
338513813,2025-01-08T00:00:03Z,32.17432,-80.76074,0.0,100.3,189,37,16,6,
368130550,2025-01-08T00:00:08Z,29.60355,-89.86988,0.0,296.1,,31,20,8,3.0
366968740,2025-01-08T00:00:00Z,29.28527,-89.36012,0.2,0.0,,30,15,5,2.0
338310838,2025-01-08T00:00:07Z,39.5729,-75.58992,0.8,165.2,,30,12,4,
367456930,2025-01-08T00:00:00Z,29.91879,-90.13793,6.0,338.7,347,31,349,60,2.9
316016034,2025-01-08T00:00:12Z,49.1237,-123.18822,0.0,337.0,,30,15,5,
368085190,2025-01-08T00:00:00Z,29.92656,-90.19987,0.0,248.1,332,57,86,33,3.1
368242740,2025-01-08T00:00:00Z,33.75357,-118.11447,0.0,68.5,,37,17,6,
367692670,2025-01-08T00:00:01Z,28.40199,-96.70488,0.0,81.1,149,31,17,7,2.2
368169710,2025-01-08T00:00:04Z,29.7938,-93.95538,0.0,74.0,339,31,18,6,3.0
636020938,2025-01-08T00:00:01Z,18.76584,-66.15637,0.9,201.8,335,71,243,32,
367376640,2025-01-08T00:00:06Z,38.40409,-82.57247,5.8,287.4,284,31,114,18,
367476840,2025-01-08T00:00:07Z,30.07729,-94.07064,0.0,,261,52,22,10,2.6
367419080,2025-01-08T00:00:06Z,40.66616,-74.00847,0.6,275.2,89,31,28,10,4.3
367328780,2025-01-08T00:00:07Z,38.09474,-122.26348,0.1,204.4,299,52,31,14,5.8
368131490,2025-01-08T00:00:00Z,30.29355,-87.63139,0.0,,,37,14,4,
367456880,2025-01-08T00:00:09Z,38.71385,-90.17311,1.5,212.2,212,31,349,34,3.0
368200790,2025-01-08T00:00:00Z,26.11695,-80.10681,0.0,,,37,58,6,
477637600,2025-01-08T00:00:00Z,34.27045,-120.30074,9.6,105.6,101,71,335,48,13.1
338507908,2025-01-08T00:00:00Z,48.38485,-122.51105,0.0,,,37,8,3,
563052700,2025-01-08T00:00:01Z,38.43963,-125.603,1.2,172.2,240,74,264,32,12.2
368272520,2025-01-08T00:00:01Z,30.05887,-93.5661,6.1,275.1,271,52,24,10,3.4
368196320,2025-01-08T00:00:00Z,37.79863,-122.33103,3.4,106.3,109,52,30,10,
366014000,2025-01-08T00:00:03Z,29.11845,-90.19651,0.0,184.0,160,70,74,16,4.0
368376960,2025-01-08T00:00:02Z,41.13412,-73.17369,15.4,151.8,151,60,92,16,
368396460,2025-01-08T00:00:02Z,27.95238,-80.52912,8.2,341.1,,52,21,8,2.3
368198310,2025-01-08T00:00:02Z,28.94807,-95.3289,0.0,283.2,,70,36,8,3.0
368013670,2025-01-08T00:00:03Z,30.70334,-88.03657,0.1,266.4,,52,20,9,3.4
368184050,2025-01-08T00:00:04Z,37.79659,-122.34058,0.0,,15,52,21,8,3.1
367525310,2025-01-08T00:00:02Z,47.628,-122.39257,0.1,312.1,,37,16,5,
366954130,2025-01-08T00:00:05Z,29.9353,-89.99673,6.7,302.7,,31,65,18,3.1
215800000,2025-01-08T00:00:01Z,40.67247,-74.13552,6.8,27.7,23,71,296,38,9.7
366937150,2025-01-08T00:00:01Z,41.64957,-87.46674,0.0,207.3,225,31,36,20,5.1
368166060,2025-01-08T00:00:01Z,31.15809,-81.49972,0.1,,,36,14,7,
368221490,2025-01-08T00:00:12Z,30.06915,-91.29242,0.0,128.9,289,57,27,10,3.3
338517674,2025-01-08T00:00:09Z,47.24807,-122.43214,0.0,215.0,248,37,13,4,
366912290,2025-01-08T00:00:04Z,29.31226,-94.80254,0.0,285.9,,60,29,6,2.0
367594860,2025-01-08T00:00:05Z,39.42599,-124.08684,7.9,337.9,339,30,16,7,
338162517,2025-01-08T00:00:19Z,48.00263,-122.22171,0.1,28.9,,37,18,6,
367004910,2025-01-08T00:00:00Z,30.1401,-89.64673,0.0,76.4,57,31,23,9,3.0
477637600,2025-01-08T00:00:00Z,34.27045,-120.30074,9.6,105.6,101,71,335,48,13.1
366977480,2025-01-08T00:00:00Z,30.45801,-91.19221,0.0,23.4,,31,15,7,
300000000,2025-01-08T00:00:01Z,29.85404,-89.98158,0.0,,,99,,,
367513230,2025-01-08T00:00:02Z,45.63788,-122.72835,0.1,3.8,117,52,30,12,4.3
367525060,2025-01-08T00:00:02Z,29.84502,-91.90574,6.7,90.3,,52,125,34,3.3
366941830,2025-01-08T00:00:02Z,29.77541,-95.10143,0.0,255.7,,30,79,16,2.7
368340980,2025-01-08T00:00:02Z,39.37689,-74.42409,5.2,245.8,246,,18,7,
367678390,2025-01-08T00:00:02Z,33.61363,-117.92475,0.0,232.2,,37,22,6,2.0
338392382,2025-01-08T00:00:17Z,35.84405,-75.62168,0.0,,,37,,,
368857000,2025-01-08T00:00:02Z,34.90635,-75.67625,12.8,48.6,49,55,68,14,4.0
367650610,2025-01-08T00:00:20Z,48.51485,-122.60533,0.0,48.7,,36,12,2,
367728230,2025-01-08T00:00:06Z,30.20075,-91.32168,0.0,325.6,196,31,123,28,3.0
368102380,2025-01-08T00:00:06Z,38.53923,-90.2553,0.0,,,31,21,8,
367560990,2025-01-08T00:00:02Z,27.92217,-82.44623,0.0,310.8,45,52,30,8,6.0
367479990,2025-01-08T00:00:06Z,47.62061,-122.51504,0.0,169.1,24,60,83,20,
367397990,2025-01-08T00:00:00Z,29.5812,-93.26858,18.7,28.4,,60,42,8,2.0
538005322,2025-01-08T00:00:07Z,17.50143,-64.78325,0.9,329.0,6,80,183,32,9.2
378111106,2025-01-08T00:00:22Z,26.40603,-80.07135,0.0,51.4,,37,11,4,
368105620,2025-01-08T00:00:03Z,30.04666,-90.59843,1.5,23.6,35,31,26,10,2.9
367376740,2025-01-08T00:00:00Z,41.52264,-70.67085,0.0,71.2,86,60,66,18,4.0
367772272,2025-01-08T00:00:05Z,37.82766,-76.27803,0.0,,,30,54,12,
367744120,2025-01-08T00:00:03Z,29.90497,-90.11605,0.0,278.5,,52,19,9,3.0
366999563,2025-01-08T00:00:13Z,43.64609,-70.24833,0.1,28.3,,51,14,4,1.0
338392815,2025-01-08T00:00:04Z,24.56396,-81.73758,0.0,,,36,11,4,
367415390,2025-01-08T00:00:02Z,40.73503,-74.02638,0.0,271.7,,60,23,4,2.0
367660050,2025-01-08T00:00:03Z,39.92905,-75.13205,0.0,209.8,,52,18,8,2.0
367647770,2025-01-08T00:00:03Z,26.84729,-80.06717,0.0,276.2,,37,15,3,
367739320,2025-01-08T00:00:04Z,29.70495,-95.04671,0.0,298.7,287,31,27,9,3.1
367704590,2025-01-08T00:00:00Z,29.96573,-90.23331,0.0,12.3,32,31,21,9,2.8
368237350,2025-01-08T00:00:03Z,29.76171,-95.10828,2.8,128.6,122,31,26,10,3.1
367001830,2025-01-08T00:00:00Z,37.90387,-122.36609,0.0,218.3,273,31,21,7,
316028723,2025-01-08T00:00:03Z,49.28908,-123.21608,1.0,108.0,,50,11,5,
316016013,2025-01-08T00:00:00Z,49.30015,-123.04536,3.4,268.2,275,52,22,9,4.3
338431902,2025-01-08T00:00:06Z,47.40155,-122.32977,0.0,22.9,,37,12,4,
368337650,2025-01-08T00:00:01Z,47.66743,-122.39334,0.0,34.4,,37,24,7,
368073490,2025-01-08T00:00:03Z,30.17516,-89.42962,8.0,259.0,,31,16,7,2.0
367551860,2025-01-08T00:00:02Z,42.76041,-70.18345,7.9,221.0,,30,19,5,
258669000,2025-01-08T00:00:04Z,29.68513,-95.00965,0.0,95.4,171,83,155,22,5.7
368869000,2025-01-08T00:00:15Z,36.91598,-76.17168,0.1,122.9,,35,154,20,6.5
367465730,2025-01-08T00:00:08Z,48.53755,-123.01439,0.0,159.7,,37,16,1,
367437420,2025-01-08T00:00:00Z,29.24225,-95.22049,0.0,325.8,6,31,21,8,2.7
368267380,2025-01-08T00:00:01Z,25.7248,-80.15637,0.0,,,37,17,5,
366939790,2025-01-08T00:00:01Z,40.69725,-74.14928,0.0,288.9,281,52,36,10,4.6
367161610,2025-01-08T00:00:01Z,43.08207,-86.21106,0.0,,,69,13,5,1.5
232047535,2025-01-08T00:00:01Z,33.3344,-124.91784,12.2,148.7,147,70,190,32,11.7
366893910,2025-01-08T00:00:02Z,41.78935,-82.41174,12.6,117.3,116,70,153,20,5.9
413360000,2025-01-08T00:00:02Z,27.61015,-82.77067,12.0,100.9,101,70,190,32,11.8
671087100,2025-01-08T00:00:04Z,18.46288,-66.10298,0.0,157.8,,70,70,18,4.0
316008968,2025-01-08T00:00:03Z,49.19261,-123.67863,8.6,282.2,,30,22,6,
366986670,2025-01-08T00:00:00Z,29.80009,-95.06136,0.0,280.2,,52,16,6,2.1
368088610,2025-01-08T00:00:00Z,37.91495,-122.42409,31.2,352.2,349,60,44,12,1.9
366930730,2025-01-08T00:00:03Z,43.96936,-82.58415,9.6,341.3,340,70,302,32,8.3
367664870,2025-01-08T00:00:01Z,35.08299,-90.14172,0.0,276.3,,31,20,8,
367569030,2025-01-08T00:00:02Z,31.76099,-118.93185,9.5,329.6,333,90,46,12,
367726950,2025-01-08T00:00:01Z,30.08105,-93.32756,0.0,,266,31,114,34,3.0
366996120,2025-01-08T00:00:07Z,29.85166,-90.06285,0.0,154.7,163,52,47,14,3.1
368219290,2025-01-08T00:00:01Z,29.38439,-94.76959,0.5,79.8,90,31,26,6,2.8
369108000,2025-01-08T00:00:03Z,41.40012,-71.32086,5.6,298.3,300,90,94,20,6.3
367014440,2025-01-08T00:00:01Z,35.07621,-90.15728,0.0,296.9,273,33,90,20,2.5
368104390,2025-01-08T00:00:01Z,29.31465,-94.79264,0.0,,,31,4,5,
367434210,2025-01-08T00:00:06Z,40.77622,-74.01005,0.0,285.4,,60,26,10,2.0
368324580,2025-01-08T00:00:01Z,29.96087,-90.39779,0.0,265.3,356,31,206,28,3.4
368117020,2025-01-08T00:00:07Z,29.94372,-90.00206,0.0,299.2,,52,21,10,2.9
367593050,2025-01-08T00:00:02Z,34.14774,-119.20293,0.0,203.4,270,31,25,10,3.5
241763000,2025-01-08T00:00:02Z,26.51462,-79.41418,11.0,183.9,183,80,274,48,9.5
367003590,2025-01-08T00:00:01Z,30.47468,-91.19529,4.6,333.1,,31,15,10,2.5
368130140,2025-01-08T00:00:01Z,30.57942,-88.0284,6.7,350.2,,52,20,6,2.0
368155390,2025-01-08T00:00:05Z,36.80848,-76.28569,0.0,130.2,,52,82,12,2.9
367539060,2025-01-08T00:00:04Z,30.37344,-91.24036,0.0,295.7,34,30,115,18,2.6
367481620,2025-01-08T00:00:08Z,38.53972,-90.25044,0.0,199.1,32,31,84,12,2.5
368212230,2025-01-08T00:00:05Z,30.70842,-88.04349,0.0,327.6,117,52,30,14,
367631890,2025-01-08T00:00:09Z,30.03085,-90.69118,0.0,169.7,,31,99,33,2.6
316021279,2025-01-08T00:00:05Z,48.4324,-123.42731,0.0,0.0,138,31,30,10,
367113260,2025-01-08T00:00:05Z,25.6346,-80.2926,0.0,266.2,,37,35,8,2.2
366977480,2025-01-08T00:00:00Z,30.45801,-91.19221,0.0,23.4,,31,15,7,
368083470,2025-01-08T00:00:00Z,30.47121,-91.1935,0.1,30.8,0,52,124,34,2.9
377908000,2025-01-08T00:00:07Z,25.33673,-79.9658,12.2,204.0,182,70,90,17,4.9
367549860,2025-01-08T00:00:02Z,27.93917,-82.44113,0.0,,,31,18,6,
366935420,2025-01-08T00:00:01Z,29.92884,-89.97418,0.0,273.4,,31,81,12,
368392560,2025-01-08T00:00:04Z,29.75263,-92.20704,8.6,52.4,,52,14,14,
367088340,2025-01-08T00:00:02Z,29.8225,-92.13256,0.0,245.9,,30,49,10,3.6
367428150,2025-01-08T00:00:20Z,30.03038,-94.03333,0.0,218.4,,52,32,10,3.1
367484260,2025-01-08T00:00:04Z,29.99406,-93.91067,0.0,347.8,42,52,29,12,3.1
367017440,2025-01-08T00:00:03Z,33.77085,-118.21169,0.0,236.8,,56,42,8,2.0
367731530,2025-01-08T00:00:29Z,47.57024,-122.18922,0.0,301.6,235,37,20,6,2.1
338358775,2025-01-08T00:00:05Z,21.31336,-157.86712,0.2,,11,50,11,3,
368027210,2025-01-08T00:00:37Z,27.84335,-97.52468,0.0,291.5,283,57,114,34,2.5
367368460,2025-01-08T00:00:04Z,29.93648,-90.3343,0.0,21.9,286,52,30,6,
367012530,2025-01-08T00:00:00Z,39.89244,-75.19188,0.0,4.0,,52,24,11,4.0
316053758,2025-01-08T00:00:04Z,42.61974,-82.52317,6.7,256.6,,99,19,9,
367353110,2025-01-08T00:00:07Z,26.12162,-80.02618,3.6,191.0,192,80,183,32,11.3
367401660,2025-01-08T00:00:02Z,29.81689,-90.00579,0.0,270.9,,30,19,6,
367768490,2025-01-08T00:00:48Z,27.81041,-97.34917,0.0,,,52,,,
319937000,2025-01-08T00:00:02Z,26.09761,-80.16363,0.0,106.6,357,37,50,11,2.4
367155110,2025-01-08T00:01:06Z,46.16719,-123.91803,0.0,202.5,,30,20,6,3.6
367791140,2025-01-08T00:00:08Z,40.70424,-73.97608,0.1,318.2,290,60,24,8,2.0
367377760,2025-01-08T00:00:08Z,26.51707,-80.05405,0.0,255.8,,37,24,8,2.0
367332090,2025-01-08T00:00:04Z,43.53733,-124.45721,9.1,26.3,,30,22,7,
367073820,2025-01-08T00:00:19Z,40.64428,-74.1137,0.0,236.0,231,52,138,22,6.5
367151450,2025-01-08T00:00:08Z,29.32728,-94.77395,0.0,95.9,,60,75,20,3.5
319293600,2025-01-08T00:00:07Z,18.66146,-66.92329,12.0,286.5,282,37,40,10,2.0
368369290,2025-01-08T00:00:04Z,26.73862,-80.04403,0.2,,,36,12,7,
367649770,2025-01-08T00:00:03Z,41.49161,-81.72088,0.0,,,52,24,6,4.0
367419340,2025-01-08T00:00:00Z,38.03998,-122.13782,0.0,44.2,53,52,30,12,6.0
477127900,2025-01-08T00:00:07Z,32.05389,-117.82128,12.3,114.0,113,71,337,48,14.2
368100920,2025-01-08T00:01:12Z,25.31223,-80.28047,0.0,191.0,1,37,39,7,2.5
367691660,2025-01-08T00:00:06Z,33.74879,-118.11407,0.0,233.5,,30,15,4,
338387252,2025-01-08T00:00:10Z,33.9825,-118.45045,0.0,,,99,,,
477151400,2025-01-08T00:00:00Z,29.78152,-90.02207,0.0,96.0,20,70,225,32,11.2
366773090,2025-01-08T00:00:00Z,47.51104,-122.46327,0.0,195.8,215,60,94,22,4.3
477893400,2025-01-08T00:00:06Z,48.21488,-125.84835,1.8,55.7,255,71,320,46,12.7
246648000,2025-01-08T00:00:01Z,24.20041,-82.09568,17.1,233.1,238,69,285,32,8.1
366757740,2025-01-08T00:00:01Z,37.99708,-122.41075,8.7,37.6,33,31,28,10,
366982810,2025-01-08T00:00:05Z,30.27276,-91.14206,0.0,191.1,274,52,43,11,5.2
538071854,2025-01-08T00:00:04Z,18.69112,-66.6523,11.9,290.0,288,37,60,10,3.4
367138710,2025-01-08T00:00:00Z,30.28329,-91.22186,7.6,122.0,323,69,45,18,3.2
368095130,2025-01-08T00:00:00Z,32.71105,-117.17345,0.0,,197,30,22,7,
368139440,2025-01-08T00:00:58Z,27.84894,-97.06287,0.0,,,69,33,8,2.5
367076910,2025-01-08T00:00:05Z,29.99589,-92.79036,0.0,275.6,,31,21,7,6.0
477006500,2025-01-08T00:00:25Z,34.22356,-120.06801,9.0,104.7,106,70,368,51,14.9
368153430,2025-01-08T00:00:01Z,26.27287,-80.09019,0.0,181.3,,36,13,8,
368120090,2025-01-08T00:00:06Z,29.60222,-89.86126,0.0,331.1,,68,10,8,2.0
366804450,2025-01-08T00:00:20Z,29.5459,-90.70056,0.0,127.4,162,31,20,8,1.7
563889000,2025-01-08T00:00:04Z,37.3841,-124.4892,9.3,260.8,264,80,183,32,8.6
316001193,2025-01-08T00:00:37Z,49.29847,-123.02853,0.0,232.7,0,52,23,12,4.4
367353080,2025-01-08T00:00:54Z,33.72586,-118.22943,0.1,282.2,35,80,183,32,8.5
366969140,2025-01-08T00:00:07Z,29.71308,-95.05645,0.0,298.2,7,31,16,6,2.1
366998050,2025-01-08T00:00:07Z,29.96855,-93.85953,0.0,281.7,213,52,24,12,2.9
368328420,2025-01-08T00:00:03Z,27.87163,-97.0462,7.1,21.8,22,,24,13,3.0
477231700,2025-01-08T00:00:06Z,33.52287,-118.36501,0.5,80.2,4,80,333,60,15.3
368112350,2025-01-08T00:00:00Z,28.15864,-82.76336,0.0,1.5,,52,67,17,2.5
232046551,2025-01-08T00:00:08Z,24.56463,-81.73687,0.5,,,37,20,10,2.0
367536120,2025-01-08T00:00:08Z,29.76773,-94.04642,4.8,55.0,56,31,26,9,3.0
338143242,2025-01-08T00:00:01Z,38.16425,-121.68131,9.9,355.4,,55,11,4,
367604770,2025-01-08T00:00:00Z,30.3852,-91.22392,23.8,35.0,,69,12,5,1.6
566716000,2025-01-08T00:00:01Z,29.7628,-95.08598,4.1,253.0,246,70,190,32,11.2
366999412,2025-01-08T00:00:02Z,40.68465,-74.07162,0.0,268.5,,70,37,12,2.7
368338770,2025-01-08T00:00:05Z,29.61103,-94.9906,0.0,331.3,221,52,30,13,6.8
366961230,2025-01-08T00:00:07Z,30.4507,-91.19281,0.1,80.0,329,52,17,7,2.2
367589340,2025-01-08T00:00:00Z,27.84682,-97.22463,0.1,223.0,48,31,30,12,5.6
367377380,2025-01-08T00:00:07Z,42.35557,-71.04968,0.0,329.7,279,60,30,12,2.7
368113990,2025-01-08T00:00:06Z,29.60778,-89.86958,8.3,283.3,285,52,32,12,
366996310,2025-01-08T00:00:02Z,36.96147,-76.4096,0.0,41.9,,31,18,7,2.6
367648240,2025-01-08T00:00:10Z,46.30392,-124.04084,0.0,164.2,,30,14,8,
368139870,2025-01-08T00:00:02Z,40.70277,-74.00712,2.3,144.6,123,60,24,8,
366887970,2025-01-08T00:00:18Z,48.80049,-122.72322,0.0,254.5,20,52,41,12,5.6
368074450,2025-01-08T00:00:05Z,26.74569,-80.04529,0.0,,,36,11,3,
316039252,2025-01-08T00:00:12Z,49.26034,-125.86526,0.0,,,99,,,
369098000,2025-01-08T00:00:01Z,29.30763,-94.81108,0.0,22.8,343,31,24,7,
367003810,2025-01-08T00:00:04Z,27.82467,-97.44643,0.0,264.2,4,52,22,9,3.3
367542420,2025-01-08T00:00:03Z,29.90449,-91.21198,0.0,335.1,,30,18,8,2.5
367306860,2025-01-08T00:00:08Z,30.38831,-81.54486,0.1,305.5,,52,28,8,5.0
366947000,2025-01-08T00:00:03Z,47.62935,-122.38214,0.0,335.9,183,30,53,13,5.0
367502670,2025-01-08T00:00:07Z,32.50042,-80.78395,0.0,,,52,19,8,
367771510,2025-01-08T00:00:03Z,29.6564,-94.6835,0.0,243.6,,31,20,6,
366980230,2025-01-08T00:00:00Z,47.28421,-122.41162,0.0,353.1,138,52,25,5,3.5
338187076,2025-01-08T00:00:36Z,38.87836,-77.02508,0.0,0.0,,37,14,4,
368166290,2025-01-08T00:00:00Z,28.41373,-80.61134,0.0,,,52,16,8,2.8
563053200,2025-01-08T00:00:11Z,29.7103,-87.94265,1.5,139.4,93,70,200,32,6.7
366975740,2025-01-08T00:00:07Z,37.81259,-122.4505,10.4,294.3,,60,25,8,2.6
367688470,2025-01-08T00:00:05Z,46.30423,-124.03586,0.0,1.6,,30,15,5,
366968740,2025-01-08T00:00:10Z,29.28528,-89.36012,0.0,0.0,,30,15,5,2.0
368258880,2025-01-08T00:00:00Z,30.67244,-88.03478,0.0,252.0,,95,10,10,2.0
311536000,2025-01-08T00:00:01Z,25.98344,-79.97649,19.3,151.4,153,69,250,32,7.6
368154770,2025-01-08T00:00:01Z,26.10498,-80.12632,0.0,,,37,16,5,1.8
368067520,2025-01-08T00:00:00Z,28.69659,-89.39599,0.0,124.5,353,3,46,41,
367702780,2025-01-08T00:00:00Z,45.58749,-122.77077,0.4,280.3,150,52,24,8,
367563090,2025-01-08T00:00:05Z,48.75603,-122.50987,0.0,,,99,17,4,
367141080,2025-01-08T00:00:00Z,29.75092,-95.09564,3.8,215.7,218,52,23,11,2.6
367777470,2025-01-08T00:00:07Z,47.63397,-122.32843,0.0,139.3,128,70,45,15,2.0
311001059,2025-01-08T00:00:03Z,18.09437,-64.71834,12.1,108.8,107,60,293,44,8.4
563233800,2025-01-08T00:00:04Z,28.89178,-94.33138,0.4,224.8,15,71,300,48,13.7
366874110,2025-01-08T00:00:07Z,27.64305,-97.1474,0.0,289.1,,99,22,17,2.6
367432180,2025-01-08T00:00:02Z,34.94718,-90.24386,0.0,202.4,342,31,42,10,3.1
316027848,2025-01-08T00:00:06Z,49.289,-123.07984,0.1,250.0,,52,11,4,2.1
369493717,2025-01-08T00:00:19Z,41.52247,-70.66732,0.0,,,51,14,4,2.0
336466638,2025-01-08T00:00:06Z,47.27157,-122.37692,0.0,206.3,53,36,14,4,
367530760,2025-01-08T00:00:03Z,29.99228,-90.79816,0.0,351.7,36,31,361,,3.0
367558070,2025-01-08T00:00:21Z,41.29448,-72.90419,0.0,241.0,,52,26,9,
636024387,2025-01-08T00:00:00Z,40.19933,-73.75156,9.0,353.8,349,70,248,36,10.0
366961440,2025-01-08T00:00:08Z,29.97791,-90.40014,6.0,340.8,343,52,28,12,2.8
368166370,2025-01-08T00:00:16Z,34.17402,-119.22838,0.0,191.0,,37,25,6,
338356082,2025-01-08T00:00:01Z,18.46072,-66.09089,0.0,,,50,15,4,
316056369,2025-01-08T00:00:18Z,48.66886,-123.40547,0.0,,240,37,12,4,
367653490,2025-01-08T00:00:00Z,29.25804,-89.35552,0.0,247.4,,31,30,14,2.2
367310140,2025-01-08T00:00:01Z,30.13211,-85.71511,0.0,,231,33,106,14,
366930000,2025-01-08T00:00:08Z,29.92478,-90.13587,0.0,265.7,,31,32,10,5.0
368260290,2025-01-08T00:00:19Z,32.72653,-117.20985,0.0,,,37,14,4,
366996490,2025-01-08T00:00:00Z,30.43951,-91.19263,0.0,209.3,8,52,22,8,
366989970,2025-01-08T00:00:05Z,38.01842,-90.08787,0.0,306.2,290,31,336,44,2.8
366963830,2025-01-08T00:00:08Z,30.12626,-91.02193,1.3,250.1,,52,20,9,3.0
376736000,2025-01-08T00:00:09Z,17.92698,-65.86837,9.3,206.5,206,52,29,8,3.4
538071238,2025-01-08T00:00:32Z,17.97077,-66.61765,0.0,176.8,75,37,40,8,2.4
367546880,2025-01-08T00:00:05Z,30.00035,-89.98859,0.0,257.0,,31,81,22,2.9
368280820,2025-01-08T00:00:05Z,30.02236,-93.98381,0.0,109.1,262,31,30,10,2.6
367502170,2025-01-08T00:00:07Z,29.91834,-90.14107,0.0,238.0,347,31,114,17,2.7
316001245,2025-01-08T00:00:08Z,49.10528,-123.40222,19.4,308.2,308,60,134,28,5.8
368041830,2025-01-08T00:01:07Z,29.95284,-90.05631,0.8,248.1,178,60,33,8,2.0
316020871,2025-01-08T00:00:08Z,49.10114,-123.41612,5.8,193.3,192,52,28,12,5.4
366758570,2025-01-08T00:01:13Z,47.65873,-122.37928,0.0,,,30,42,11,4.1
338199855,2025-01-08T00:00:01Z,21.32871,-158.11957,0.0,,74,60,10,3,
366905340,2025-01-08T00:00:07Z,30.03572,-90.69592,0.0,316.8,,30,19,6,
367301480,2025-01-08T00:00:07Z,37.79791,-122.3277,3.3,110.6,107,52,30,7,6.8
367098550,2025-01-08T00:01:13Z,37.82057,-122.36148,0.0,214.7,285,52,39,10,4.6
367574880,2025-01-08T00:00:01Z,30.76567,-88.02761,6.8,38.0,35,52,18,8,
366988090,2025-01-08T00:00:02Z,29.67514,-91.22764,0.0,284.7,,31,20,7,2.8
366177430,2025-01-08T00:00:10Z,41.63854,-70.92102,0.0,148.3,167,30,23,9,
368264040,2025-01-08T00:00:06Z,29.9345,-89.99916,0.0,262.4,,31,24,8,
368186750,2025-01-08T00:00:19Z,32.11455,-81.12578,0.2,193.4,,31,17,6,2.0
366996610,2025-01-08T00:00:04Z,28.95052,-95.33389,0.0,26.8,90,31,91,17,2.2
368165030,2025-01-08T00:00:01Z,33.72344,-118.28068,0.0,1.3,220,52,10,4,
319769000,2025-01-08T00:00:04Z,26.77844,-80.05317,0.0,285.6,12,37,50,9,3.0
367561460,2025-01-08T00:00:06Z,30.0762,-94.0853,0.0,261.7,276,52,30,12,5.0
367365210,2025-01-08T00:00:01Z,29.9583,-92.85008,7.3,70.1,,31,69,12,2.6
368274580,2025-01-08T00:00:06Z,29.74966,-95.10772,0.0,327.3,63,52,26,12,4.5
368046090,2025-01-08T00:00:22Z,26.13934,-80.10913,0.0,247.8,12,37,38,9,2.0
367514780,2025-01-08T00:00:04Z,37.90577,-122.3703,0.0,310.0,,54,20,6,2.6
367033250,2025-01-08T00:00:05Z,30.28652,-88.76921,6.8,269.4,,31,21,8,1.7
368099390,2025-01-08T00:00:35Z,29.1406,-90.19667,0.0,242.5,338,70,57,15,3.4
205700000,2025-01-08T00:00:07Z,23.61034,-83.49501,12.7,94.5,89,70,199,33,13.0
212505000,2025-01-08T00:00:01Z,32.0078,-119.42682,0.6,326.1,312,80,273,48,15.6
368298510,2025-01-08T00:00:36Z,26.11646,-80.11543,0.0,,,37,24,6,
368177590,2025-01-08T00:00:01Z,30.03621,-94.03577,0.0,148.1,244,57,119,18,3.3
367576750,2025-01-08T00:00:00Z,29.99327,-90.0211,0.0,328.9,66,31,116,17,3.1
367432710,2025-01-08T00:00:38Z,47.64456,-122.31461,0.0,5.6,,37,14,5,
368312000,2025-01-08T00:00:08Z,47.63073,-122.34016,0.0,14.1,,37,20,7,2.0
367101920,2025-01-08T00:00:06Z,41.64816,-70.27902,0.0,206.7,206,60,44,10,
366888770,2025-01-08T00:00:00Z,47.05131,-122.90564,0.0,263.7,,52,28,9,4.0
319284400,2025-01-08T00:00:38Z,25.95689,-80.12762,0.0,,,37,33,7,
368230320,2025-01-08T00:00:05Z,29.93901,-91.84565,0.0,,,31,8,8,
367166430,2025-01-08T00:00:05Z,29.42919,-94.71597,0.0,302.9,240,31,211,17,2.8
368077830,2025-01-08T00:00:04Z,29.46556,-94.85009,5.0,338.3,339,31,21,7,
367456930,2025-01-08T00:00:00Z,29.92038,-90.13851,6.0,345.4,352,31,349,60,2.9
368139720,2025-01-08T00:00:04Z,30.37101,-88.56434,0.0,319.1,228,52,99,10,3.1
368235320,2025-01-08T00:00:03Z,34.16846,-119.22337,0.0,,2,37,15,14,
366772980,2025-01-08T00:00:03Z,47.49791,-122.43481,16.0,163.9,164,60,100,24,5.0
368123180,2025-01-08T00:00:03Z,29.89899,-93.90323,5.4,44.8,,31,21,7,2.4
367653490,2025-01-08T00:00:00Z,29.25809,-89.35564,0.0,270.7,,31,30,14,2.2
367434080,2025-01-08T00:00:01Z,38.49013,-90.27751,0.0,262.2,9,31,479,49,3.1
367468580,2025-01-08T00:00:00Z,29.77612,-93.93896,0.0,289.5,,31,20,7,2.0
367598990,2025-01-08T00:00:00Z,29.68523,-91.1001,0.0,311.4,,60,30,8,2.0
367181880,2025-01-08T00:00:02Z,41.2814,-72.34853,0.0,343.9,338,60,33,9,2.0
367458840,2025-01-08T00:00:01Z,25.76413,-80.14427,0.1,,175,60,50,12,
305079000,2025-01-08T00:00:04Z,26.07651,-80.11464,4.8,186.3,186,71,148,24,6.6
271049667,2025-01-08T00:00:05Z,31.15999,-81.42049,0.1,,,36,12,4,
368227820,2025-01-08T00:00:04Z,30.035,-93.78499,0.0,,,22,20,8,2.5
368354510,2025-01-08T00:00:00Z,41.63355,-70.90788,0.0,0.0,261,60,76,20,3.2
368310750,2025-01-08T00:00:05Z,29.76371,-95.18812,0.0,187.6,85,52,117,17,
316014014,2025-01-08T00:00:17Z,49.28654,-123.10038,0.0,332.8,,53,14,5,1.4
367447520,2025-01-08T00:00:01Z,42.33694,-71.0022,26.6,314.4,314,40,39,13,
338243696,2025-01-08T00:00:01Z,41.75357,-70.15341,0.0,335.8,,37,17,5,
338470452,2025-01-08T00:00:09Z,37.83816,-122.3114,0.0,,,36,11,4,
367028790,2025-01-08T00:00:03Z,30.21097,-93.30321,0.0,351.7,,52,17,7,3.5
338512945,2025-01-08T00:00:18Z,25.52528,-80.17454,0.3,137.9,,36,6,4,
368032910,2025-01-08T00:00:19Z,33.61196,-117.90125,0.1,,,37,23,6,
368926001,2025-01-08T00:00:06Z,38.58891,-90.20642,0.0,271.9,,33,82,14,2.4
368097520,2025-01-08T00:00:08Z,29.40848,-94.74079,4.0,42.0,45,52,208,17,2.8
338384000,2025-01-08T00:00:00Z,47.63483,-122.32874,0.0,83.2,283,30,64,13,5.2
303221000,2025-01-08T00:00:07Z,47.63556,-122.32853,0.0,319.6,132,30,45,14,4.0
338384000,2025-01-08T00:00:00Z,47.63483,-122.32874,0.0,83.2,283,30,64,13,5.2
366962010,2025-01-08T00:00:18Z,29.36389,-94.89181,0.0,,,31,16,5,
367156710,2025-01-08T00:00:03Z,29.29536,-89.34425,0.0,258.8,,31,20,8,2.1
338310285,2025-01-08T00:00:04Z,27.49982,-82.57257,0.0,225.7,,37,18,5,
367799380,2025-01-08T00:00:04Z,30.38578,-81.54566,8.6,80.8,81,70,220,32,8.9
367744020,2025-01-08T00:00:36Z,47.24804,-122.43202,0.0,,,36,13,4,
366972410,2025-01-08T00:00:04Z,29.7389,-94.92529,0.0,349.2,,52,18,8,1.0
367723450,2025-01-08T00:00:40Z,47.33114,-122.58015,0.0,191.1,,37,14,6,
477738500,2025-01-08T00:00:05Z,34.25552,-121.39693,17.3,223.0,225,70,323,43,10.1
368219430,2025-01-08T00:00:08Z,24.56424,-81.73888,0.0,98.9,95,37,18,5,
368208250,2025-01-08T00:00:00Z,29.99697,-90.42135,0.1,283.2,284,57,207,12,3.0
367389480,2025-01-08T00:00:06Z,39.36752,-74.39563,0.0,228.8,244,52,18,6,3.0
368059440,2025-01-08T00:00:01Z,34.37878,-90.66533,3.3,46.0,47,52,476,44,3.6
368121820,2025-01-08T00:00:03Z,30.19824,-91.11911,0.0,,248,52,32,12,
369493414,2025-01-08T00:00:06Z,38.31269,-123.05157,0.0,113.8,,51,14,4,1.4
368368870,2025-01-08T00:00:05Z,29.73707,-95.14149,0.0,296.9,,12,14,6,3.0
338881000,2025-01-08T00:00:07Z,33.7344,-118.24883,0.0,145.3,251,71,255,40,13.0
366874920,2025-01-08T00:00:00Z,30.03714,-94.04419,0.0,317.4,4,31,15,9,2.9
671317100,2025-01-08T00:00:02Z,18.33018,-64.96117,0.1,312.4,23,99,27,8,3.6
367428690,2025-01-08T00:00:06Z,43.88851,-69.81091,0.6,190.5,213,32,24,8,13.0
367402210,2025-01-08T00:00:04Z,40.71433,-73.97245,17.1,202.2,,60,47,10,
367693850,2025-01-08T00:00:02Z,43.65784,-70.24823,0.0,263.4,,52,40,13,4.5
366874920,2025-01-08T00:00:00Z,30.03714,-94.04419,0.0,317.4,4,31,15,9,2.9
367653620,2025-01-08T00:00:00Z,25.7733,-80.17596,0.1,232.8,301,52,28,12,5.0
368121060,2025-01-08T00:00:02Z,25.37347,-80.30156,0.0,,,37,12,8,
367745570,2025-01-08T00:00:00Z,28.90674,-95.36584,0.1,337.2,239,31,113,34,3.1
338049016,2025-01-08T00:00:00Z,32.71121,-117.23313,0.0,291.1,,37,15,4,
338390908,2025-01-08T00:00:01Z,32.76813,-117.23538,0.0,,,37,12,4,
303244000,2025-01-08T00:00:01Z,47.65775,-122.3752,0.0,359.1,358,70,74,12,3.5
338034123,2025-01-08T00:00:02Z,48.93575,-122.78595,0.0,,,37,12,4,
338422116,2025-01-08T00:00:01Z,30.35207,-88.50805,0.0,286.3,,50,17,5,
367711840,2025-01-08T00:00:01Z,29.76578,-95.09024,0.8,174.2,145,31,149,13,3.1
367763660,2025-01-08T00:00:02Z,46.16885,-123.91388,0.0,235.5,105,30,19,8,
367537710,2025-01-08T00:00:03Z,29.50248,-94.55033,7.9,64.6,68,31,208,18,3.1
367488280,2025-01-08T00:00:07Z,47.65898,-122.37997,0.0,220.3,,30,27,8,3.0
369494415,2025-01-08T00:00:06Z,30.1703,-85.75559,0.0,,,51,15,5,1.0
366997760,2025-01-08T00:00:07Z,30.04507,-90.54925,0.3,207.2,345,52,20,8,2.8
367087160,2025-01-08T00:00:00Z,30.43288,-86.41703,7.1,276.0,279,31,27,11,2.8
338458011,2025-01-08T00:00:03Z,26.89039,-80.07397,0.0,,,37,17,5,
367437640,2025-01-08T00:00:01Z,29.53788,-93.73475,1.7,241.1,,31,26,9,3.5
367591990,2025-01-08T00:00:02Z,43.65645,-70.24827,0.0,,,60,31,9,
367130890,2025-01-08T00:00:03Z,34.24115,-119.26392,0.0,200.8,194,60,15,5,
316033814,2025-01-08T00:00:05Z,49.15427,-123.55926,13.9,111.0,112,74,150,26,4.3
636021410,2025-01-08T00:00:36Z,29.32073,-94.60447,0.0,253.8,35,80,124,20,6.7
368317530,2025-01-08T00:00:07Z,26.11684,-80.15403,0.0,,,36,14,8,
367327910,2025-01-08T00:00:09Z,41.6429,-70.91617,0.0,123.3,329,69,38,8,1.4
367638760,2025-01-08T00:00:07Z,30.29178,-81.67452,7.7,174.5,,52,20,8,
367553370,2025-01-08T00:00:08Z,41.81511,-71.4002,0.0,17.9,326,31,32,10,
368217570,2025-01-08T00:00:00Z,40.64167,-74.07199,0.0,307.7,82,69,96,22,4.2
366659730,2025-01-08T00:00:01Z,47.17345,-122.60306,0.0,265.0,,60,61,20,5.0
367150450,2025-01-08T00:00:01Z,32.72302,-117.226,0.1,,,60,25,7,
367311850,2025-01-08T00:00:02Z,27.97689,-82.82445,0.0,,,60,30,10,
367731330,2025-01-08T00:00:04Z,29.75317,-90.13534,5.8,28.0,40,31,23,8,9.0
338438802,2025-01-08T00:00:05Z,27.9167,-82.84034,0.0,,,37,41,10,
367311640,2025-01-08T00:00:06Z,29.84827,-89.97796,0.0,253.3,,60,47,30,2.5
368504000,2025-01-08T00:00:06Z,40.66529,-74.01601,0.0,308.7,183,52,32,10,6.3
366873860,2025-01-08T00:00:04Z,40.10241,-74.04384,0.0,290.0,,30,30,9,
338049016,2025-01-08T00:00:00Z,32.71121,-117.23313,0.0,291.1,,37,15,4,
367426950,2025-01-08T00:00:00Z,29.70647,-95.04087,0.0,256.5,,31,119,18,3.1
355919000,2025-01-08T00:00:00Z,31.94389,-80.65767,8.9,289.7,293,70,336,46,11.1
316037785,2025-01-08T00:00:03Z,48.67437,-123.42007,0.0,113.1,,37,13,4,
338490485,2025-01-08T00:00:06Z,47.30544,-122.51143,0.0,21.7,,37,14,4,
368350990,2025-01-08T00:00:20Z,47.33238,-122.58128,0.0,0.0,,37,12,4,
367756120,2025-01-08T00:00:00Z,26.77933,-80.05286,0.0,,,37,17,5,1.7
367475780,2025-01-08T00:00:04Z,29.76619,-91.71615,0.0,204.3,,60,26,10,2.0
367702010,2025-01-08T00:00:07Z,34.54056,-90.54514,4.0,48.3,,31,357,54,3.6
367167020,2025-01-08T00:00:01Z,35.07386,-90.17752,4.6,358.9,355,31,215,18,3.3
367760820,2025-01-08T00:00:37Z,30.40461,-88.2506,0.5,,,30,25,7,
367134760,2025-01-08T00:00:37Z,38.9487,-74.90569,0.0,203.3,,30,29,8,
367562810,2025-01-08T00:00:06Z,29.51002,-94.87939,6.2,148.2,147,52,28,11,3.0
367120550,2025-01-08T00:00:03Z,39.82592,-75.36116,0.4,80.0,,52,33,10,4.0
368354880,2025-01-08T00:00:03Z,29.39806,-94.75402,3.7,43.3,48,57,115,34,3.0
368162850,2025-01-08T00:00:03Z,47.17839,-122.61089,15.9,315.6,,60,21,5,
367186380,2025-01-08T00:00:00Z,41.81509,-71.40027,0.0,263.8,,52,30,7,
367697710,2025-01-08T00:00:00Z,47.6668,-122.39254,0.0,111.8,,37,15,5,
368373470,2025-01-08T00:00:01Z,28.15608,-82.75818,0.0,0.0,357,37,11,4,
368351150,2025-01-08T00:00:02Z,29.74483,-93.8691,0.0,314.6,132,52,31,13,
367318540,2025-01-08T00:00:02Z,30.78669,-88.01112,0.0,282.6,5,31,27,8,2.7
215159000,2025-01-08T00:00:02Z,48.51915,-125.0449,15.8,270.1,263,70,295,33,9.3
538009130,2025-01-08T00:00:03Z,36.85175,-75.80442,9.6,300.1,302,70,200,32,7.4
367610510,2025-01-08T00:00:03Z,30.07171,-90.90587,0.0,188.1,137,31,61,16,
368481000,2025-01-08T00:00:02Z,29.74493,-93.86955,0.0,76.5,269,52,32,14,6.9
367684350,2025-01-08T00:00:02Z,39.1094,-84.69872,0.0,,,31,19,7,2.0
367635250,2025-01-08T00:00:05Z,26.7472,-80.04469,0.1,167.2,,36,13,7,
367308990,2025-01-08T00:00:06Z,30.25644,-88.40167,5.0,261.0,267,31,27,9,3.0
338926408,2025-01-08T00:00:06Z,24.56483,-81.79889,0.0,154.2,97,55,46,7,3.0
338323728,2025-01-08T00:00:04Z,34.40454,-119.69002,0.1,,,37,11,3,
367057930,2025-01-08T00:00:05Z,29.83444,-90.06029,0.0,349.5,311,52,24,10,2.8
367738760,2025-01-08T00:00:06Z,35.84468,-75.65473,0.1,250.8,,37,15,4,
367380890,2025-01-08T00:00:00Z,30.56763,-88.08806,0.9,,,60,24,6,
368059490,2025-01-08T00:00:00Z,29.20682,-95.04592,5.3,237.6,240,52,302,11,2.9
367340440,2025-01-08T00:00:02Z,29.85496,-90.06375,0.0,232.3,71,31,26,10,2.8
368062270,2025-01-08T00:00:03Z,30.30601,-87.50273,4.8,118.5,112,57,27,10,2.7
316014621,2025-01-08T00:00:05Z,49.29006,-123.10502,11.5,186.0,183,60,34,12,2.8
367529150,2025-01-08T00:00:02Z,28.37048,-96.56708,4.7,239.8,239,31,116,34,2.8
338495949,2025-01-08T00:00:06Z,37.83968,-122.3864,8.7,190.5,200,36,11,3,
368208150,2025-01-08T00:00:09Z,30.30996,-87.43864,0.0,247.6,,37,11,4,
367688340,2025-01-08T00:00:00Z,40.43613,-80.00752,0.0,,,69,27,10,1.5
338302266,2025-01-08T00:00:03Z,38.96824,-76.47881,0.0,,,36,12,3,
636016975,2025-01-08T00:00:03Z,34.66227,-75.73367,16.5,48.0,48,70,140,22,6.2
366993010,2025-01-08T00:00:06Z,47.54998,-122.34106,0.0,338.5,225,52,23,8,
367716440,2025-01-08T00:00:12Z,26.83214,-80.0539,0.0,228.0,,37,34,7,
257253000,2025-01-08T00:00:02Z,41.50678,-71.40835,0.0,10.1,193,95,119,32,4.9
338099886,2025-01-08T00:00:10Z,48.51442,-122.60428,0.0,182.5,,36,15,3,
367047170,2025-01-08T00:00:03Z,45.84783,-122.78369,8.2,8.3,6,52,26,8,3.4
367006540,2025-01-08T00:00:06Z,42.35738,-71.03311,0.0,3.9,303,52,145,24,5.5
367451110,2025-01-08T00:00:05Z,29.91381,-90.07932,0.0,40.6,246,31,219,17,2.8
538070362,2025-01-08T00:00:19Z,24.56443,-81.7361,0.0,216.8,,90,38,16,
338124000,2025-01-08T00:00:07Z,18.46121,-66.09357,0.0,17.5,,52,29,9,14.6
367685470,2025-01-08T00:00:04Z,38.42717,-82.59676,0.0,,,31,16,5,2.1
338191619,2025-01-08T00:00:21Z,30.02755,-90.11652,0.0,,,36,16,5,
367305380,2025-01-08T00:00:04Z,30.69986,-88.03421,0.0,319.6,,31,23,9,
338227318,2025-01-08T00:00:06Z,34.16311,-119.22556,0.0,146.3,,36,15,4,
367773150,2025-01-08T00:00:04Z,20.79064,-156.51166,0.0,,,99,21,9,
367064160,2025-01-08T00:00:06Z,41.63019,-70.90516,0.0,,,50,14,6,2.5
368179250,2025-01-08T00:00:00Z,25.77182,-80.15138,0.0,,104,60,47,,
368316410,2025-01-08T00:00:00Z,41.46021,-71.27644,1.2,121.4,219,30,25,8,
367136020,2025-01-08T00:00:00Z,28.41531,-80.6089,0.0,82.5,,31,19,8,3.0
367345040,2025-01-08T00:00:01Z,29.72992,-93.87108,0.1,254.6,,60,18,5,1.2
367100370,2025-01-08T00:00:02Z,38.78273,-75.12033,0.0,138.6,,50,15,4,
563004900,2025-01-08T00:00:02Z,49.30492,-123.20193,0.0,181.0,92,74,300,43,13.4
367413160,2025-01-08T00:00:04Z,29.79461,-93.32445,0.0,292.3,,70,40,14,3.5
366553750,2025-01-08T00:00:03Z,29.9224,-90.0712,0.0,248.3,,90,26,8,
538007899,2025-01-08T00:00:04Z,46.09385,-122.93793,0.0,339.6,124,79,177,30,10.3
367653470,2025-01-08T00:00:03Z,29.73541,-95.05461,7.3,122.7,118,52,25,11,2.6
367311490,2025-01-08T00:00:03Z,28.07395,-96.96335,4.7,52.8,46,31,103,18,3.0
368206360,2025-01-08T00:00:07Z,47.79409,-122.49563,0.0,2.4,19,40,43,13,1.0
367164250,2025-01-08T00:00:10Z,42.38,-71.04208,0.0,204.8,88,52,28,10,4.3
368106490,2025-01-08T00:00:12Z,29.78531,-91.81217,3.6,126.6,120,57,204,22,3.1
368001250,2025-01-08T00:00:04Z,29.83939,-95.10204,0.1,225.3,347,52,79,10,3.0
368060930,2025-01-08T00:00:00Z,29.94535,-90.01637,0.2,267.8,,31,18,6,3.0
316028554,2025-01-08T00:00:07Z,49.29615,-123.09686,11.2,48.5,51,60,34,12,
367777460,2025-01-08T00:00:02Z,27.91151,-82.44123,0.0,128.5,54,52,28,12,5.2
338361102,2025-01-08T00:00:00Z,32.72632,-117.2006,0.0,170.5,356,37,11,4,
366359000,2025-01-08T00:00:02Z,30.39044,-81.5207,8.1,261.1,262,52,125,20,5.5
367160030,2025-01-08T00:00:02Z,29.31461,-94.77877,0.0,,,60,32,8,
367319430,2025-01-08T00:00:04Z,31.00823,-91.63257,0.1,134.4,,31,16,6,
367506190,2025-01-08T00:00:01Z,33.72425,-118.28152,0.0,294.8,,36,16,5,
367496150,2025-01-08T00:00:03Z,29.83004,-93.96115,7.2,348.0,346,31,8,6,2.8
366516380,2025-01-08T00:00:05Z,42.38034,-71.04212,0.0,94.0,52,52,162,24,6.3
338429201,2025-01-08T00:00:17Z,37.83812,-122.31111,0.0,,,36,9,4,
338459889,2025-01-08T00:00:19Z,34.40424,-119.69155,0.0,,,37,11,3,
366986160,2025-01-08T00:00:06Z,29.65608,-91.12403,0.0,302.6,239,30,33,9,
368128670,2025-01-08T00:00:21Z,47.33005,-122.58031,0.0,,,36,12,4,
367786010,2025-01-08T00:00:07Z,37.79498,-122.39152,0.0,315.1,228,60,41,12,2.0
367679560,2025-01-08T00:00:04Z,32.78837,-79.91043,0.0,280.9,,36,20,5,
367681730,2025-01-08T00:00:08Z,40.64445,-74.02834,0.1,,,55,12,6,
366938440,2025-01-08T00:00:04Z,30.07562,-94.07931,0.0,183.6,221,52,33,10,
319259500,2025-01-08T00:00:03Z,25.70343,-80.25102,0.0,,,37,23,6,
366866930,2025-01-08T00:00:03Z,48.16223,-123.09044,0.0,351.3,111,52,40,14,6.1
338386214,2025-01-08T00:00:06Z,47.68371,-122.40575,0.0,,,36,9,3,
366999513,2025-01-08T00:00:00Z,29.6894,-91.2024,0.0,214.5,99,55,22,6,1.4
368195880,2025-01-08T00:00:00Z,30.39359,-88.26569,0.0,,,30,28,8,
367733950,2025-01-08T00:00:00Z,48.48506,-122.60923,0.0,219.4,114,37,10,3,
367095130,2025-01-08T00:00:01Z,47.98127,-122.22294,0.0,184.8,34,30,31,10,
368288780,2025-01-08T00:00:01Z,32.92211,-79.82523,0.0,9.6,,37,12,4,
353720000,2025-01-08T00:00:05Z,43.58331,-124.81308,5.8,126.1,119,70,179,30,5.7
368068820,2025-01-08T00:00:07Z,37.79993,-122.33118,0.0,213.1,,33,45,16,2.0
636092988,2025-01-08T00:00:08Z,18.73176,-66.19239,10.3,95.4,92,89,155,25,9.0
367138690,2025-01-08T00:00:04Z,30.25427,-91.27062,0.0,260.0,,60,49,20,2.3
319285300,2025-01-08T00:00:05Z,25.80013,-80.25142,0.0,285.3,,37,35,7,
338404083,2025-01-08T00:00:11Z,47.63384,-122.33876,0.1,,,37,18,4,
338395317,2025-01-08T00:00:08Z,38.04555,-122.15592,0.0,,,37,10,3,
538007280,2025-01-08T00:00:13Z,30.05234,-90.5117,0.0,94.5,256,70,229,32,7.7
366398180,2025-01-08T00:00:02Z,38.95813,-74.87644,0.0,262.7,,30,30,7,
368107220,2025-01-08T00:00:10Z,47.75619,-122.26006,0.0,38.0,,37,13,4,
338114869,2025-01-08T00:00:08Z,31.1525,-81.49979,0.0,222.2,,37,12,4,
338051528,2025-01-08T00:00:17Z,45.60782,-122.67619,0.0,65.9,,37,15,5,
338231269,2025-01-08T00:00:21Z,48.51404,-122.60472,0.0,,,37,14,5,
368157510,2025-01-08T00:00:03Z,21.28399,-157.84339,0.0,,,36,14,8,
367793280,2025-01-08T00:00:38Z,27.7967,-82.60975,0.0,92.7,,37,18,6,
338794000,2025-01-08T00:00:08Z,39.20367,-76.51417,11.0,134.6,136,70,228,32,9.2
367537070,2025-01-08T00:00:08Z,29.82697,-90.00261,0.0,,,60,14,6,
636019991,2025-01-08T00:00:05Z,29.73912,-95.15975,0.0,120.6,181,80,183,32,8.2
368025880,2025-01-08T00:00:19Z,26.11126,-80.10833,0.1,337.0,96,37,28,8,3.0
367610230,2025-01-08T00:00:21Z,41.43981,-70.02635,8.0,272.8,,30,30,8,
368563000,2025-01-08T00:00:04Z,26.89445,-80.07177,0.0,,,37,37,6,
366996140,2025-01-08T00:00:04Z,29.7665,-95.10108,0.0,282.4,328,52,19,9,2.1
367581220,2025-01-08T00:00:03Z,37.82196,-122.31129,0.1,244.5,295,52,33,13,5.7
367057070,2025-01-08T00:00:38Z,30.08821,-90.90673,0.0,244.8,,60,12,4,
338469168,2025-01-08T00:00:03Z,24.57632,-81.70872,0.0,29.6,,37,13,4,
367068110,2025-01-08T00:00:03Z,38.94009,-75.31782,0.0,328.5,,60,19,6,1.0
367511270,2025-01-08T00:00:00Z,29.78995,-95.08029,0.0,255.9,,31,22,10,3.1
366896060,2025-01-08T00:00:02Z,29.72084,-93.86461,0.0,331.9,237,50,21,7,
565661000,2025-01-08T00:00:02Z,33.73276,-118.24604,0.0,197.6,251,71,338,46,14.9
368311110,2025-01-08T00:00:09Z,47.80957,-122.3895,0.0,,,30,10,2,
368221140,2025-01-08T00:00:10Z,26.11329,-80.11675,0.0,,,37,25,6,
367126620,2025-01-08T00:00:06Z,34.22587,-77.95413,0.0,53.3,193,52,31,8,3.0
368011860,2025-01-08T00:00:00Z,39.03867,-84.36885,0.0,111.3,,52,16,6,2.5
366870730,2025-01-08T00:00:02Z,34.14735,-119.2222,5.5,311.8,318,33,16,6,2.0
368101960,2025-01-08T00:00:04Z,40.7274,-73.9702,21.4,179.7,181,69,35,6,
366826940,2025-01-08T00:00:05Z,30.68796,-91.35003,0.0,284.4,343,31,207,17,2.7
367413270,2025-01-08T00:00:07Z,29.61459,-91.11839,0.7,265.1,,33,95,14,
367014390,2025-01-08T00:00:04Z,29.14108,-89.24747,0.0,327.0,155,52,20,8,2.2
367308510,2025-01-08T00:00:00Z,29.34774,-90.24661,0.0,264.7,,92,54,12,4.0
367308510,2025-01-08T00:00:00Z,29.34778,-90.24662,0.0,277.6,,92,54,12,4.0
366123456,2025-01-08T00:00:03Z,29.78543,-95.09152,0.0,139.4,10,37,9,3,
255806481,2025-01-08T00:00:05Z,39.85074,-75.33916,0.0,167.3,244,70,220,32,9.0
367725350,2025-01-08T00:00:00Z,30.00009,-90.80006,0.0,280.5,220,31,209,44,2.9
367570080,2025-01-08T00:00:01Z,29.96763,-93.86069,0.0,103.0,300,31,121,17,4.0
367740630,2025-01-08T00:00:12Z,47.64923,-122.32957,0.0,236.6,,37,22,6,2.0
366997730,2025-01-08T00:00:00Z,29.95844,-90.29172,0.6,131.5,193,52,20,8,3.1
367551340,2025-01-08T00:00:05Z,40.64052,-74.16339,0.0,234.4,,52,29,8,2.0
367541740,2025-01-08T00:00:04Z,30.02032,-93.98953,0.0,,45,31,209,17,3.0
366999507,2025-01-08T00:00:37Z,32.77331,-79.94486,0.0,198.6,78,90,22,6,
367505780,2025-01-08T00:00:00Z,29.70576,-95.04091,0.0,258.1,271,31,124,33,3.0
345020013,2025-01-08T00:00:02Z,32.4057,-117.22211,0.6,254.9,,,,,
248939000,2025-01-08T00:00:10Z,23.88055,-80.94891,9.0,206.0,212,60,319,48,8.7
367021310,2025-01-08T00:00:05Z,29.71154,-91.22264,0.0,277.9,,52,20,8,2.1
316001267,2025-01-08T00:00:05Z,48.75559,-123.43809,11.8,140.1,138,60,110,24,3.3
366940860,2025-01-08T00:00:02Z,30.23988,-89.56724,0.0,17.9,,31,30,12,3.1
368574000,2025-01-08T00:00:05Z,29.81701,-93.98292,0.0,14.3,89,37,102,17,2.8
316009844,2025-01-08T00:00:06Z,49.29037,-123.06066,0.0,345.9,,52,13,7,
367008450,2025-01-08T00:00:07Z,29.91382,-89.97467,0.0,71.0,,52,20,8,2.0
367006030,2025-01-08T00:00:08Z,38.04886,-121.89882,0.0,,,31,20,8,1.8
367308510,2025-01-08T00:00:11Z,29.34776,-90.24663,0.0,276.5,,92,54,12,4.0
316005717,2025-01-08T00:00:24Z,49.17074,-122.92398,0.0,0.0,,52,19,8,
368727000,2025-01-08T00:01:06Z,37.16688,-76.60895,0.0,325.3,250,35,84,19,
368330780,2025-01-08T00:01:08Z,30.01571,-90.74178,6.4,97.1,98,57,207,43,3.1
366984540,2025-01-08T00:00:00Z,26.56598,-80.0195,9.5,186.4,186,52,179,25,4.8
367129820,2025-01-08T00:00:00Z,30.05849,-93.6907,7.7,88.4,,31,19,7,2.3
367694480,2025-01-08T00:00:01Z,30.73785,-88.0412,0.0,124.0,17,31,155,33,3.3
366997420,2025-01-08T00:00:02Z,29.85029,-90.02179,0.0,271.9,,31,15,14,2.4
316019565,2025-01-08T00:00:04Z,48.65207,-123.39507,0.0,264.5,,40,10,4,
256191000,2025-01-08T00:00:04Z,19.50592,-69.16017,17.7,106.8,107,60,327,40,8.4
367743710,2025-01-08T00:00:04Z,32.69143,-80.22402,0.0,46.5,166,52,20,8,2.2
366976920,2025-01-08T00:00:05Z,47.59925,-122.33928,0.0,279.0,269,52,34,12,6.4
367770270,2025-01-08T00:00:05Z,40.66919,-74.14128,0.1,82.8,298,52,31,12,5.5
366862710,2025-01-08T00:00:04Z,38.2391,-90.36476,4.2,349.0,352,52,200,35,3.6
367354360,2025-01-08T00:00:05Z,41.28879,-72.08572,12.6,14.5,7,60,94,15,2.7
368235990,2025-01-08T00:00:03Z,26.7794,-80.05367,0.0,277.2,,37,34,10,
368238290,2025-01-08T00:00:00Z,29.60839,-89.87081,4.7,282.5,,52,15,7,
366772760,2025-01-08T00:00:00Z,47.60713,-122.48944,13.9,132.1,126,60,140,28,5.8
354747000,2025-01-08T00:00:00Z,29.45127,-89.60269,13.2,127.0,138,70,183,29,10.1
477023800,2025-01-08T00:00:01Z,38.52828,-74.737,5.4,323.3,320,80,237,44,9.4
367456950,2025-01-08T00:00:03Z,30.2927,-91.22635,0.0,320.1,329,31,267,22,2.9
367310510,2025-01-08T00:00:07Z,29.99298,-90.44013,0.5,204.0,,52,23,10,
367373660,2025-01-08T00:00:07Z,39.57012,-76.09993,0.0,264.9,,52,19,8,
367549260,2025-01-08T00:00:44Z,29.93777,-90.00469,0.0,248.5,305,31,109,34,3.0
477346500,2025-01-08T00:01:06Z,29.42576,-89.60224,14.9,198.0,200,72,275,40,10.0
368430000,2025-01-08T00:00:00Z,26.76649,-80.04694,0.0,270.7,172,52,120,12,
368316410,2025-01-08T00:01:03Z,41.46014,-71.27597,1.2,84.5,203,30,25,8,
368343550,2025-01-08T00:00:06Z,30.25444,-88.55285,5.6,87.4,,52,26,10,2.9
367379320,2025-01-08T00:01:12Z,42.35557,-71.04832,2.7,109.1,309,40,37,10,2.0
366936930,2025-01-08T00:00:03Z,30.04042,-90.84138,0.0,295.0,348,31,225,34,2.7
368007130,2025-01-08T00:00:05Z,29.75853,-95.09424,0.0,316.1,297,52,25,11,3.4
367332930,2025-01-08T00:00:00Z,29.70919,-95.04902,0.0,,203,31,113,34,3.1
367526590,2025-01-08T00:00:00Z,30.22074,-93.24081,4.8,198.3,213,31,204,22,3.1
367376530,2025-01-08T00:00:02Z,28.74249,-88.82556,0.0,267.5,,90,44,44,
246302000,2025-01-08T00:00:08Z,39.90302,-75.13147,4.4,21.3,20,70,142,20,9.3
366748650,2025-01-08T00:00:14Z,29.25619,-89.35908,0.0,335.5,,60,44,8,2.0
366981740,2025-01-08T00:00:16Z,32.68672,-117.13332,0.0,253.6,,52,26,10,
304921000,2025-01-08T00:00:37Z,26.09177,-80.1201,0.0,344.4,357,70,81,13,3.0
316005622,2025-01-08T00:00:14Z,49.12075,-123.07347,0.0,,,31,14,6,
367638080,2025-01-08T00:00:06Z,30.06089,-90.84769,0.0,217.0,149,31,475,55,3.3
367611520,2025-01-08T00:00:05Z,40.64085,-74.1638,0.0,266.1,176,31,34,11,5.0
316039018,2025-01-08T00:01:13Z,48.76304,-123.06433,10.3,241.1,237,52,32,13,5.8
366693850,2025-01-08T00:00:00Z,26.07675,-80.11439,5.0,182.1,5,52,30,12,6.5
367458590,2025-01-08T00:01:16Z,30.70977,-88.03661,0.0,194.6,69,31,38,11,3.0
370644000,2025-01-08T00:00:01Z,42.16378,-125.1906,16.6,184.0,185,79,199,32,8.9
366999938,2025-01-08T00:00:53Z,44.27491,-68.31324,0.0,329.2,,51,14,4,
367349860,2025-01-08T00:00:01Z,30.27628,-91.17384,0.0,83.7,262,52,156,24,5.2
367540040,2025-01-08T00:00:18Z,47.6302,-122.33211,0.0,45.3,39,37,40,8,2.3
367349450,2025-01-08T00:00:06Z,45.98884,-83.87915,0.0,,,60,46,12,
367767860,2025-01-08T00:00:07Z,29.87879,-89.8994,0.1,227.1,,30,16,6,
316014107,2025-01-08T00:00:01Z,48.77591,-123.03021,11.7,225.9,231,31,32,13,5.8
256948000,2025-01-08T00:00:03Z,34.20624,-119.84649,9.4,285.7,283,70,272,43,13.3
367152730,2025-01-08T00:00:05Z,29.92363,-90.06156,0.0,159.3,,31,122,18,
368112890,2025-01-08T00:00:05Z,21.2924,-157.85953,0.1,12.0,,70,63,14,13.0
367350190,2025-01-08T00:00:38Z,28.57751,-96.19352,5.9,212.8,211,31,26,9,3.0
366946000,2025-01-08T00:00:00Z,47.62957,-122.37945,0.0,195.4,180,30,84,15,5.0
367332830,2025-01-08T00:00:01Z,29.81433,-93.3465,0.0,42.2,178,70,65,13,3.2
367526320,2025-01-08T00:00:20Z,48.50332,-122.60743,2.1,120.2,187,37,21,6,
368010440,2025-01-08T00:00:20Z,48.49211,-122.68192,0.1,,,37,10,3,
338430481,2025-01-08T00:00:21Z,34.24438,-119.26267,0.0,55.6,,37,5,17,
211103000,2025-01-08T00:00:04Z,29.57191,-90.594,0.0,321.5,284,,,,
367153680,2025-01-08T00:00:21Z,45.29358,-124.0676,9.9,321.4,310,30,21,6,
367627450,2025-01-08T00:00:36Z,25.77316,-80.17566,0.1,268.6,299,52,28,10,
368305940,2025-01-08T00:00:38Z,47.16519,-122.80912,0.0,187.6,,37,11,3,
367017960,2025-01-08T00:00:03Z,28.90415,-95.36946,5.3,240.3,245,31,207,18,2.9
636021161,2025-01-08T00:00:05Z,31.95387,-80.26962,9.7,274.1,278,71,293,32,10.7
366629680,2025-01-08T00:00:04Z,40.71529,-74.01763,0.0,202.6,,60,24,7,2.0
369357000,2025-01-08T00:00:03Z,35.86336,-126.84533,19.6,61.2,59,79,237,35,9.5
368243890,2025-01-08T00:00:09Z,33.98275,-118.45135,0.0,,,37,22,6,
367712790,2025-01-08T00:00:09Z,30.08846,-93.29409,0.0,84.7,,52,25,10,
338208078,2025-01-08T00:00:00Z,29.54985,-95.02709,0.7,94.7,,36,14,4,
367062870,2025-01-08T00:00:00Z,36.60453,-121.89019,0.5,19.4,,30,18,6,
563154300,2025-01-08T00:00:01Z,33.75336,-118.26574,2.8,44.8,38,80,220,38,12.8
367439730,2025-01-08T00:00:01Z,21.31386,-157.86667,0.0,,,30,23,7,
316044371,2025-01-08T00:00:01Z,42.26338,-83.10545,0.0,35.9,19,70,152,22,5.6
367715920,2025-01-08T00:00:01Z,38.58005,-90.21952,0.0,265.2,49,31,19,8,2.6
338617000,2025-01-08T00:00:02Z,24.23251,-81.75021,12.4,89.3,90,80,183,32,11.0
368303380,2025-01-08T00:00:01Z,30.011,-90.77486,9.4,62.5,,31,19,9,
367608840,2025-01-08T00:00:01Z,38.78931,-76.42988,5.9,191.9,193,52,26,8,3.3
368329530,2025-01-08T00:00:01Z,36.83662,-76.24789,0.1,251.4,,52,28,8,
367715990,2025-01-08T00:00:01Z,29.46638,-92.10334,2.9,201.3,,30,23,7,
366990450,2025-01-08T00:00:02Z,47.27559,-122.81713,4.8,220.9,,60,22,12,0.6
367781550,2025-01-08T00:00:01Z,29.90558,-90.11395,0.0,341.1,269,31,118,34,3.4
316022498,2025-01-08T00:00:03Z,49.2949,-123.133,0.0,288.9,,60,26,8,2.3
368273690,2025-01-08T00:00:01Z,29.56762,-94.4205,3.3,60.6,53,52,207,22,3.0
366685950,2025-01-08T00:00:03Z,32.71529,-117.18045,10.0,92.6,110,60,44,9,3.0
366986380,2025-01-08T00:00:06Z,45.56699,-122.71563,0.0,,308,33,61,18,5.0
366919210,2025-01-08T00:00:01Z,29.46024,-94.66617,7.2,247.8,245,31,34,10,2.6
367581980,2025-01-08T00:00:07Z,29.7834,-93.33164,0.0,57.2,,79,39,10,4.0
368315150,2025-01-08T00:00:02Z,29.95689,-90.23207,0.0,350.0,,31,19,7,2.9
369494404,2025-01-08T00:00:04Z,42.07119,-73.93665,0.1,271.1,259,51,15,5,1.0
368056750,2025-01-08T00:00:04Z,32.85455,-79.95258,0.0,168.0,233,52,33,12,
367659930,2025-01-08T00:00:05Z,30.73903,-88.04085,0.0,,,31,18,8,
367704000,2025-01-08T00:00:02Z,32.72347,-117.22586,0.0,106.6,120,60,30,9,2.5
636020684,2025-01-08T00:00:05Z,39.25163,-76.543,0.0,166.4,307,74,333,48,12.1
369043000,2025-01-08T00:00:01Z,28.84787,-89.43226,11.4,357.9,2,80,183,32,8.5
367678820,2025-01-08T00:00:01Z,28.40743,-80.63072,0.0,29.0,,36,14,7,
368260120,2025-01-08T00:00:03Z,29.65582,-91.10053,5.7,191.9,,30,18,8,2.8
367726480,2025-01-08T00:00:04Z,40.70143,-74.01609,3.4,159.5,,69,38,10,4.3
368055190,2025-01-08T00:00:02Z,29.37887,-94.7764,7.8,224.4,224,52,27,11,3.0
368140540,2025-01-08T00:00:03Z,29.76499,-95.09293,1.2,59.9,258,57,115,17,2.8
311042900,2025-01-08T00:00:03Z,25.17789,-79.92198,21.9,20.8,20,60,340,42,8.8
311001169,2025-01-08T00:00:08Z,26.66951,-79.3554,12.0,179.1,175,80,250,44,11.2
373310000,2025-01-08T00:00:08Z,30.38393,-81.25248,9.5,89.3,85,70,199,32,8.9
367340460,2025-01-08T00:00:19Z,29.38499,-94.76877,0.0,315.7,226,31,27,9,2.8
367717840,2025-01-08T00:00:03Z,38.40347,-82.55567,0.0,,,31,21,7,2.0
367724550,2025-01-08T00:00:04Z,47.65868,-122.38082,0.1,318.0,,52,50,11,4.0
366988770,2025-01-08T00:00:03Z,38.54378,-90.24682,0.0,122.9,,31,81,12,3.2
368060930,2025-01-08T00:00:00Z,29.94533,-90.01636,0.0,279.0,,31,18,6,3.0
316048574,2025-01-08T00:00:00Z,48.69496,-123.37057,14.9,231.7,248,70,149,26,4.3
367796050,2025-01-08T00:00:07Z,40.68619,-74.07764,0.0,279.8,,31,20,9,3.0
367758960,2025-01-08T00:00:00Z,40.57177,-80.22926,2.0,344.9,241,31,24,9,12.9
373404000,2025-01-08T00:00:05Z,33.7547,-118.23069,0.0,301.8,70,71,366,48,14.9
367514520,2025-01-08T00:00:01Z,29.6566,-90.14948,3.5,63.2,,31,18,7,2.2
538004740,2025-01-08T00:00:00Z,29.93933,-90.35633,0.1,328.0,289,70,180,30,7.1
367468590,2025-01-08T00:00:01Z,29.51359,-94.87925,6.6,323.7,,31,20,8,2.5
338158000,2025-01-08T00:00:02Z,37.62239,-123.52669,13.3,288.5,289,80,183,32,9.0
636022261,2025-01-08T00:00:04Z,17.35583,-67.83567,14.5,117.5,124,70,162,25,9.7
367720970,2025-01-08T00:00:02Z,30.05146,-90.59104,0.0,327.8,245,31,27,9,3.1
366773150,2025-01-08T00:00:01Z,40.51597,-73.98614,4.8,297.5,300,52,30,9,4.5
367702240,2025-01-08T00:00:07Z,29.85402,-90.01934,0.0,117.6,31,31,282,22,2.9
367396520,2025-01-08T00:00:37Z,28.85805,-95.28065,5.7,180.1,171,31,28,10,3.5
367481660,2025-01-08T00:00:03Z,38.58868,-90.19804,0.0,305.2,59,31,23,10,2.6
367075190,2025-01-08T00:00:05Z,30.42935,-91.20152,2.4,311.7,,52,20,8,2.0
316005175,2025-01-08T00:00:21Z,48.41459,-123.38661,0.0,20.4,246,,18,5,
636014996,2025-01-08T00:00:07Z,48.39283,-125.899,6.0,114.0,121,74,305,40,13.0
367424750,2025-01-08T00:00:02Z,29.95342,-93.8606,7.0,200.2,,52,26,10,3.2
366933730,2025-01-08T00:00:05Z,29.38772,-94.81348,6.0,155.8,,31,81,12,2.6
368233270,2025-01-08T00:00:06Z,29.7623,-91.25325,4.3,286.1,282,31,24,6,2.8
367638150,2025-01-08T00:00:04Z,38.58671,-90.20186,0.1,308.0,36,31,471,43,3.1
367774160,2025-01-08T00:00:01Z,30.07965,-90.9036,0.0,277.6,337,31,415,55,3.2
368129280,2025-01-08T00:00:04Z,29.67269,-91.09953,0.0,234.0,,99,17,8,
367047180,2025-01-08T00:00:07Z,46.02288,-122.86945,6.7,153.4,151,52,30,10,3.2
368157130,2025-01-08T00:00:02Z,30.74033,-88.04074,5.8,22.5,23,57,22,9,3.0
367784560,2025-01-08T00:00:02Z,42.25403,-70.91974,,,189,60,26,8,1.5
367556670,2025-01-08T00:00:04Z,30.51663,-91.23577,0.0,138.4,68,52,20,10,3.1
316014860,2025-01-08T00:00:08Z,48.33676,-123.60186,0.0,20.5,178,54,25,10,2.5
367074530,2025-01-08T00:00:02Z,41.64736,-70.92095,0.0,79.8,,30,26,12,
367584510,2025-01-08T00:00:05Z,29.97315,-93.84739,0.0,284.0,329,31,25,12,1.8
368048840,2025-01-08T00:00:02Z,29.76609,-95.09211,0.0,,,31,20,7,
368253890,2025-01-08T00:00:00Z,40.6547,-74.04483,0.8,282.7,334,30,123,22,5.0
367552120,2025-01-08T00:00:01Z,38.62288,-90.18323,0.0,246.2,,60,15,10,
368388690,2025-01-08T00:00:36Z,45.60813,-122.6774,0.0,,,37,8,4,
368294050,2025-01-08T00:00:03Z,41.46554,-71.40547,0.5,160.7,51,30,27,7,
338201217,2025-01-08T00:00:38Z,27.51026,-82.57496,0.0,321.3,,37,18,6,
367649660,2025-01-08T00:00:03Z,46.7536,-92.09414,0.0,215.8,,52,26,7,3.8
367461350,2025-01-08T00:00:00Z,47.53967,-122.33051,0.0,247.4,136,31,14,6,
367016480,2025-01-08T00:00:00Z,30.6539,-88.03068,6.6,359.1,,31,39,10,2.8
366999977,2025-01-08T00:00:01Z,45.80703,-84.43175,0.1,2.4,324,55,42,12,4.0
368092580,2025-01-08T00:00:04Z,40.69335,-74.01492,0.0,155.0,,60,39,12,2.0
369235000,2025-01-08T00:00:05Z,26.72945,-79.74695,11.9,7.8,13,52,213,32,10.8
366996340,2025-01-08T00:00:04Z,30.06914,-94.04845,0.0,220.1,,52,18,8,2.9
338023443,2025-01-08T00:00:16Z,27.72513,-82.68308,0.1,200.3,,37,24,6,
368122650,2025-01-08T00:00:03Z,29.84696,-92.34919,4.9,296.7,290,57,238,14,3.0
367075220,2025-01-08T00:00:03Z,29.17146,-95.1166,5.1,236.3,232,52,18,7,2.5
367516330,2025-01-08T00:00:00Z,29.95826,-90.29247,0.4,124.2,170,52,20,10,2.9
367334040,2025-01-08T00:00:01Z,32.7246,-117.2237,0.0,249.8,181,37,21,6,2.0
367505630,2025-01-08T00:00:01Z,30.06481,-90.90013,0.0,166.0,119,52,58,15,3.4
477947100,2025-01-08T00:00:00Z,32.71791,-79.80119,17.0,120.5,120,70,275,40,10.9
368141540,2025-01-08T00:00:00Z,40.64379,-74.03741,16.2,23.2,19,60,27,8,2.0
367102030,2025-01-08T00:00:01Z,29.91964,-89.93168,6.5,291.9,,31,20,8,3.5
338124935,2025-01-08T00:00:01Z,24.56195,-81.80261,0.0,215.7,144,37,29,6,2.0
368178850,2025-01-08T00:00:04Z,18.43118,-66.10209,0.0,162.9,58,31,96,30,4.0
366996040,2025-01-08T00:00:16Z,38.72804,-82.18711,1.7,155.1,160,31,105,22,3.1
366888800,2025-01-08T00:00:02Z,32.69607,-117.152,0.0,93.9,69,52,30,12,4.2
316031397,2025-01-08T00:00:17Z,47.33045,-122.57908,0.0,187.7,,37,14,4,
316009842,2025-01-08T00:00:04Z,48.99892,-123.81625,0.0,292.9,,52,12,6,2.1
477118400,2025-01-08T00:00:02Z,38.93179,-76.4078,0.0,136.6,310,70,199,32,9.2
366906610,2025-01-08T00:00:03Z,41.61574,-87.32514,0.0,173.3,180,70,305,32,8.4
367793450,2025-01-08T00:00:06Z,42.04622,-83.13121,9.8,12.1,12,31,135,10,5.0
367456350,2025-01-08T00:00:00Z,35.2102,-90.06115,0.0,268.6,170,31,24,9,
367441370,2025-01-08T00:00:08Z,29.5873,-93.81892,0.7,238.4,,31,45,13,
368351120,2025-01-08T00:00:20Z,30.07585,-90.90065,0.0,,,,15,20,
303260000,2025-01-08T00:00:05Z,29.12236,-90.20838,1.4,198.7,,60,47,9,2.5
368255760,2025-01-08T00:00:05Z,29.65727,-91.03178,0.0,232.2,,31,18,7,
538009952,2025-01-08T00:00:01Z,23.79837,-82.07152,20.4,58.0,53,69,242,36,7.9
367351510,2025-01-08T00:00:03Z,29.78623,-95.08477,0.0,51.5,,32,17,6,3.0
372101000,2025-01-08T00:00:00Z,29.96728,-90.2666,0.0,202.2,263,80,183,32,8.2
368075710,2025-01-08T00:00:22Z,47.67895,-122.40782,0.2,,,37,16,5,
316002238,2025-01-08T00:00:04Z,41.72484,-87.49891,1.5,294.5,,31,40,10,4.6
338432206,2025-01-08T00:00:13Z,18.07896,-65.79731,0.0,,,36,12,4,
368086360,2025-01-08T00:00:11Z,37.01697,-76.34196,0.0,116.1,,37,20,6,
368113080,2025-01-08T00:00:16Z,38.90128,-76.51081,0.0,322.6,,36,15,8,
367748820,2025-01-08T00:00:17Z,48.9879,-122.77044,0.2,47.1,,37,13,4,
366747170,2025-01-08T00:00:04Z,27.90374,-82.40877,0.0,271.6,,20,66,17,3.6
368076170,2025-01-08T00:00:19Z,25.31136,-80.28675,0.0,,,37,14,4,
367778730,2025-01-08T00:00:07Z,27.78447,-82.78149,1.6,107.6,,60,23,9,1.2
636017082,2025-01-08T00:00:03Z,27.41662,-96.21779,1.5,22.7,10,80,333,60,20.4
368374840,2025-01-08T00:00:19Z,26.87376,-80.06727,0.0,,,37,25,24,
367307320,2025-01-08T00:00:06Z,45.15731,-124.07114,3.4,185.9,181,30,27,9,
338491025,2025-01-08T00:00:27Z,32.71327,-117.23,0.1,82.4,,37,16,5,
368126460,2025-01-08T00:00:28Z,47.54029,-122.64513,0.6,,,37,11,2,
232025145,2025-01-08T00:00:05Z,37.30308,-76.09401,0.0,228.1,325,79,255,43,14.4
367782790,2025-01-08T00:00:29Z,48.99356,-122.7555,0.0,,,37,13,6,
367464090,2025-01-08T00:00:01Z,42.38991,-71.05425,0.0,0.0,,52,20,6,2.5
367460260,2025-01-08T00:00:31Z,48.52853,-122.99896,0.0,0.0,,31,19,8,
367343990,2025-01-08T00:00:01Z,41.70451,-87.47129,9.2,319.9,,52,20,5,3.0
367381540,2025-01-08T00:00:35Z,30.05133,-90.54766,0.0,298.9,,60,14,5,
368926036,2025-01-08T00:00:04Z,38.58876,-90.2068,0.0,,,31,17,7,
366709000,2025-01-08T00:00:00Z,30.02316,-90.47312,15.3,187.6,187,32,212,32,11.2
368334430,2025-01-08T00:00:02Z,29.46273,-89.80517,0.0,290.1,,52,20,6,1.6
366999522,2025-01-08T00:00:03Z,30.65162,-88.05784,0.7,0.0,,55,50,8,2.0
366948020,2025-01-08T00:00:04Z,42.61115,-73.76007,0.0,179.7,6,31,122,18,4.6
367759740,2025-01-08T00:00:06Z,27.83782,-97.50591,0.0,7.3,307,31,208,18,3.2
316012751,2025-01-08T00:00:07Z,48.75749,-122.50661,0.0,335.8,211,37,22,6,2.5
367692430,2025-01-08T00:00:04Z,29.15223,-95.14792,5.3,238.6,239,31,145,18,3.1
367003210,2025-01-08T00:00:05Z,29.88902,-89.99847,0.1,290.6,191,31,208,18,3.1
367047270,2025-01-08T00:00:08Z,45.64721,-122.74133,0.0,261.4,94,31,89,46,2.2
367679550,2025-01-08T00:00:03Z,30.2948,-91.31622,0.0,27.9,,31,114,28,3.1
368291180,2025-01-08T00:00:02Z,29.99605,-93.91894,0.0,292.6,356,31,22,9,3.3
316043222,2025-01-08T00:00:02Z,49.33381,-123.50839,6.7,121.4,117,52,20,6,3.6
367701120,2025-01-08T00:00:09Z,24.56468,-81.73382,0.0,,,30,20,6,
367513010,2025-01-08T00:00:00Z,42.38022,-71.04291,0.0,2.8,85,52,31,12,5.8
368072830,2025-01-08T00:00:03Z,30.75172,-91.39942,0.0,89.5,252,31,24,16,
368091590,2025-01-08T00:00:02Z,25.76675,-80.14169,8.0,310.2,131,69,46,,
367702280,2025-01-08T00:00:03Z,30.27929,-91.18267,4.2,262.7,267,31,362,,3.6
367605770,2025-01-08T00:00:03Z,29.61821,-94.88091,0.0,280.4,,33,60,16,1.0
636020429,2025-01-08T00:00:12Z,29.0023,-94.42063,7.5,180.4,176,80,165,27,6.2
368193250,2025-01-08T00:00:37Z,18.33357,-64.96622,0.0,,,36,13,8,
538009206,2025-01-08T00:00:03Z,48.76349,-123.06254,10.2,241.8,238,80,250,44,13.3
366792940,2025-01-08T00:00:03Z,29.73856,-95.16443,0.0,106.2,354,52,30,12,4.1
367073540,2025-01-08T00:00:05Z,31.1494,-81.49885,0.0,337.9,,37,38,10,4.0
367477980,2025-01-08T00:00:10Z,36.79934,-76.29539,0.0,224.5,343,52,30,10,4.2
367015620,2025-01-08T00:00:00Z,26.09751,-80.17019,0.0,201.9,175,37,28,7,2.1
366211560,2025-01-08T00:00:01Z,38.94906,-74.90709,0.0,238.5,,30,32,8,3.3
367427270,2025-01-08T00:00:10Z,29.36936,-94.89048,0.0,100.4,357,31,27,11,3.1
338441149,2025-01-08T00:00:37Z,32.71173,-117.23146,0.0,33.2,121,37,10,4,
367169710,2025-01-08T00:00:02Z,38.63301,-75.61708,0.0,37.0,202,52,32,9,2.8
368256500,2025-01-08T00:00:02Z,30.38938,-88.26807,0.0,58.3,,31,20,8,2.4
366971330,2025-01-08T00:00:00Z,47.24289,-90.77088,12.9,67.5,66,79,306,32,7.3
367524240,2025-01-08T00:00:09Z,30.37078,-91.23764,8.7,220.9,,31,23,8,2.7
366986140,2025-01-08T00:00:01Z,30.42444,-88.51298,0.0,347.3,33,30,50,12,
366993120,2025-01-08T00:00:08Z,29.93593,-90.33728,0.0,341.5,,31,22,9,2.8
366993250,2025-01-08T00:00:00Z,48.03534,-122.75234,0.0,335.7,,52,21,7,2.1
368231430,2025-01-08T00:00:02Z,40.62789,-73.3179,0.2,308.8,225,70,87,19,
367285000,2025-01-08T00:00:06Z,36.88206,-76.35077,0.0,180.0,268,55,82,12,4.3
368148180,2025-01-08T00:00:37Z,28.9424,-95.3275,0.0,16.3,26,52,114,34,3.3
368398020,2025-01-08T00:00:03Z,29.78997,-95.08017,0.0,329.8,331,31,21,10,2.8
367369060,2025-01-08T00:00:06Z,30.0501,-91.2678,0.0,264.9,322,31,32,11,2.9
368302170,2025-01-08T00:00:03Z,37.80256,-122.38968,21.0,123.7,120,50,22,6,
367185680,2025-01-08T00:00:39Z,32.85536,-79.95404,0.0,285.6,237,52,34,10,4.2
255803450,2025-01-08T00:00:41Z,32.12053,-81.13365,0.0,348.0,156,79,340,46,11.6
367516330,2025-01-08T00:00:00Z,29.96012,-90.28936,0.1,243.8,179,52,20,10,2.9
367350050,2025-01-08T00:00:02Z,37.80692,-122.40411,0.1,213.0,,60,38,11,3.3
220504000,2025-01-08T00:00:02Z,36.0533,-127.08031,11.6,156.1,156,89,144,23,9.0
431585000,2025-01-08T00:00:03Z,34.52636,-75.46054,16.1,42.5,35,70,200,32,8.7
368052650,2025-01-08T00:00:42Z,37.78556,-122.26759,0.0,,,36,14,4,
367661670,2025-01-08T00:00:09Z,29.98252,-90.40428,0.0,246.0,230,31,115,34,3.1
368331910,2025-01-08T00:00:03Z,40.67065,-74.08483,0.0,264.4,288,52,28,12,
367766960,2025-01-08T00:00:40Z,46.17066,-123.05361,0.0,2.4,,36,12,4,
367014420,2025-01-08T00:00:05Z,31.00059,-91.66433,0.0,295.6,308,52,23,8,1.8
367618670,2025-01-08T00:00:05Z,30.22352,-93.26531,0.0,161.7,36,31,25,10,3.0
368221920,2025-01-08T00:00:03Z,29.69257,-89.36646,0.0,299.6,,52,18,9,
367503240,2025-01-08T00:00:07Z,29.62118,-94.95885,7.4,158.5,159,31,214,17,3.1
367178580,2025-01-08T00:00:41Z,26.7873,-80.04192,0.0,0.0,,36,11,6,
368159070,2025-01-08T00:00:09Z,33.77522,-118.21426,0.0,,,33,52,15,
366995810,2025-01-08T00:00:06Z,30.21586,-91.31733,0.0,0.2,353,52,28,10,2.7
232058781,2025-01-08T00:00:45Z,29.91067,-81.28379,3.0,283.8,,36,14,12,
367387060,2025-01-08T00:00:07Z,29.60303,-89.86677,0.0,136.0,,52,15,5,
368237000,2025-01-08T00:00:09Z,18.21199,-65.51893,14.8,75.9,79,60,49,14,
368355880,2025-01-08T00:00:53Z,48.49997,-122.60595,0.0,204.4,41,37,12,4,
368243930,2025-01-08T00:00:03Z,41.55391,-71.4042,2.5,331.5,328,30,22,7,
367602270,2025-01-08T00:00:06Z,30.52166,-87.15018,5.8,155.4,152,52,86,18,2.0
367448570,2025-01-08T00:00:02Z,30.04337,-94.02862,0.0,299.7,197,31,32,10,3.1
367561370,2025-01-08T00:00:03Z,26.35836,-97.34897,0.0,33.6,261,52,25,12,2.6
367073370,2025-01-08T00:00:03Z,30.02389,-90.83913,0.1,301.0,,52,34,10,
367597470,2025-01-08T00:00:04Z,25.74826,-80.17323,0.3,16.7,329,37,19,7,2.0
367686010,2025-01-08T00:00:05Z,41.70555,-71.16532,0.0,234.0,333,31,33,10,
368045380,2025-01-08T00:00:00Z,27.84012,-97.06913,0.0,221.9,,60,48,16,3.3
366425240,2025-01-08T00:00:20Z,46.90636,-124.10702,0.0,226.4,,30,30,10,4.0
367343420,2025-01-08T00:00:00Z,29.76662,-95.09005,0.2,78.9,139,31,17,6,2.3
367064470,2025-01-08T00:00:10Z,40.63679,-74.0727,0.1,164.0,85,31,32,8,
367696380,2025-01-08T00:00:11Z,41.42445,-71.41054,1.0,151.2,23,30,25,7,4.0
367602890,2025-01-08T00:01:02Z,29.14555,-90.20559,0.0,77.4,158,70,95,20,6.0
367339560,2025-01-08T00:01:07Z,43.65728,-70.24937,0.0,222.3,,58,19,,
367379810,2025-01-08T00:00:00Z,29.93714,-90.32303,1.2,224.2,,31,23,9,10.0
367375730,2025-01-08T00:00:00Z,27.88139,-97.04458,0.0,251.1,347,52,22,10,3.0
367473150,2025-01-08T00:00:01Z,29.76852,-93.9235,0.2,117.5,109,33,108,12,2.1
367618240,2025-01-08T00:00:03Z,29.93467,-91.84189,0.0,321.5,,69,46,9,1.0
368052580,2025-01-08T00:00:05Z,30.06703,-93.34639,3.4,36.7,37,57,205,18,3.0
366816020,2025-01-08T00:00:03Z,29.46797,-94.64453,5.1,66.7,,31,115,18,3.0
367589050,2025-01-08T00:00:03Z,29.79021,-95.07774,0.0,43.4,,52,26,10,2.7
367743960,2025-01-08T00:00:35Z,29.58791,-93.17379,8.4,270.2,,30,26,8,
367571450,2025-01-08T00:00:00Z,29.36473,-89.09211,17.0,114.2,,60,43,8,3.0
538004934,2025-01-08T00:00:18Z,33.62807,-118.05347,0.1,329.0,122,80,250,44,14.1
368042000,2025-01-08T00:00:03Z,29.15065,-90.1978,0.0,279.4,73,70,66,15,3.7
338066000,2025-01-08T00:00:04Z,37.65428,-122.90295,8.4,234.9,239,52,123,14,3.5
367127050,2025-01-08T00:00:05Z,27.31281,-97.40242,3.4,197.7,196,31,217,18,2.5
367320510,2025-01-08T00:00:16Z,38.82946,-82.15577,0.0,44.3,,31,50,12,0.9
353327000,2025-01-08T00:00:02Z,18.33279,-64.95232,0.0,65.7,327,52,30,10,3.5
368090780,2025-01-08T00:00:03Z,36.96806,-76.41426,0.0,352.3,,30,22,8,4.0
367526550,2025-01-08T00:00:01Z,29.78325,-95.07273,0.1,309.0,226,52,24,11,3.1
366959080,2025-01-08T00:00:07Z,44.71879,-124.2872,3.2,224.6,,30,20,6,
368385660,2025-01-08T00:00:47Z,32.41092,-80.67233,0.7,48.0,,36,14,5,
367465570,2025-01-08T00:00:09Z,38.58784,-77.21388,0.1,257.4,,30,22,8,2.5
368348710,2025-01-08T00:00:55Z,18.33563,-65.62181,0.3,0.0,,36,12,8,
368286510,2025-01-08T00:00:56Z,26.00137,-80.12167,0.0,,,37,15,8,
367661820,2025-01-08T00:00:02Z,29.93357,-90.18564,0.0,347.4,47,31,115,18,3.1
316009165,2025-01-08T00:00:19Z,49.22125,-122.88868,0.0,246.9,,31,12,6,4.0
367641850,2025-01-08T00:00:00Z,33.72384,-118.20967,14.3,253.0,255,60,29,6,
477629300,2025-01-08T00:00:19Z,39.93263,-75.13273,0.0,346.9,7,70,199,32,12.0
366960890,2025-01-08T00:00:01Z,34.17833,-77.95805,3.2,9.8,20,52,29,10,4.9
367757260,2025-01-08T00:00:57Z,20.74218,-156.88827,0.0,,,36,20,9,
368306280,2025-01-08T00:00:04Z,29.61981,-89.89664,0.0,346.1,,52,17,6,3.1
368370130,2025-01-08T00:00:03Z,25.97931,-80.13193,0.0,,,37,17,6,
367756040,2025-01-08T00:00:05Z,29.70583,-95.03501,0.0,201.3,190,31,117,34,3.1
367472580,2025-01-08T00:00:00Z,29.91908,-90.07904,0.1,301.0,251,52,27,10,4.3
366932980,2025-01-08T00:00:06Z,47.65466,-122.36575,0.0,0.0,,32,37,10,4.5
367478450,2025-01-08T00:00:07Z,30.30217,-88.09268,6.4,53.9,50,31,115,34,2.7
338311884,2025-01-08T00:00:07Z,32.71472,-117.22823,0.0,,,37,11,4,
377901104,2025-01-08T00:00:05Z,26.74061,-79.90591,11.9,105.6,114,70,92,22,3.4
368053970,2025-01-08T00:00:07Z,20.77613,-156.54406,11.3,115.8,,36,20,9,
338506314,2025-01-08T00:00:10Z,32.7143,-117.23292,0.0,,16,37,15,7,
368229090,2025-01-08T00:00:11Z,47.7261,-122.64401,0.0,,,36,13,4,
316005732,2025-01-08T00:00:16Z,48.41476,-123.38565,0.0,272.9,,76,14,6,4.0
367764520,2025-01-08T00:00:07Z,29.99947,-89.99408,0.1,202.3,,31,115,18,3.0
366822520,2025-01-08T00:00:07Z,29.46767,-94.97023,0.0,288.5,,40,38,7,
636024673,2025-01-08T00:00:03Z,36.15514,-123.80957,2.3,179.5,75,70,336,51,11.4
367319310,2025-01-08T00:00:04Z,38.40333,-82.55527,0.0,277.5,,31,19,7,9.0
367669370,2025-01-08T00:00:05Z,47.65955,-122.38127,0.0,5.1,0,30,47,11,3.8
367472580,2025-01-08T00:00:00Z,29.91908,-90.07904,0.1,21.5,251,52,27,10,4.3
565497000,2025-01-08T00:00:00Z,40.5392,-74.0219,9.2,344.7,346,80,183,32,11.0
538090308,2025-01-08T00:00:01Z,17.42511,-64.81395,0.5,224.6,156,80,228,32,11.2
368317110,2025-01-08T00:00:00Z,30.38815,-81.46148,0.2,,,52,15,6,1.5
316024256,2025-01-08T00:00:01Z,45.88804,-83.84449,7.8,328.1,330,52,35,11,5.2
338177481,2025-01-08T00:00:15Z,33.7167,-118.28097,0.0,233.8,,37,12,4,
368330600,2025-01-08T00:00:02Z,30.02019,-90.83841,0.0,343.4,352,57,209,18,2.9
243710122,2025-01-08T00:00:20Z,26.06484,-79.82006,2.4,7.1,,,,,
367698040,2025-01-08T00:00:21Z,37.6369,-122.91911,6.9,188.1,,30,22,6,
368134150,2025-01-08T00:00:01Z,29.70249,-94.92515,2.5,23.9,,52,15,5,2.2
366963490,2025-01-08T00:00:00Z,30.08597,-90.90707,6.6,168.9,,52,20,8,3.0
366829480,2025-01-08T00:00:06Z,29.95152,-90.16438,0.0,289.0,,52,22,8,3.2
538070561,2025-01-08T00:00:02Z,26.90851,-80.08326,0.0,353.1,303,37,28,8,1.7
367002060,2025-01-08T00:00:06Z,29.68478,-91.149,0.0,280.6,,52,20,7,
368039750,2025-01-08T00:00:02Z,38.57147,-90.23165,0.0,137.9,,31,22,9,2.9
339086000,2025-01-08T00:00:02Z,26.75072,-80.04989,0.0,304.8,88,37,40,8,2.6
368228930,2025-01-08T00:00:03Z,18.19797,-65.59867,6.9,294.3,,31,30,12,3.2
316005046,2025-01-08T00:00:01Z,48.37006,-123.72539,0.0,,,30,15,4,
368237160,2025-01-08T00:00:08Z,29.93711,-90.00356,0.0,37.1,305,52,207,18,3.0
366884240,2025-01-08T00:00:03Z,27.9132,-82.4421,0.1,308.5,,52,28,16,5.1
368190720,2025-01-08T00:00:06Z,26.19993,-80.10295,0.0,,,37,21,6,
367714460,2025-01-08T00:00:05Z,29.97166,-90.39913,0.0,,356,52,19,12,
367160000,2025-01-08T00:00:07Z,29.92481,-90.1358,0.0,241.5,,52,33,10,
367599740,2025-01-08T00:00:07Z,35.0863,-90.17639,0.1,128.6,,31,49,12,3.4
368325040,2025-01-08T00:00:12Z,40.68598,-74.07738,0.0,274.5,267,52,21,8,2.8
368031280,2025-01-08T00:00:07Z,29.66355,-90.15308,0.0,,,99,8,8,2.4
368266520,2025-01-08T00:00:07Z,37.86398,-122.39009,5.2,331.1,339,31,22,7,
366997220,2025-01-08T00:00:00Z,29.93943,-90.00724,0.0,316.1,304,31,80,12,2.9
316026483,2025-01-08T00:00:01Z,49.29907,-123.02953,0.2,88.5,178,52,21,8,3.9
367443060,2025-01-08T00:00:03Z,29.57633,-90.59061,2.8,228.6,231,31,205,17,2.6
369493704,2025-01-08T00:00:04Z,30.25127,-88.0792,0.2,,,55,14,4,1.0
367599370,2025-01-08T00:00:05Z,46.73891,-92.08552,0.1,253.0,,30,25,8,2.0
367474890,2025-01-08T00:00:05Z,29.14826,-89.34712,0.0,260.7,,52,16,6,1.6
366637150,2025-01-08T00:00:05Z,47.55627,-122.34159,0.0,314.8,282,31,32,10,3.5
367702540,2025-01-08T00:00:08Z,30.16913,-89.61496,4.9,64.9,66,31,21,8,2.8
367689760,2025-01-08T00:00:01Z,29.76061,-91.68366,2.1,270.7,270,31,213,22,3.2
366984880,2025-01-08T00:00:09Z,38.60301,-90.19264,0.0,265.0,203,31,486,,2.8
368236240,2025-01-08T00:00:10Z,47.71545,-122.45041,5.3,104.1,,36,9,4,
367174090,2025-01-08T00:00:10Z,24.78902,-82.07332,0.3,303.5,,30,29,8,
367658860,2025-01-08T00:00:08Z,29.96357,-93.8617,0.0,220.6,216,52,22,10,3.0
368296240,2025-01-08T00:00:09Z,41.65036,-70.2789,0.0,,356,60,14,5,
367372810,2025-01-08T00:00:04Z,30.19503,-88.12042,0.2,62.2,,60,48,9,2.5
303561000,2025-01-08T00:00:01Z,47.66683,-122.39076,0.0,,,30,28,7,3.0
538071074,2025-01-08T00:00:06Z,26.75025,-80.05073,0.0,113.3,91,37,55,9,3.3
368265230,2025-01-08T00:00:02Z,36.95758,-76.40869,8.7,11.1,354,52,19,10,4.0
366997220,2025-01-08T00:00:00Z,29.80847,-90.0074,0.0,212.6,13,31,80,12,2.9
215517000,2025-01-08T00:00:04Z,22.99586,-79.2316,12.6,293.0,295,70,180,30,9.8
367756630,2025-01-08T00:00:01Z,30.75562,-91.37567,5.1,285.4,284,30,216,17,2.7
368099010,2025-01-08T00:00:00Z,29.4422,-94.69809,5.4,51.6,46,31,24,8,2.7
338491932,2025-01-08T00:00:14Z,31.1562,-81.49974,0.0,,,37,24,14,
368252650,2025-01-08T00:00:01Z,38.95893,-74.86671,0.0,,,99,26,8,3.0
367728730,2025-01-08T00:00:09Z,29.92852,-89.97514,0.0,312.3,292,52,27,12,2.9
319139900,2025-01-08T00:00:16Z,26.75143,-80.04876,0.0,265.6,180,36,30,7,
367437380,2025-01-08T00:00:01Z,38.83356,-82.15206,0.0,311.5,41,31,24,9,2.9
367324580,2025-01-08T00:00:03Z,41.54964,-70.2537,13.0,333.4,334,60,71,20,4.0
367555690,2025-01-08T00:00:06Z,29.62465,-89.91583,1.2,68.2,,52,18,7,2.5
368093120,2025-01-08T00:00:01Z,30.02783,-89.90635,0.0,280.9,175,57,142,9,
368056740,2025-01-08T00:00:00Z,32.85515,-79.95208,0.0,161.3,53,52,33,13,5.6
338192032,2025-01-08T00:00:14Z,47.67329,-122.20881,0.0,178.0,,37,17,7,
368217830,2025-01-08T00:00:17Z,48.75841,-122.50491,0.0,,,37,13,5,
338107888,2025-01-08T00:00:03Z,32.13137,-81.13641,0.4,230.7,320,33,124,14,
367108530,2025-01-08T00:00:18Z,34.40365,-119.6922,0.0,315.1,,30,14,4,
367457000,2025-01-08T00:00:04Z,26.21221,-79.94903,3.5,178.8,179,80,189,32,11.3
368224470,2025-01-08T00:00:20Z,33.92677,-78.1877,2.6,81.0,,52,14,6,
367579230,2025-01-08T00:00:05Z,29.71682,-93.86154,0.0,150.3,,31,18,6,2.0
368144130,2025-01-08T00:00:22Z,26.27374,-80.08926,0.0,,,36,7,5,
311001256,2025-01-08T00:00:05Z,26.11117,-80.12069,0.0,283.8,89,37,30,6,1.9
367524270,2025-01-08T00:00:10Z,29.71597,-95.02015,6.7,358.5,358,52,22,10,2.7
367709190,2025-01-08T00:00:00Z,30.06921,-93.34385,0.0,309.7,,31,115,34,2.5
367527930,2025-01-08T00:00:00Z,29.2655,-89.331,27.1,310.3,311,50,17,3,
338181286,2025-01-08T00:00:01Z,37.86069,-122.48068,0.0,117.1,,36,12,3,
367303080,2025-01-08T00:00:03Z,30.02205,-93.98696,0.0,278.6,336,31,115,33,3.1
367436030,2025-01-08T00:00:00Z,29.79055,-95.07027,0.0,283.6,156,31,116,34,3.0
368355860,2025-01-08T00:00:03Z,24.56356,-81.73001,0.0,,,37,13,4,
367715880,2025-01-08T00:00:09Z,38.47671,-90.28132,0.0,128.6,,33,45,9,
367479930,2025-01-08T00:00:00Z,29.74336,-95.1932,6.0,242.7,244,52,19,9,2.6
367672380,2025-01-08T00:00:06Z,29.42349,-94.72095,4.4,226.3,228,52,27,11,3.1
367590270,2025-01-08T00:00:00Z,30.00883,-93.98613,0.0,300.0,,52,22,10,2.6
366943250,2025-01-08T00:00:02Z,25.77352,-80.17646,0.1,51.6,111,30,33,12,5.3
367129650,2025-01-08T00:00:00Z,29.99715,-89.99424,0.4,181.5,86,31,44,11,3.0
367446390,2025-01-08T00:00:03Z,36.95338,-76.32889,0.0,356.3,,52,26,9,4.2
319848000,2025-01-08T00:00:00Z,25.31244,-80.28099,0.0,248.3,,37,40,8,2.0
258953000,2025-01-08T00:00:03Z,24.86922,-79.6344,10.9,10.0,8,80,144,24,9.1
367571660,2025-01-08T00:00:00Z,29.74435,-95.10021,0.0,105.8,,31,21,9,2.9
366709780,2025-01-08T00:00:02Z,47.81327,-122.4014,15.1,236.9,234,60,134,26,5.5
368163680,2025-01-08T00:00:01Z,40.66595,-74.0061,2.5,242.0,68,52,28,10,4.1
367004510,2025-01-08T00:00:01Z,29.98308,-90.40469,0.0,303.0,310,31,22,8,3.0
636023250,2025-01-08T00:00:06Z,37.79763,-122.32758,3.4,110.7,107,74,366,51,12.2
367744210,2025-01-08T00:00:01Z,40.43626,-80.00732,0.0,,,31,14,5,2.0
367707750,2025-01-08T00:00:07Z,30.52671,-88.02328,7.6,178.5,,31,16,6,
367104060,2025-01-08T00:00:04Z,34.38418,-119.50783,0.1,357.3,51,60,33,8,
316003483,2025-01-08T00:00:06Z,49.30871,-123.07999,0.1,146.7,41,52,31,10,4.8
636024494,2025-01-08T00:00:05Z,29.94983,-90.22296,9.8,333.0,330,70,183,33,7.8
368395650,2025-01-08T00:00:04Z,27.11203,-82.46459,0.0,149.3,154,37,9,4,
316031354,2025-01-08T00:00:09Z,43.69431,-82.50921,12.9,352.8,352,70,226,24,6.5
367533020,2025-01-08T00:00:00Z,30.44958,-91.19285,0.1,73.0,1,31,361,,3.6
368226910,2025-01-08T00:00:05Z,27.62752,-82.56397,0.0,164.2,355,52,24,7,3.2
367771760,2025-01-08T00:00:06Z,48.75557,-122.50928,0.0,32.4,,37,11,4,
368088590,2025-01-08T00:00:01Z,37.79119,-122.29461,0.0,245.8,260,60,44,12,
368257130,2025-01-08T00:00:08Z,46.00984,-122.84836,0.0,305.4,,60,15,4,
368338570,2025-01-08T00:00:19Z,29.13967,-90.21323,0.0,134.0,340,70,85,18,3.4
367474570,2025-01-08T00:00:10Z,38.112,-90.25057,0.0,300.2,,31,22,9,
367012730,2025-01-08T00:00:12Z,30.94655,-87.97619,4.7,352.0,9,31,117,34,3.1
367518250,2025-01-08T00:00:21Z,29.25368,-89.97685,0.1,281.6,,31,21,8,2.3
368114570,2025-01-08T00:00:08Z,40.71034,-74.04583,0.1,,,36,12,7,
367313120,2025-01-08T00:00:08Z,29.30389,-92.3873,7.7,200.0,185,70,43,10,
367728750,2025-01-08T00:00:08Z,30.04837,-90.84064,8.9,158.5,171,31,119,34,2.9
367798550,2025-01-08T00:00:36Z,28.90919,-95.36132,0.1,205.4,282,31,22,8,2.7
368311730,2025-01-08T00:00:06Z,29.7905,-95.06191,0.0,16.4,116,52,21,9,3.3
316005417,2025-01-08T00:00:05Z,49.17191,-123.41413,8.8,319.3,321,52,21,6,4.5
368134130,2025-01-08T00:00:03Z,29.99613,-93.94799,0.0,315.9,,52,24,12,3.1
366837910,2025-01-08T00:00:06Z,29.34005,-92.69069,0.0,70.7,,90,32,20,
367626460,2025-01-08T00:00:03Z,29.40513,-94.74293,0.0,313.4,139,31,19,7,2.8
368005670,2025-01-08T00:00:02Z,47.64946,-122.31299,0.0,47.4,135,90,22,8,3.9
367479650,2025-01-08T00:00:07Z,30.44096,-91.22685,0.1,21.3,292,52,21,8,3.0
367497070,2025-01-08T00:00:04Z,29.78952,-95.0644,0.0,283.8,,52,20,8,2.3
367649630,2025-01-08T00:00:24Z,41.49157,-81.72052,0.0,220.6,,31,27,6,0.4
368289310,2025-01-08T00:00:04Z,32.72581,-117.19257,0.0,,,37,,,
636093027,2025-01-08T00:00:15Z,40.6813,-74.14669,0.0,202.3,308,70,223,32,10.8
368007280,2025-01-08T00:00:08Z,18.36317,-64.74725,0.1,,356,36,19,6,
367304010,2025-01-08T00:00:03Z,40.68633,-74.0097,0.5,130.0,197,52,36,10,4.6
636021462,2025-01-08T00:00:04Z,46.16861,-125.52309,14.4,2.0,359,70,333,48,11.7
316047946,2025-01-08T00:00:22Z,49.17788,-123.85932,0.0,292.3,91,60,80,17,3.5
369996000,2025-01-08T00:00:03Z,41.52703,-71.34233,0.1,75.7,,99,30,8,3.0
368122990,2025-01-08T00:00:06Z,30.32652,-87.33148,0.0,182.7,270,33,52,10,
367108820,2025-01-08T00:00:39Z,37.82834,-76.27933,0.0,,,30,66,10,
354739000,2025-01-08T00:00:07Z,37.45099,-122.72794,7.0,181.2,179,70,180,28,6.1
367166950,2025-01-08T00:00:50Z,29.64633,-91.10615,0.0,255.5,113,70,57,16,4.0
367125970,2025-01-08T00:00:00Z,30.36937,-88.56265,0.0,,,30,29,9,3.3
367123550,2025-01-08T00:00:47Z,29.11811,-90.20663,0.0,95.4,,70,42,10,2.6
210430000,2025-01-08T00:01:07Z,29.36,-89.51925,10.3,287.8,285,70,229,32,7.5
368171270,2025-01-08T00:00:01Z,37.90918,-122.36363,0.0,98.5,169,52,26,10,3.1
338926899,2025-01-08T00:01:07Z,20.26753,-156.97365,10.0,50.1,,51,14,4,
367002130,2025-01-08T00:01:11Z,29.99967,-90.47163,0.1,282.5,,31,81,23,2.6
367012670,2025-01-08T00:00:09Z,39.71696,-75.51705,0.0,272.2,,52,20,8,3.4
563104100,2025-01-08T00:00:00Z,36.27693,-123.97906,12.2,197.2,198,87,183,32,9.3
368213880,2025-01-08T00:00:14Z,48.00306,-122.22173,0.0,,,37,19,6,
367023480,2025-01-08T00:00:00Z,39.81389,-75.40403,0.0,310.9,53,52,29,10,
367492140,2025-01-08T00:00:12Z,39.8068,-75.41087,0.0,280.8,,33,48,11,
368283540,2025-01-08T00:00:01Z,41.72453,-87.53997,0.0,186.8,182,52,20,7,3.1
367773570,2025-01-08T00:00:46Z,29.2561,-89.3602,0.0,287.7,,20,39,9,1.6
338218842,2025-01-08T00:00:12Z,48.7548,-122.50487,0.1,,,37,17,5,
228468900,2025-01-08T00:00:27Z,36.87148,-76.34822,0.0,292.7,167,79,268,44,11.9
368134020,2025-01-08T00:00:00Z,35.08746,-90.10653,0.0,34.2,98,57,219,18,2.9
368266590,2025-01-08T00:00:02Z,29.7446,-95.09643,0.0,121.6,41,52,26,14,14.6
367591810,2025-01-08T00:00:04Z,29.78715,-95.08302,0.0,304.8,293,52,26,12,3.1
367130000,2025-01-08T00:00:01Z,45.61955,-122.79072,7.1,165.8,165,9,120,16,5.6
366963860,2025-01-08T00:00:07Z,30.04754,-90.47603,0.4,103.5,,52,20,8,3.3
368036150,2025-01-08T00:00:03Z,27.83035,-97.13135,3.6,79.3,,31,13,6,2.5
368099290,2025-01-08T00:00:10Z,29.79142,-92.14276,0.0,,,7,40,11,3.0
368130670,2025-01-08T00:00:00Z,26.32417,-80.08284,0.0,184.0,,37,21,4,
368091250,2025-01-08T00:00:00Z,29.96874,-93.85986,0.0,290.0,208,90,22,10,2.9
366921080,2025-01-08T00:00:00Z,29.85091,-89.98309,0.1,219.5,,52,32,8,4.0
538009232,2025-01-08T00:00:01Z,40.48606,-73.46009,3.2,245.8,255,89,183,32,10.4
368128420,2025-01-08T00:00:10Z,38.10522,-90.23808,0.0,151.3,313,31,20,7,3.0
311001110,2025-01-08T00:00:16Z,30.11428,-90.98441,0.0,213.5,278,70,190,32,11.6
338034319,2025-01-08T00:00:02Z,45.60264,-122.63291,0.2,178.6,253,37,12,4,
563239600,2025-01-08T00:00:32Z,46.21323,-123.79299,0.0,199.2,93,70,229,32,7.7
339141000,2025-01-08T00:00:14Z,26.8321,-80.05356,0.0,285.5,35,37,48,8,
366607000,2025-01-08T00:00:35Z,34.15069,-119.2099,0.0,217.2,179,70,70,15,4.5
367506840,2025-01-08T00:00:16Z,30.3443,-88.50727,0.0,,,31,24,9,
338421928,2025-01-08T00:00:04Z,32.21566,-80.77842,0.1,,,37,14,4,
316018605,2025-01-08T00:00:30Z,49.21519,-123.17526,11.2,273.0,,90,10,5,
367602150,2025-01-08T00:00:45Z,47.62808,-122.3953,0.0,311.7,252,37,23,20,
368181130,2025-01-08T00:00:04Z,41.63812,-70.90794,0.0,356.9,,30,26,7,
316001556,2025-01-08T00:00:36Z,48.41909,-123.38804,0.0,250.2,317,51,15,5,1.5
367632260,2025-01-08T00:00:05Z,47.66674,-122.38944,0.0,301.6,2,30,36,10,3.7
368403000,2025-01-08T00:00:07Z,47.98264,-122.21855,0.0,263.5,107,32,38,8,4.6
316014836,2025-01-08T00:00:25Z,49.22713,-122.77843,10.8,242.0,240,31,15,6,3.3
353156000,2025-01-08T00:00:31Z,37.18017,-76.10734,0.2,51.6,301,70,200,32,8.8
367669550,2025-01-08T00:01:00Z,46.20031,-123.38573,0.0,211.7,142,30,30,8,
367438690,2025-01-08T00:00:03Z,26.08191,-80.11627,0.0,271.0,0,52,29,14,4.5
367797720,2025-01-08T00:01:05Z,41.18607,-72.35234,6.8,66.8,60,31,25,10,3.7
366999701,2025-01-08T00:00:39Z,30.36352,-89.08955,0.0,302.1,,55,26,6,1.7
563226200,2025-01-08T00:00:37Z,32.45737,-79.25529,11.9,224.2,225,71,366,51,11.1
373821000,2025-01-08T00:01:02Z,46.13998,-123.02415,10.1,113.8,114,70,180,30,6.1
367527930,2025-01-08T00:01:02Z,29.2705,-89.338,26.8,308.4,309,50,17,3,
368095940,2025-01-08T00:00:06Z,48.75696,-122.50568,0.1,33.1,,36,8,4,
367104070,2025-01-08T00:00:06Z,34.38333,-119.50899,0.7,230.9,,60,33,15,2.4
367004610,2025-01-08T00:00:02Z,30.05538,-90.84259,0.1,183.8,,31,25,25,
338391935,2025-01-08T00:00:06Z,34.24482,-77.95167,0.0,353.5,,37,12,4,
338250000,2025-01-08T00:00:02Z,47.64593,-122.33936,0.0,7.0,221,30,65,13,4.0
367000110,2025-01-08T00:00:08Z,40.64308,-74.07074,0.0,153.0,89,69,63,14,2.2
367588290,2025-01-08T00:00:06Z,29.8806,-89.95276,0.0,303.6,,52,24,10,2.8
367358340,2025-01-08T00:00:00Z,29.74997,-95.16538,5.0,48.6,27,52,20,10,3.0
367314110,2025-01-08T00:00:01Z,39.87429,-75.20904,0.0,248.5,,31,16,6,0.3
368234140,2025-01-08T00:00:01Z,34.16907,-119.22248,0.0,228.8,,37,20,6,
366998890,2025-01-08T00:00:01Z,30.06834,-93.71724,0.0,294.7,,31,16,6,3.0
367145870,2025-01-08T00:00:03Z,41.65065,-70.27722,0.0,295.9,10,60,47,12,1.6
247304200,2025-01-08T00:00:00Z,39.25131,-76.53723,0.0,27.0,13,70,211,32,8.0
366709780,2025-01-08T00:01:08Z,47.8106,-122.40737,16.1,236.4,235,60,134,26,5.5
368006870,2025-01-08T00:00:00Z,34.73998,-121.29647,7.4,325.9,326,52,153,24,4.4
367748320,2025-01-08T00:00:02Z,30.39019,-91.2134,0.0,132.8,,31,248,32,3.0
319795000,2025-01-08T00:00:02Z,26.11232,-80.10865,0.1,320.6,10,37,43,9,2.4
563020800,2025-01-08T00:00:04Z,24.3977,-80.08987,14.4,231.4,230,80,159,24,6.8
366914820,2025-01-08T00:00:02Z,29.35699,-90.25098,0.0,253.4,,69,43,9,
367005920,2025-01-08T00:00:03Z,30.05837,-93.66901,5.3,286.0,,52,21,8,2.5
367001950,2025-01-08T00:00:06Z,29.68503,-91.15049,0.0,266.6,,31,20,8,2.1
338449111,2025-01-08T00:00:05Z,34.01954,-118.51831,,,,,,,
367330510,2025-01-08T00:00:04Z,33.76364,-118.25698,0.0,,211,52,23,10,4.0
303466000,2025-01-08T00:00:04Z,33.7636,-118.25692,0.0,35.2,213,52,30,10,5.2
367424420,2025-01-08T00:00:05Z,29.72342,-95.24872,0.0,47.3,,52,30,12,
244140580,2025-01-08T00:00:06Z,18.46304,-66.10958,0.1,207.2,353,60,299,40,8.3
367456960,2025-01-08T00:00:07Z,38.70102,-90.18277,1.4,218.5,208,31,317,34,2.9
367473820,2025-01-08T00:00:07Z,30.70537,-88.03957,0.0,169.9,,52,30,8,4.0
366963250,2025-01-08T00:00:09Z,30.11055,-91.01485,0.0,349.0,84,52,42,12,3.0
368269740,2025-01-08T00:00:08Z,35.02072,-90.26044,3.4,97.3,92,52,410,44,3.0
366766530,2025-01-08T00:00:26Z,46.19065,-123.7464,0.0,124.0,,90,60,11,2.5
352004315,2025-01-08T00:01:07Z,33.72688,-118.2051,0.6,286.6,0,80,113,18,5.3
367428270,2025-01-08T00:00:03Z,32.82166,-79.39794,7.2,53.3,56,31,32,10,4.9
477308400,2025-01-08T00:00:07Z,39.88082,-75.15435,7.4,94.7,91,71,207,30,8.8
367605850,2025-01-08T00:00:08Z,40.65556,-74.08562,0.0,191.5,274,31,24,10,0.4
538009778,2025-01-08T00:00:06Z,29.34174,-94.69509,11.7,103.7,103,89,183,32,9.5
219029620,2025-01-08T00:00:07Z,26.24734,-79.40069,11.9,192.5,191,80,250,44,9.0
366943760,2025-01-08T00:00:01Z,27.85545,-97.23809,0.0,251.8,,52,17,6,
366702000,2025-01-08T00:00:03Z,40.73203,-74.02318,11.4,348.1,,60,28,8,2.0
368000510,2025-01-08T00:00:07Z,29.84471,-93.96676,0.0,338.2,127,31,117,34,2.8
366939770,2025-01-08T00:00:02Z,34.17971,-77.95814,3.2,5.0,4,31,33,9,
367513040,2025-01-08T00:00:06Z,42.38005,-71.04295,0.0,250.5,81,52,26,10,3.0
368285070,2025-01-08T00:00:05Z,29.31999,-94.78531,0.0,161.1,302,50,21,6,
316005998,2025-01-08T00:00:15Z,49.29142,-123.05834,0.0,322.1,56,30,57,13,5.5
368286810,2025-01-08T00:00:07Z,30.41259,-91.20301,8.5,195.0,195,57,148,22,2.8
249338000,2025-01-08T00:00:05Z,28.84325,-93.84467,13.2,303.3,304,80,183,32,8.1
367367530,2025-01-08T00:00:05Z,29.4154,-94.73182,4.2,48.5,,31,147,33,3.1
367656820,2025-01-08T00:00:01Z,30.08082,-93.33492,3.5,218.0,217,31,115,34,3.1
367323780,2025-01-08T00:00:14Z,29.38027,-90.25925,0.0,64.8,,70,36,10,4.0
368051990,2025-01-08T00:00:07Z,47.74758,-122.55169,0.0,,,37,9,4,
367559840,2025-01-08T00:00:16Z,29.94025,-90.31143,0.1,146.8,,31,20,8,3.0
367776390,2025-01-08T00:00:00Z,37.66727,-122.36557,29.0,198.9,,60,17,6,0.7
368334590,2025-01-08T00:00:01Z,32.07901,-81.07898,9.6,107.0,103,56,23,8,
310034000,2025-01-08T00:00:02Z,18.47086,-64.57627,0.0,105.4,140,37,50,9,3.8
367637980,2025-01-08T00:00:02Z,30.39832,-91.20624,0.0,27.0,220,31,239,54,3.6
367352240,2025-01-08T00:00:02Z,30.41912,-91.20368,0.2,294.3,,52,16,6,2.4
367168190,2025-01-08T00:00:20Z,25.77267,-80.1848,0.0,4.3,,60,67,16,6.0
367777570,2025-01-08T00:00:37Z,29.72824,-95.02197,0.1,276.1,,52,10,4,
367685550,2025-01-08T00:00:42Z,38.44851,-82.60283,4.0,214.8,,31,15,5,2.2
477462400,2025-01-08T00:00:03Z,33.07971,-78.06996,13.4,243.5,245,70,275,40,12.8
311832000,2025-01-08T00:00:52Z,29.9653,-90.28007,0.0,329.0,257,70,190,29,11.0
316001749,2025-01-08T00:00:06Z,49.18112,-123.18293,0.0,,41,51,28,12,
366989360,2025-01-08T00:01:10Z,37.93279,-122.44464,36.2,186.6,185,60,41,12,3.0
368070420,2025-01-08T00:00:01Z,29.74483,-95.1003,0.1,282.1,317,52,83,11,2.5
368138150,2025-01-08T00:00:28Z,30.03814,-90.67924,0.0,79.2,245,52,28,12,2.9
368011730,2025-01-08T00:00:07Z,48.72063,-122.68082,4.1,55.5,233,60,32,14,
368280920,2025-01-08T00:00:05Z,29.70779,-95.0195,6.4,340.7,346,52,20,9,2.8
368073990,2025-01-08T00:00:06Z,38.44873,-82.60222,0.0,,,52,25,10,3.0
368212750,2025-01-08T00:00:05Z,37.7411,-122.34407,21.7,323.8,,69,23,8,1.0
368317320,2025-01-08T00:00:06Z,46.49523,-84.32614,0.0,252.2,210,52,13,7,
368211560,2025-01-08T00:00:07Z,29.07752,-90.87123,0.0,279.4,,52,15,7,3.2
366999892,2025-01-08T00:00:33Z,37.83279,-122.47757,0.1,,,51,14,4,
367541650,2025-01-08T00:00:36Z,25.81845,-80.12335,0.0,137.3,,37,30,7,
367539140,2025-01-08T00:00:37Z,38.97784,-84.29925,6.4,358.1,357,31,49,12,2.5
367312120,2025-01-08T00:00:02Z,28.94312,-90.03363,0.1,62.9,,60,45,15,
367313850,2025-01-08T00:00:02Z,28.94646,-95.30472,11.8,221.6,221,60,13,4,2.5
367756280,2025-01-08T00:00:04Z,32.08204,-81.06502,0.1,120.7,273,31,26,11,
368286750,2025-01-08T00:00:03Z,29.93136,-93.87362,4.4,217.2,217,30,25,10,2.8
352002603,2025-01-08T00:00:08Z,17.67361,-64.7355,5.5,332.9,332,81,228,32,10.6
311358000,2025-01-08T00:00:09Z,33.5936,-78.27141,7.6,205.8,204,70,190,29,6.3
200000000,2025-01-08T00:00:00Z,29.86105,-90.01582,0.0,15.5,72,31,18,7,
338394312,2025-01-08T00:00:09Z,26.79464,-80.0353,0.1,197.5,,37,15,4,
367436030,2025-01-08T00:01:01Z,29.79054,-95.07027,0.0,323.9,156,31,116,34,3.0
368157410,2025-01-08T00:00:03Z,42.36236,-71.04181,8.0,354.2,,60,22,6,2.0
367313760,2025-01-08T00:00:00Z,39.76119,-74.1107,0.0,144.3,,60,18,6,
367104560,2025-01-08T00:01:14Z,30.08758,-90.90659,0.0,39.5,,31,17,6,
338458565,2025-01-08T00:00:01Z,26.32515,-80.08846,0.0,,,37,14,4,
368045260,2025-01-08T00:00:01Z,30.52188,-91.21892,3.3,258.1,,52,21,9,
367003360,2025-01-08T00:00:02Z,29.5787,-94.93038,6.7,321.5,,52,22,10,3.0
366991860,2025-01-08T00:00:08Z,30.05058,-90.54707,0.0,189.3,321,52,18,8,2.7
366874680,2025-01-08T00:00:03Z,29.65537,-91.1013,0.0,,,52,20,8,
368185620,2025-01-08T00:00:00Z,39.24002,-76.53468,16.4,319.4,314,50,15,5,1.3
338353969,2025-01-08T00:00:01Z,26.12196,-80.1072,0.9,0.1,,37,14,8,
367613940,2025-01-08T00:00:00Z,30.47543,-91.19509,0.6,156.1,338,31,116,34,2.8
338399375,2025-01-08T00:00:02Z,26.17549,-80.10238,0.0,,,37,16,6,
367677130,2025-01-08T00:00:00Z,46.25753,-123.658,10.9,249.2,246,52,154,24,4.9
367512190,2025-01-08T00:00:06Z,33.76576,-118.86675,6.2,120.9,,30,23,7,
366872660,2025-01-08T00:00:04Z,27.84409,-97.52345,0.0,263.6,271,31,209,18,2.9
366755990,2025-01-08T00:00:07Z,43.66276,-70.24209,0.0,169.6,,36,16,5,
367112570,2025-01-08T00:00:03Z,29.73638,-95.1398,0.2,14.8,,31,19,6,
316001002,2025-01-08T00:00:08Z,42.95951,-82.35743,0.0,200.0,,,,,
366956790,2025-01-08T00:00:00Z,30.41157,-91.1988,0.0,48.9,206,52,62,18,3.3
419001940,2025-01-08T00:00:00Z,17.51756,-64.72725,0.7,231.6,166,80,183,32,11.7
367463060,2025-01-08T00:00:04Z,47.33186,-122.50783,0.0,15.1,15,60,83,20,
368084090,2025-01-08T00:00:00Z,29.7078,-95.04533,0.0,276.2,268,57,23,10,3.0
368093830,2025-01-08T00:00:02Z,29.97023,-90.24294,0.1,54.5,,57,23,7,
368131680,2025-01-08T00:00:01Z,34.24433,-119.26129,0.0,,,36,17,5,
367570840,2025-01-08T00:00:03Z,29.61437,-90.69571,0.0,273.5,357,31,213,18,3.1
566539000,2025-01-08T00:00:07Z,48.13111,-123.43525,0.0,212.2,6,80,275,49,10.5
367473490,2025-01-08T00:01:12Z,29.74692,-94.07618,3.4,51.6,52,31,147,33,3.1
366298000,2025-01-08T00:00:00Z,47.66345,-122.39088,0.0,356.3,179,30,39,10,4.0
368349280,2025-01-08T00:00:03Z,30.02163,-93.9814,0.0,323.9,313,52,23,9,
367753210,2025-01-08T00:00:01Z,30.06126,-90.86252,2.8,76.4,47,31,28,12,4.6
366941870,2025-01-08T00:00:01Z,29.68209,-94.19624,4.6,64.3,63,30,112,17,2.9
368331090,2025-01-08T00:00:01Z,34.93684,-76.81073,0.0,138.8,74,60,60,14,
367389230,2025-01-08T00:00:02Z,48.51923,-122.6237,0.0,329.8,349,60,38,13,2.5
366972930,2025-01-08T00:00:03Z,30.24038,-91.12277,0.0,283.9,,31,15,6,6.7
366897820,2025-01-08T00:00:08Z,40.66262,-74.15679,0.0,329.1,,52,27,9,4.3
368324270,2025-01-08T00:00:06Z,39.89735,-75.21208,0.0,286.5,144,52,22,8,
367713990,2025-01-08T00:00:18Z,38.86909,-90.56706,5.9,0.0,,57,15,4,
367558410,2025-01-08T00:00:39Z,30.2815,-88.94429,6.1,271.8,275,52,25,11,2.7
367544970,2025-01-08T00:00:06Z,29.69318,-94.99178,7.9,131.7,130,31,18,9,2.8
368362260,2025-01-08T00:01:11Z,30.04928,-90.53788,0.0,,,52,20,10,3.2
636093182,2025-01-08T00:00:04Z,34.1945,-77.95577,0.0,184.2,184,71,366,48,11.4
365691344,2025-01-08T00:00:04Z,42.3803,-71.04304,0.1,65.4,,57,33,9,
367092740,2025-01-08T00:01:11Z,43.64041,-70.28414,0.0,,,31,32,9,2.5
367435750,2025-01-08T00:00:02Z,28.92785,-83.05188,10.0,247.3,246,31,172,28,5.5
338118971,2025-01-08T00:00:01Z,33.84701,-118.39851,0.3,202.7,,50,10,4,
367703020,2025-01-08T00:00:03Z,39.07489,-84.62607,5.0,116.9,,31,14,5,
367393830,2025-01-08T00:00:04Z,40.63889,-74.1963,0.0,,40,31,27,8,4.0
367001540,2025-01-08T00:00:07Z,29.61865,-92.39378,0.0,,,52,80,12,
367114050,2025-01-08T00:00:03Z,30.17414,-91.01379,0.0,281.1,,31,30,10,6.4
360000000,2025-01-08T00:00:04Z,30.36519,-89.08653,0.0,,,99,32,7,3.3
316005813,2025-01-08T00:00:08Z,49.12415,-123.18799,0.0,,,30,21,6,
367720010,2025-01-08T00:00:06Z,29.63001,-84.79852,10.1,243.1,,39,40,10,3.0
368133450,2025-01-08T00:00:06Z,33.76245,-118.26086,3.0,352.5,356,31,27,10,3.3
368378950,2025-01-08T00:00:09Z,26.70469,-80.04508,0.0,,,30,,2,
367075320,2025-01-08T00:00:03Z,28.86645,-95.45769,0.0,239.9,82,52,18,7,3.1
367013390,2025-01-08T00:00:01Z,29.75331,-95.17643,0.0,305.5,218,31,16,7,
367644790,2025-01-08T00:00:09Z,30.15699,-90.99629,0.0,197.0,352,31,24,9,2.9
367408160,2025-01-08T00:00:15Z,29.40931,-94.73872,0.0,263.7,138,31,27,9,3.0
367674650,2025-01-08T00:00:10Z,30.2016,-91.11298,0.0,163.7,234,31,26,9,2.8
367465980,2025-01-08T00:00:04Z,29.80602,-93.9548,0.0,253.0,,31,21,8,2.9
368364850,2025-01-08T00:00:08Z,29.34699,-94.7445,0.1,104.0,39,57,84,16,3.1
368088250,2025-01-08T00:00:05Z,28.69351,-95.95701,3.4,84.2,,52,18,6,
367342960,2025-01-08T00:00:05Z,26.09266,-80.11828,2.2,128.0,294,80,183,32,8.6
338406243,2025-01-08T00:00:19Z,47.62887,-122.39536,0.0,,,36,12,4,
983192222,2025-01-08T00:00:19Z,26.70444,-80.04613,0.0,,,37,13,4,
241845000,2025-01-08T00:00:05Z,28.66828,-89.33107,11.9,328.5,326,80,250,44,9.2
367003920,2025-01-08T00:00:08Z,29.95098,-90.14318,4.3,331.4,325,31,285,33,2.7
338218673,2025-01-08T00:00:20Z,33.61816,-117.92197,0.0,195.4,,37,14,6,
367509840,2025-01-08T00:00:08Z,29.56472,-94.4357,4.7,262.2,,31,113,34,3.0
368034940,2025-01-08T00:00:02Z,29.93539,-90.33006,2.8,267.2,269,31,36,10,3.1
378113913,2025-01-08T00:00:22Z,18.38623,-64.70318,0.1,,,36,15,8,
368165440,2025-01-08T00:00:09Z,30.05483,-90.57642,0.9,42.3,,52,18,8,
368113420,2025-01-08T00:00:01Z,39.09112,-84.55916,4.5,23.7,33,31,121,18,
316002280,2025-01-08T00:00:02Z,41.88527,-82.87235,12.4,93.2,94,70,226,24,8.0
366997220,2025-01-08T00:00:00Z,29.80848,-90.00739,0.0,249.9,13,31,80,12,2.9
367677130,2025-01-08T00:00:00Z,46.25753,-123.658,10.9,249.2,246,52,154,24,4.9
338926452,2025-01-08T00:00:04Z,42.3691,-71.05146,0.0,143.7,210,55,46,7,
371210000,2025-01-08T00:00:39Z,29.93328,-89.99508,0.0,162.2,314,70,136,24,5.4
367573920,2025-01-08T00:00:09Z,37.24832,-76.50445,0.0,314.0,,30,12,4,1.5
368286760,2025-01-08T00:00:07Z,30.11064,-90.99833,0.0,334.7,257,30,150,33,2.5
367677450,2025-01-08T00:00:00Z,29.93699,-90.17852,6.1,231.5,230,31,208,18,2.7
368301660,2025-01-08T00:00:37Z,33.72227,-118.28076,0.0,,,37,17,5,
366701350,2025-01-08T00:00:15Z,40.67681,-74.07411,0.0,293.5,32,31,25,11,4.0
366752720,2025-01-08T00:00:00Z,42.45216,-70.95096,0.0,102.2,,30,31,10,2.0
367641230,2025-01-08T00:00:01Z,21.20146,-157.63232,13.0,81.9,83,70,210,32,7.9
367350170,2025-01-08T00:00:37Z,30.08528,-93.32967,0.0,256.2,209,52,24,10,2.7
367753210,2025-01-08T00:01:04Z,30.06138,-90.86174,1.8,41.8,317,31,28,12,4.6
366773150,2025-01-08T00:01:12Z,40.5167,-73.98792,4.9,299.8,300,52,30,9,4.5
368301040,2025-01-08T00:00:04Z,29.61227,-90.7087,0.0,177.2,312,52,18,9,
367744470,2025-01-08T00:00:07Z,32.69404,-117.15224,0.0,277.0,222,31,30,8,10.0
563208800,2025-01-08T00:00:02Z,29.56067,-93.75942,12.2,314.9,317,80,183,32,11.2
366969510,2025-01-08T00:00:00Z,38.12236,-122.28209,0.0,194.3,,52,24,8,
538007558,2025-01-08T00:00:01Z,42.77189,-127.83829,12.7,76.7,75,70,199,32,8.4
316001257,2025-01-08T00:00:02Z,49.34667,-123.33127,20.2,210.9,212,60,139,28,5.4
538070721,2025-01-08T00:00:01Z,19.43484,-67.08748,12.4,100.5,103,60,55,10,
367041530,2025-01-08T00:00:02Z,47.65596,-122.37712,0.0,203.4,,30,24,8,3.0
319060900,2025-01-08T00:00:20Z,26.70321,-80.04602,0.0,355.6,185,37,44,8,
368294650,2025-01-08T00:00:17Z,30.38446,-88.27122,0.0,,,70,49,11,
367727150,2025-01-08T00:00:38Z,28.95155,-89.14902,8.9,262.3,,30,26,7,
367305420,2025-01-08T00:00:07Z,18.44852,-66.08929,0.0,280.1,,52,33,11,
366710820,2025-01-08T00:00:07Z,48.59715,-122.9435,0.0,95.5,327,60,100,24,5.2
368194250,2025-01-08T00:00:27Z,29.78791,-95.06603,0.0,257.4,,52,18,8,2.2
366938730,2025-01-08T00:00:08Z,41.65692,-87.3226,0.0,249.0,347,70,305,32,8.0
311001481,2025-01-08T00:00:41Z,18.32484,-64.95457,0.0,,,37,24,12,
367496470,2025-01-08T00:00:02Z,43.07523,-70.71797,7.7,83.0,79,52,154,24,5.1
338127553,2025-01-08T00:01:05Z,25.95835,-80.12799,0.0,92.2,,37,35,7,2.5
368096750,2025-01-08T00:00:07Z,42.6138,-70.65398,0.0,,,30,25,7,12.2
367566130,2025-01-08T00:01:15Z,29.70537,-91.22292,0.0,261.8,,52,14,6,3.0
255805891,2025-01-08T00:00:07Z,48.49908,-125.5212,0.8,257.8,185,74,300,48,14.4
316052572,2025-01-08T00:00:08Z,49.29042,-122.9744,0.0,326.4,140,,23,12,
367608420,2025-01-08T00:00:10Z,45.58737,-122.7705,0.0,128.5,138,52,24,9,
232010199,2025-01-08T00:00:09Z,18.30334,-64.52016,7.9,97.3,100,80,105,18,5.0
503171170,2025-01-08T00:00:10Z,18.28734,-65.63222,0.0,,251,37,,,
368030920,2025-01-08T00:00:50Z,26.89544,-80.07222,0.0,280.6,96,37,19,6,2.1
368323350,2025-01-08T00:00:08Z,32.72575,-117.19184,0.0,,,36,16,6,
368165440,2025-01-08T00:01:10Z,30.05494,-90.57598,2.9,107.8,,52,18,8,
316028652,2025-01-08T00:00:10Z,49.20413,-123.14649,,,129,37,20,5,2.3
303849000,2025-01-08T00:00:08Z,20.39379,-156.31907,11.6,82.2,84,80,191,30,9.7
367608840,2025-01-08T00:01:10Z,38.78746,-76.4304,5.9,191.8,192,52,26,8,3.3
372089000,2025-01-08T00:00:01Z,26.85485,-79.45929,7.6,74.7,101,70,190,32,1.9
370852000,2025-01-08T00:00:03Z,36.95831,-75.98651,9.5,324.7,319,70,200,32,8.1
338420853,2025-01-08T00:00:09Z,32.71337,-117.23077,0.0,116.5,,37,15,5,
369040000,2025-01-08T00:00:01Z,47.76092,-125.61815,9.6,30.7,34,80,183,32,10.8
367775870,2025-01-08T00:00:15Z,47.56406,-122.62221,0.0,302.0,,37,10,4,
367772760,2025-01-08T00:00:04Z,29.87072,-89.90957,15.1,217.8,,30,56,12,
367666570,2025-01-08T00:00:14Z,30.27787,-81.71317,0.0,67.0,,37,14,5,
368110430,2025-01-08T00:00:02Z,29.73228,-95.02079,0.0,96.4,48,57,204,18,2.6
316003663,2025-01-08T00:00:15Z,49.00124,-123.60023,2.0,19.3,24,52,24,8,4.3
367403580,2025-01-08T00:00:04Z,29.42348,-94.72047,0.0,113.1,46,52,25,12,2.8
367634330,2025-01-08T00:00:22Z,47.25946,-122.4907,0.0,162.7,,30,8,4,
368230000,2025-01-08T00:00:06Z,29.31469,-94.79393,0.0,56.6,332,36,57,14,3.5
367309430,2025-01-08T00:00:04Z,43.88883,-69.8108,0.6,201.6,,52,40,12,6.1
367551270,2025-01-08T00:00:04Z,30.29042,-91.22138,0.0,85.3,,31,17,8,
368133850,2025-01-08T00:00:32Z,27.51442,-82.55733,0.0,237.9,,37,16,4,
366913820,2025-01-08T00:00:06Z,36.93076,-76.33169,0.0,229.4,270,52,30,10,5.5
367062370,2025-01-08T00:00:06Z,30.0647,-90.87197,1.1,21.5,295,31,22,9,2.6
367712350,2025-01-08T00:00:04Z,36.82134,-76.29058,7.4,353.8,353,52,20,10,3.0
367375360,2025-01-08T00:00:10Z,34.24178,-119.26435,0.0,349.2,259,30,,,2.3
367649160,2025-01-08T00:00:41Z,30.29247,-87.54325,0.0,165.9,,37,21,,
368054630,2025-01-08T00:00:44Z,48.51295,-122.60675,0.0,,,37,20,6,
367005280,2025-01-08T00:00:13Z,29.87421,-91.20993,5.6,348.9,354,31,20,8,2.0
367732930,2025-01-08T00:00:44Z,29.23007,-89.91115,1.1,39.3,,30,20,6,
367463020,2025-01-08T00:00:14Z,29.35446,-90.24911,0.0,314.6,,30,33,7,
368184340,2025-01-08T00:00:47Z,32.72423,-117.22441,0.0,284.6,,37,14,5,
368389330,2025-01-08T00:00:39Z,28.86425,-95.46851,0.6,58.7,62,57,115,34,3.1
316001257,2025-01-08T00:01:08Z,49.34132,-123.33632,20.2,211.7,212,60,139,28,5.4
367373960,2025-01-08T00:01:09Z,32.65243,-117.32663,11.3,107.1,,60,28,9,
367195440,2025-01-08T00:01:11Z,33.93076,-77.99655,0.0,31.1,218,60,23,7,1.6
368184410,2025-01-08T00:00:09Z,29.83911,-90.0406,0.0,235.5,,52,23,9,
368056310,2025-01-08T00:00:09Z,30.08194,-91.30949,0.0,,345,31,24,10,3.0
367673690,2025-01-08T00:01:14Z,42.30036,-83.09103,0.0,297.7,29,31,33,10,4.0
538004652,2025-01-08T00:01:06Z,49.29455,-123.22292,0.0,274.3,114,70,229,32,9.4
256490000,2025-01-08T00:00:00Z,36.24958,-74.80745,15.8,135.5,135,73,270,42,13.1
368074170,2025-01-08T00:01:08Z,29.63749,-94.29574,5.0,59.8,61,52,32,12,3.0
636021739,2025-01-08T00:00:08Z,31.95692,-80.69747,12.8,290.0,291,71,261,32,11.2
352898688,2025-01-08T00:00:50Z,37.73611,-122.32818,0.7,153.4,334,80,183,32,8.0
367026560,2025-01-08T00:00:01Z,29.42728,-94.71536,0.0,276.5,79,52,22,10,2.9
538070998,2025-01-08T00:00:46Z,26.09738,-80.16437,0.0,127.7,267,37,35,8,2.0
368293000,2025-01-08T00:00:16Z,47.63017,-122.3821,0.0,351.4,180,30,114,20,8.0
316049055,2025-01-08T00:00:01Z,49.31013,-123.10408,0.1,273.0,353,52,20,8,4.4
636022776,2025-01-08T00:00:15Z,34.04462,-76.04909,16.0,42.7,45,70,222,30,9.7
367865000,2025-01-08T00:00:18Z,30.67723,-88.03312,0.0,92.5,89,80,206,30,10.5
367597650,2025-01-08T00:00:02Z,40.73558,-73.94681,0.1,23.0,21,80,89,22,6.0
368274440,2025-01-08T00:00:02Z,30.01838,-93.98053,0.0,339.2,13,31,78,32,
367442780,2025-01-08T00:00:10Z,47.62866,-122.33286,0.0,,,60,26,6,
538007108,2025-01-08T00:00:03Z,34.99703,-75.25683,8.8,234.3,230,80,133,24,8.7
366990520,2025-01-08T00:00:09Z,37.7969,-122.3934,0.1,223.1,231,40,48,24,
366969670,2025-01-08T00:00:01Z,29.67568,-94.92925,6.0,194.5,196,31,109,18,2.3
366972020,2025-01-08T00:00:03Z,41.6753,-87.43782,0.0,341.0,343,70,234,21,6.7
367741150,2025-01-08T00:00:03Z,47.55182,-122.44534,5.4,193.3,194,31,32,10,
367590560,2025-01-08T00:00:03Z,29.56613,-94.42539,8.6,75.0,,60,8,3,3.0
352002718,2025-01-08T00:00:06Z,25.98766,-79.43714,9.7,190.0,188,70,199,32,8.5
367171030,2025-01-08T00:00:08Z,30.42329,-91.19548,0.0,315.0,,31,17,7,2.5
368110410,2025-01-08T00:00:07Z,29.68437,-91.15228,2.6,280.7,277,57,115,34,3.7
367430840,2025-01-08T00:00:10Z,39.36751,-74.39573,0.2,194.4,,32,22,8,3.1
367583670,2025-01-08T00:00:00Z,29.67304,-89.96394,0.2,251.4,,52,18,7,2.6
316014995,2025-01-08T00:00:10Z,49.31068,-123.10687,0.0,114.0,1,52,28,14,4.0
368231390,2025-01-08T00:00:00Z,30.06415,-90.85751,0.7,238.0,272,52,30,14,4.6
367633210,2025-01-08T00:00:02Z,29.78957,-95.07065,0.0,345.5,336,52,22,10,2.6
366831930,2025-01-08T00:00:01Z,40.43348,-74.0788,0.0,193.5,134,40,37,10,3.0
368297980,2025-01-08T00:00:03Z,29.88321,-93.91917,8.7,36.7,35,52,19,7,2.3
367300080,2025-01-08T00:00:01Z,29.60297,-89.86662,0.0,279.5,,30,19,6,
368016710,2025-01-08T00:00:01Z,38.01117,-90.07659,0.0,220.3,,31,20,7,
367638110,2025-01-08T00:00:03Z,35.44316,-89.99457,3.1,8.0,12,31,235,,2.8
366970780,2025-01-08T00:00:08Z,38.51096,-90.27004,3.7,15.4,16,31,28,10,2.8
368081970,2025-01-08T00:00:04Z,30.21076,-93.25612,0.0,248.0,,31,30,10,
367732690,2025-01-08T00:00:00Z,40.71054,-74.04213,0.0,,,60,13,5,1.8
369970479,2025-01-08T00:00:06Z,38.9841,-76.46738,0.0,197.9,0,99,38,9,3.2
367540520,2025-01-08T00:00:10Z,37.20618,-76.41796,0.0,49.6,,30,27,7,
366954160,2025-01-08T00:00:08Z,30.38641,-91.21775,0.0,298.1,,31,21,7,2.7
367075020,2025-01-08T00:00:07Z,29.57675,-90.60581,0.0,88.7,,52,20,8,3.1
367702340,2025-01-08T00:00:02Z,35.72656,-89.92845,3.3,49.2,57,31,485,55,3.0
367342420,2025-01-08T00:00:00Z,35.08343,-90.16933,0.0,278.1,,31,11,4,2.0
367599850,2025-01-08T00:00:00Z,30.04837,-90.59815,0.0,200.7,243,31,24,12,3.4
354839000,2025-01-08T00:00:07Z,33.86372,-118.96618,8.5,139.3,137,79,336,46,12.3
366837890,2025-01-08T00:00:36Z,29.77419,-95.10184,0.0,,,31,13,3,
368252160,2025-01-08T00:00:03Z,29.94707,-90.31122,0.6,232.0,,31,20,10,2.7
367481670,2025-01-08T00:00:04Z,38.54478,-90.2463,0.0,23.0,60,31,85,12,2.7
366896390,2025-01-08T00:00:09Z,36.8367,-76.26844,0.0,242.2,,33,49,20,3.0
367539160,2025-01-08T00:00:04Z,39.12886,-84.71429,6.5,323.0,320,31,51,12,2.5
338205428,2025-01-08T00:00:00Z,45.64397,-122.7278,2.2,104.1,103,52,25,8,
367728680,2025-01-08T00:00:02Z,30.03057,-91.25797,0.0,74.3,341,31,214,17,2.9
367583670,2025-01-08T00:00:00Z,29.67302,-89.96374,0.0,262.4,,52,18,7,2.6
368381790,2025-01-08T00:00:02Z,29.68037,-89.96698,0.0,314.0,321,52,30,10,
316004702,2025-01-08T00:00:03Z,49.08566,-123.1096,0.0,337.8,,30,19,6,3.0
367744140,2025-01-08T00:00:00Z,29.95887,-90.23423,5.0,309.0,,52,18,7,2.6
368012220,2025-01-08T00:00:03Z,30.25133,-88.08078,0.1,153.1,188,50,18,6,
367493740,2025-01-08T00:00:00Z,29.78702,-95.08308,0.0,173.4,290,31,118,34,2.9
868233290,2025-01-08T00:00:05Z,26.38995,-80.07074,5.9,0.0,,30,12,,
316011746,2025-01-08T00:00:01Z,49.14983,-123.84325,6.4,299.0,284,31,7,11,2.6
368113380,2025-01-08T00:00:04Z,29.98232,-90.40415,0.1,297.9,232,31,27,10,2.7
368071270,2025-01-08T00:00:02Z,30.03337,-90.83481,0.0,166.7,346,31,20,10,3.4
366959090,2025-01-08T00:00:02Z,29.77191,-95.10115,0.4,331.6,,52,17,7,2.3
367651830,2025-01-08T00:00:04Z,29.9852,-93.90201,7.5,288.7,293,31,116,18,2.9
367663560,2025-01-08T00:00:04Z,29.74415,-95.09695,0.0,67.6,137,31,22,9,2.9
366828620,2025-01-08T00:00:04Z,39.25079,-76.56319,7.7,319.0,,52,30,11,4.6
368209140,2025-01-08T00:00:02Z,26.74897,-80.05084,0.0,274.8,,37,33,7,2.0
367519280,2025-01-08T00:00:03Z,43.01214,-87.90413,0.0,350.9,147,31,75,18,2.5
367373000,2025-01-08T00:00:05Z,26.32473,-80.08853,0.0,192.7,,37,100,,2.3
367306490,2025-01-08T00:00:05Z,43.07525,-70.71893,7.3,81.7,,52,28,8,5.1
316013695,2025-01-08T00:00:08Z,48.85942,-123.33593,9.8,100.0,106,35,33,8,2.6
367395280,2025-01-08T00:00:07Z,32.66785,-117.66237,6.8,289.7,294,90,44,12,3.5
316042039,2025-01-08T00:00:00Z,49.29984,-123.04413,1.8,49.3,26,52,28,13,6.1
366954120,2025-01-08T00:00:03Z,30.03201,-90.47001,0.0,353.0,,31,135,51,4.2
367515970,2025-01-08T00:00:00Z,28.40878,-80.62902,0.0,353.0,,37,13,5,1.6
367344920,2025-01-08T00:00:02Z,29.76183,-95.1035,0.0,285.3,,31,117,18,2.8
366997410,2025-01-08T00:00:02Z,30.32108,-87.3328,0.0,285.4,,31,16,6,2.1
368097380,2025-01-08T00:00:00Z,40.80433,-73.84846,0.0,179.0,238,60,29,9,
367336190,2025-01-08T00:00:01Z,40.64676,-74.10581,10.5,89.9,90,32,28,9,4.2
367660250,2025-01-08T00:00:01Z,29.92237,-89.96019,9.9,97.4,91,31,116,18,3.1
367704150,2025-01-08T00:00:03Z,33.7533,-118.16976,8.2,298.7,,60,24,5,
367555330,2025-01-08T00:00:03Z,38.58015,-90.21968,0.0,34.0,45,31,27,7,2.9
369080000,2025-01-08T00:00:05Z,47.58887,-122.35045,0.0,96.0,359,31,31,11,4.3
366972430,2025-01-08T00:00:01Z,29.3145,-94.79287,0.0,347.4,242,52,16,8,2.2
316001476,2025-01-08T00:00:03Z,48.85406,-123.49802,0.0,93.5,216,51,15,5,1.3
366954170,2025-01-08T00:00:04Z,29.9225,-90.06257,0.0,357.4,,31,63,18,2.9
367677630,2025-01-08T00:00:06Z,30.01993,-93.99067,0.0,247.2,351,52,28,10,3.1
636018579,2025-01-08T00:00:06Z,29.16951,-94.58168,0.0,142.4,38,80,250,44,13.3
366855060,2025-01-08T00:00:03Z,33.97194,-118.44655,0.0,194.3,,30,23,8,
367352630,2025-01-08T00:00:07Z,30.11728,-90.99881,0.4,332.0,,31,20,8,3.0
563096700,2025-01-08T00:00:05Z,28.94872,-88.98625,14.6,56.0,56,73,300,43,12.4
368280050,2025-01-08T00:00:01Z,30.06755,-91.28787,0.0,73.2,289,52,115,18,3.1
366998090,2025-01-08T00:00:03Z,45.56399,-122.70979,0.0,,,52,36,8,
367057310,2025-01-08T00:00:03Z,30.1127,-89.69908,5.6,53.7,53,52,28,10,2.7
369026000,2025-01-08T00:00:04Z,29.7713,-95.07787,6.1,193.0,198,60,114,18,3.1
563191700,2025-01-08T00:00:06Z,40.53141,-70.33326,3.3,112.4,11,80,183,32,8.0
316304000,2025-01-08T00:00:05Z,49.30572,-123.07763,0.0,18.6,214,90,75,18,4.9
366943960,2025-01-08T00:00:01Z,33.38467,-118.08134,28.6,78.0,,40,37,6,1.1
367466650,2025-01-08T00:00:01Z,27.63184,-82.564,0.0,344.0,7,31,109,20,3.7
311000225,2025-01-08T00:00:02Z,33.92925,-119.18697,1.9,171.1,133,80,244,42,12.3
367347130,2025-01-08T00:00:01Z,40.65965,-74.04993,28.8,10.8,,60,44,12,4.7
367634690,2025-01-08T00:00:01Z,29.14475,-90.20575,0.0,163.0,252,190,55,10,
367378670,2025-01-08T00:00:05Z,45.2583,-85.18349,0.0,209.7,,52,22,6,3.1
636020772,2025-01-08T00:00:03Z,29.68173,-94.99661,0.0,166.7,81,71,277,40,12.1
366984240,2025-01-08T00:00:04Z,30.03759,-90.68762,7.9,52.6,56,52,59,19,3.2
563050800,2025-01-08T00:00:37Z,47.62411,-122.3713,0.0,205.7,133,70,229,32,7.4
316047565,2025-01-08T00:00:05Z,49.11644,-123.08789,11.8,237.7,245,79,149,26,4.3
316035905,2025-01-08T00:00:00Z,42.69525,-79.85384,4.5,335.0,330,70,198,24,8.1
563050400,2025-01-08T00:00:00Z,28.72816,-79.94664,15.6,160.4,163,70,272,40,9.6
367675660,2025-01-08T00:00:01Z,30.40081,-81.43249,0.0,99.7,,31,16,7,2.1
367547410,2025-01-08T00:00:01Z,27.74789,-82.74466,0.0,,,69,36,6,1.7
368076250,2025-01-08T00:00:04Z,29.96503,-90.02715,0.0,169.0,16,52,20,8,3.0
367028690,2025-01-08T00:00:01Z,29.78578,-95.0953,0.0,339.4,,31,17,6,1.6
316052438,2025-01-08T00:00:05Z,49.28081,-123.41166,36.2,77.1,75,60,42,12,1.5
367588010,2025-01-08T00:00:03Z,28.863,-96.02966,0.0,321.4,187,31,81,12,3.1
366947620,2025-01-08T00:00:06Z,48.12436,-123.45056,0.0,158.0,,60,26,6,1.4
368360610,2025-01-08T00:00:08Z,29.60059,-89.85177,0.0,263.1,292,52,30,20,
367394940,2025-01-08T00:00:38Z,26.08244,-80.11609,0.0,255.5,87,31,28,16,5.0
368386990,2025-01-08T00:00:01Z,29.73381,-95.13796,0.0,205.1,99,57,114,34,2.8
366772780,2025-01-08T00:00:01Z,47.56154,-122.6248,0.0,349.9,326,60,134,26,5.5
367522430,2025-01-08T00:00:03Z,34.49644,-90.59242,0.0,261.5,,31,21,8,
367769180,2025-01-08T00:00:05Z,36.9139,-76.33901,4.4,227.0,,52,28,12,6.0
367606860,2025-01-08T00:00:07Z,29.96654,-93.85792,0.0,304.3,195,52,28,7,2.2
368217380,2025-01-08T00:00:06Z,29.96365,-93.86202,0.0,70.1,,31,17,8,
367533940,2025-01-08T00:00:16Z,30.25419,-88.53633,7.7,94.8,86,31,106,18,2.8
368178110,2025-01-08T00:01:05Z,29.58499,-93.82037,0.5,246.8,27,90,90,,4.0
311536000,2025-01-08T00:01:07Z,25.97831,-79.97324,19.3,150.4,153,69,250,32,7.6
366921510,2025-01-08T00:00:59Z,43.29975,-125.18495,6.8,179.5,178,31,37,10,
367604770,2025-01-08T00:01:06Z,30.39109,-91.21888,24.3,38.0,,69,12,5,1.6
538008020,2025-01-08T00:00:02Z,46.16425,-123.08107,15.1,306.7,309,70,177,28,7.0
368285040,2025-01-08T00:00:03Z,29.63244,-92.2681,5.4,206.3,201,52,18,9,
339301450,2025-01-08T00:00:06Z,48.43141,-123.37534,0.0,209.3,8,52,31,10,
367057670,2025-01-08T00:00:07Z,34.95563,-90.26136,4.7,299.3,300,31,357,,3.0
367663150,2025-01-08T00:00:03Z,29.42613,-92.50331,0.0,1.8,83,90,45,13,3.0
316003659,2025-01-08T00:00:05Z,49.31196,-123.10695,0.1,165.7,,52,23,8,4.0
367643140,2025-01-08T00:00:05Z,29.37215,-89.55287,0.0,239.7,,68,20,5,1.5
367767260,2025-01-08T00:00:15Z,29.62178,-92.27423,0.2,28.7,,99,13,5,2.0
368360630,2025-01-08T00:00:21Z,29.60078,-89.8521,0.0,292.3,292,31,30,13,
367300590,2025-01-08T00:00:05Z,32.8492,-79.93528,0.0,146.7,237,52,33,12,6.0
241853000,2025-01-08T00:00:29Z,29.05573,-94.66011,0.0,126.8,41,80,299,46,9.5
367799340,2025-01-08T00:00:34Z,29.81848,-92.2888,6.0,322.4,326,30,85,17,2.2
366919230,2025-01-08T00:00:47Z,39.08378,-84.64105,0.0,313.4,137,31,40,11,2.3
338143242,2025-01-08T00:01:02Z,38.16449,-121.68135,4.7,300.2,,55,11,4,
366947000,2025-01-08T00:01:13Z,47.62937,-122.38215,0.0,333.8,183,30,53,13,5.0
316003659,2025-01-08T00:01:14Z,49.31197,-123.10695,0.0,194.8,,52,23,8,4.0
367515320,2025-01-08T00:00:00Z,29.83465,-90.05993,0.0,340.1,,52,20,8,3.2
368242090,2025-01-08T00:00:00Z,39.0067,-76.40403,0.0,270.1,,52,20,8,
367401660,2025-01-08T00:01:21Z,29.81691,-90.00577,0.0,270.4,,30,19,6,
366977710,2025-01-08T00:00:02Z,29.58529,-93.81377,0.7,190.6,,52,39,7,6.5
538009715,2025-01-08T00:00:08Z,28.9294,-89.4119,10.4,33.3,31,80,185,32,8.4
368129710,2025-01-08T00:00:03Z,27.83169,-97.49941,0.0,295.6,126,57,116,33,3.4
366811580,2025-01-08T00:00:07Z,40.66248,-74.06185,0.1,289.5,,52,29,9,
431888000,2025-01-08T00:00:04Z,36.91497,-76.33925,1.5,198.5,190,70,364,51,12.5
368172960,2025-01-08T00:00:38Z,30.3706,-88.56418,0.0,3.5,3,31,42,14,6.4
366757740,2025-01-08T00:01:11Z,37.99936,-122.40862,8.8,35.1,32,31,28,10,
366977170,2025-01-08T00:00:00Z,34.93668,-76.81079,0.0,,,60,43,13,
367653490,2025-01-08T00:00:00Z,29.2581,-89.35565,0.0,278.9,,31,30,14,2.2
367597640,2025-01-08T00:00:03Z,40.70249,-73.97049,0.1,24.0,131,80,89,22,5.0
367057410,2025-01-08T00:00:03Z,30.31732,-91.32316,0.0,336.7,167,31,230,23,2.9
367577510,2025-01-08T00:00:04Z,30.25204,-88.08137,4.2,272.7,,60,37,12,
538008573,2025-01-08T00:00:04Z,28.6586,-89.30729,10.2,322.6,320,70,189,32,12.2
366813530,2025-01-08T00:00:04Z,34.24459,-119.26465,0.0,199.0,,60,20,7,2.1
316055555,2025-01-08T00:00:07Z,49.24917,-122.72679,0.0,213.0,233,,20,7,
563073700,2025-01-08T00:00:08Z,26.28892,-79.78412,1.2,53.2,61,71,299,40,11.4
367087140,2025-01-08T00:00:09Z,30.32869,-87.26357,0.0,352.9,179,33,119,23,5.0
366986320,2025-01-08T00:00:10Z,38.5805,-90.2195,0.0,289.7,,52,20,7,2.2
367541980,2025-01-08T00:00:00Z,29.99084,-90.02244,0.0,250.1,346,31,114,18,3.0
366999891,2025-01-08T00:00:10Z,37.83271,-122.47756,0.1,,,51,14,4,1.4
338511878,2025-01-08T00:00:00Z,29.95241,-90.06251,0.0,285.1,,,30,16,
367789330,2025-01-08T00:00:00Z,28.66687,-96.00797,0.0,284.2,,31,15,6,
316023808,2025-01-08T00:00:01Z,45.53065,-83.47071,5.5,323.0,324,70,225,24,7.1
368103470,2025-01-08T00:00:01Z,30.43248,-91.19403,0.5,222.7,,31,20,8,2.8
367635620,2025-01-08T00:00:01Z,29.12791,-90.21648,0.0,54.8,77,90,95,42,5.0
367314380,2025-01-08T00:00:05Z,29.95995,-90.2881,0.0,237.3,,31,20,8,
367606280,2025-01-08T00:00:08Z,29.46147,-92.33179,7.7,196.9,,70,40,22,
366853410,2025-01-08T00:00:02Z,40.70282,-74.00627,0.1,22.6,,60,21,6,2.0
367136040,2025-01-08T00:00:02Z,29.31085,-94.78961,0.0,132.3,,30,23,9,
367003480,2025-01-08T00:00:02Z,27.58093,-97.26816,4.8,205.8,206,31,114,34,2.9
316006724,2025-01-08T00:00:03Z,49.08569,-123.11037,0.0,265.7,,30,23,7,3.0
367586480,2025-01-08T00:00:04Z,41.10116,-73.91478,0.0,221.3,,60,25,6,0.2
367353660,2025-01-08T00:00:04Z,40.78785,-73.91989,0.2,154.0,35,80,106,15,5.0
368377820,2025-01-08T00:00:28Z,29.34852,-94.76175,0.2,258.1,39,52,147,22,4.9
367136040,2025-01-08T00:01:12Z,29.31085,-94.78961,0.0,132.3,,30,23,9,
246830000,2025-01-08T00:01:12Z,39.21199,-76.47962,0.0,230.6,84,70,143,22,9.0
367353660,2025-01-08T00:01:13Z,40.78784,-73.9199,0.1,126.0,35,80,106,15,5.0
367597640,2025-01-08T00:01:14Z,40.70249,-73.97049,0.1,249.0,130,80,89,22,5.0
366877090,2025-01-08T00:00:13Z,30.30147,-87.00854,6.6,268.4,,30,22,7,
368150450,2025-01-08T00:00:14Z,39.37212,-74.4194,0.1,344.4,151,30,30,9,
636014739,2025-01-08T00:00:43Z,40.64882,-74.11153,0.0,282.9,248,80,228,32,11.6
366999709,2025-01-08T00:00:50Z,38.31276,-123.05147,0.1,350.1,,87,26,6,1.7
368177590,2025-01-08T00:01:12Z,30.0362,-94.03576,0.0,148.1,244,57,119,18,3.3
367767480,2025-01-08T00:00:03Z,29.38578,-94.76747,0.0,283.4,,60,32,8,3.0
538009437,2025-01-08T00:00:25Z,38.23787,-74.32019,6.2,293.0,305,72,239,32,10.1
368365320,2025-01-08T00:00:02Z,30.04785,-89.82064,5.1,60.9,,57,37,10,2.5
477182200,2025-01-08T00:00:30Z,33.75383,-118.21423,0.0,228.0,1,74,366,48,13.4
368208080,2025-01-08T00:00:01Z,34.9674,-76.80653,0.0,48.6,49,60,56,14,
338221000,2025-01-08T00:00:45Z,38.04561,-122.10187,0.0,187.7,62,80,183,32,10.5
563197900,2025-01-08T00:00:44Z,23.67584,-82.52645,14.3,270.0,270,70,272,43,11.9
367054050,2025-01-08T00:01:04Z,24.56513,-81.73616,0.0,289.9,89,37,18,6,2.0
366977170,2025-01-08T00:01:11Z,34.93669,-76.81079,0.0,,,60,43,13,
311805000,2025-01-08T00:00:02Z,18.1828,-64.61082,10.5,95.7,94,60,279,32,7.8
367314430,2025-01-08T00:00:03Z,30.38775,-86.94477,6.9,264.0,262,31,222,12,2.9
367003620,2025-01-08T00:00:08Z,30.28043,-91.17695,3.4,276.0,,31,18,7,2.0
369493684,2025-01-08T00:00:18Z,30.25133,-88.07912,0.3,,,51,14,4,1.0
367532850,2025-01-08T00:00:06Z,34.83876,-90.37441,4.1,55.5,62,31,365,43,2.9
367724780,2025-01-08T00:00:05Z,30.04198,-91.26166,0.0,356.4,325,31,302,18,3.1
563146800,2025-01-08T00:00:00Z,29.95598,-90.15223,11.8,63.0,81,79,180,28,10.7
367609130,2025-01-08T00:00:09Z,47.66273,-122.38751,0.0,284.9,117,30,34,10,3.4
367130910,2025-01-08T00:00:05Z,41.45559,-70.59939,0.0,286.9,84,60,78,20,4.0
368333870,2025-01-08T00:00:00Z,47.58942,-122.34972,0.0,51.0,175,52,25,13,5.2
367179990,2025-01-08T00:00:00Z,40.67277,-74.13529,6.5,26.8,18,52,32,10,5.0
366899260,2025-01-08T00:00:00Z,34.13951,-119.42991,19.0,38.0,,60,20,7,2.4
367614860,2025-01-08T00:00:01Z,29.99389,-93.7807,3.0,64.0,63,31,120,34,2.9
636016415,2025-01-08T00:00:02Z,38.30476,-74.2927,2.6,161.1,237,72,243,32,10.8
229454000,2025-01-08T00:00:02Z,37.19279,-122.73659,1.5,143.4,63,71,366,51,12.1
367362710,2025-01-08T00:00:10Z,30.04555,-90.48156,3.3,304.7,312,52,28,10,2.4
367576060,2025-01-08T00:00:06Z,39.27406,-76.59922,0.0,263.0,200,52,23,10,4.6
367304260,2025-01-08T00:00:04Z,29.61445,-95.00734,0.0,229.4,,31,17,6,5.2
366945050,2025-01-08T00:00:00Z,30.39806,-81.55192,0.0,252.6,,52,28,8,5.0
316004950,2025-01-08T00:00:01Z,47.00241,-91.67615,0.1,86.1,322,70,193,22,6.2
367108460,2025-01-08T00:00:00Z,37.85805,-122.4808,0.0,345.8,,37,27,6,3.0
368209880,2025-01-08T00:00:01Z,29.77366,-93.34142,0.0,0.2,87,52,30,12,6.0
367699340,2025-01-08T00:00:05Z,38.45308,-82.60349,0.0,90.9,172,31,354,33,2.6
338060204,2025-01-08T00:00:02Z,34.16666,-119.22653,0.0,,,37,26,7,
367589350,2025-01-08T00:00:08Z,27.82074,-97.20292,0.0,189.0,102,52,32,10,5.5
367093520,2025-01-08T00:00:20Z,30.39296,-81.40507,0.0,253.2,,31,32,14,0.6
316033783,2025-01-08T00:00:07Z,49.31231,-123.10692,0.0,211.9,,32,32,11,4.0
367181750,2025-01-08T00:00:02Z,37.02306,-76.34304,0.0,273.3,,30,29,8,
367015880,2025-01-08T00:00:17Z,40.51717,-74.24653,0.0,,,52,17,7,2.5
212040000,2025-01-08T00:00:18Z,42.47418,-70.0863,2.8,58.6,353,77,182,29,7.3
316001266,2025-01-08T00:00:19Z,48.88137,-123.57394,0.0,39.1,105,60,90,21,
367456640,2025-01-08T00:00:06Z,29.76505,-91.73911,0.0,190.9,210,31,205,18,3.1
368386160,2025-01-08T00:00:03Z,29.64663,-90.27562,4.7,262.6,,52,15,8,1.8
636019982,2025-01-08T00:00:00Z,48.48669,-123.17146,14.8,345.6,345,71,332,48,15.0
368330770,2025-01-08T00:00:01Z,29.76691,-95.101,0.1,340.8,236,57,21,9,3.0
368351390,2025-01-08T00:00:02Z,42.35353,-71.04311,0.0,258.7,,60,21,6,2.0
368039240,2025-01-08T00:00:02Z,35.08271,-90.14167,0.0,194.9,,52,24,,
367424090,2025-01-08T00:00:06Z,38.3351,-82.58459,0.0,,,31,20,7,
367675910,2025-01-08T00:00:00Z,29.82373,-91.82655,4.9,353.3,355,31,215,34,3.0
367045970,2025-01-08T00:00:02Z,30.18219,-91.32818,0.0,277.4,222,31,115,28,3.1
367146170,2025-01-08T00:00:04Z,29.96865,-93.85972,0.0,280.9,212,31,81,12,2.9
316005494,2025-01-08T00:00:06Z,49.20511,-123.05489,0.0,113.6,,52,19,6,4.0
367649170,2025-01-08T00:00:02Z,29.91472,-92.59996,6.1,112.4,103,31,23,10,2.6
366773040,2025-01-08T00:00:04Z,47.52657,-122.43508,15.1,278.5,279,60,100,24,
368352590,2025-01-08T00:00:06Z,29.68015,-91.22244,0.0,299.6,,52,16,11,2.0
366966550,2025-01-08T00:00:08Z,34.24271,-119.26408,0.0,341.7,,30,22,8,
367733320,2025-01-08T00:00:09Z,29.99538,-93.94375,8.1,298.3,298,52,25,10,4.0
316014646,2025-01-08T00:00:12Z,49.20148,-123.03543,0.0,41.1,100,32,15,6,3.6
538007465,2025-01-08T00:00:00Z,33.47894,-117.98007,0.5,99.6,51,80,250,44,10.0
368015740,2025-01-08T00:00:03Z,36.8496,-76.31519,0.0,207.3,8,52,18,6,2.6
367612470,2025-01-08T00:00:06Z,28.86827,-90.12138,1.6,40.7,38,70,100,20,5.0
367795910,2025-01-08T00:00:04Z,40.82384,-73.78846,0.0,,,31,23,6,2.8
367635490,2025-01-08T00:00:08Z,40.64425,-74.02848,0.1,,,55,18,6,
367360430,2025-01-08T00:00:08Z,32.70341,-117.16244,4.3,178.5,166,60,24,6,2.5
367082430,2025-01-08T00:00:00Z,31.15455,-87.97527,0.0,12.2,220,31,17,8,2.8
256204000,2025-01-08T00:00:00Z,25.5103,-79.9229,16.0,159.8,162,60,181,29,5.8
366977070,2025-01-08T00:00:03Z,35.17901,-76.05708,11.4,122.5,,60,64,12,3.8
352003208,2025-01-08T00:00:02Z,26.19336,-79.44513,13.2,3.7,3,70,179,30,10.2
367584550,2025-01-08T00:00:07Z,29.68448,-94.19199,0.0,335.6,251,52,20,8,3.7
368303720,2025-01-08T00:00:04Z,27.8208,-97.20337,0.0,98.3,285,52,28,13,6.5
367061980,2025-01-08T00:00:08Z,40.6856,-74.01056,0.5,71.3,46,52,33,9,4.5
368250550,2025-01-08T00:00:07Z,41.04493,-73.88058,9.6,181.1,184,52,35,12,5.5
367456750,2025-01-08T00:00:01Z,29.92979,-93.02803,4.9,93.5,93,52,26,12,2.3
368341690,2025-01-08T00:00:01Z,37.79447,-122.391,0.0,218.6,234,40,40,11,1.3
366808340,2025-01-08T00:00:05Z,37.76851,-122.68555,2.3,305.4,311,50,32,9,4.0
368310270,2025-01-08T00:00:01Z,30.04957,-90.50486,0.2,323.1,235,31,21,9,
367525000,2025-01-08T00:00:01Z,30.14555,-88.08808,8.7,272.4,279,33,85,15,6.6
366999514,2025-01-08T00:00:03Z,38.58765,-90.20836,0.0,146.5,48,55,22,6,1.4
369378000,2025-01-08T00:00:05Z,28.9317,-95.29068,0.1,274.6,,90,96,40,2.4
431497000,2025-01-08T00:00:04Z,37.3229,-126.64537,15.8,84.9,82,70,199,38,9.8
367544180,2025-01-08T00:00:03Z,45.42006,-124.03328,2.3,189.6,,30,18,5,2.8
366995760,2025-01-08T00:00:09Z,38.40347,-82.55577,0.0,55.2,,52,25,9,3.0
367411940,2025-01-08T00:00:02Z,29.145,-90.2057,0.0,34.2,,60,40,10,
367057260,2025-01-08T00:00:05Z,29.37552,-94.78068,6.4,222.2,224,31,19,9,3.1
563207900,2025-01-08T00:00:05Z,29.74591,-95.1669,5.9,292.5,286,80,230,37,8.1
367175860,2025-01-08T00:00:16Z,33.72838,-118.2742,0.1,,,31,24,10,4.5
368163860,2025-01-08T00:00:17Z,40.62571,-74.20452,0.0,87.3,274,57,179,24,4.9
367570970,2025-01-08T00:00:07Z,29.2854,-89.36026,0.5,38.8,,60,16,4,
366963340,2025-01-08T00:00:07Z,30.04916,-90.53686,0.0,202.0,280,31,79,12,2.9
241662000,2025-01-08T00:00:02Z,24.43395,-80.15723,19.5,51.9,52,80,297,47,10.8
367189030,2025-01-08T00:00:01Z,30.22637,-93.25225,0.1,,92,33,54,14,10.7
367361050,2025-01-08T00:00:09Z,41.61163,-71.40714,0.0,159.0,288,31,22,7,3.5
563079000,2025-01-08T00:00:02Z,37.81695,-122.44601,12.4,91.9,90,70,294,32,9.3
367302370,2025-01-08T00:00:02Z,29.75731,-95.09417,0.0,9.5,30,31,116,34,2.8
367513190,2025-01-08T00:00:09Z,45.64345,-122.75285,0.0,248.7,,52,32,10,3.8
366999296,2025-01-08T00:00:08Z,42.29876,-83.09303,0.0,267.9,,90,33,10,4.3
367523620,2025-01-08T00:00:08Z,29.6617,-92.25756,11.7,17.3,,60,32,12,3.0
368072240,2025-01-08T00:00:00Z,47.54319,-122.63562,0.1,145.2,254,60,21,8,1.5
367327540,2025-01-08T00:00:00Z,29.74262,-95.20168,0.0,352.7,344,31,27,9,2.9
367597530,2025-01-08T00:00:02Z,40.80207,-73.88489,0.1,291.0,106,80,88,21,13.6
338926412,2025-01-08T00:00:02Z,24.5671,-81.80036,0.0,97.6,94,55,46,7,3.0
316002213,2025-01-08T00:00:06Z,42.09882,-83.11332,0.0,,,52,24,7,3.0
368359240,2025-01-08T00:00:05Z,41.61313,-71.40851,0.0,277.5,208,49,27,9,1.8
248432000,2025-01-08T00:00:03Z,33.53018,-130.29467,11.5,92.0,90,74,300,40,14.5
367347650,2025-01-08T00:00:01Z,40.41926,-74.0341,0.1,260.2,305,60,60,12,
338536000,2025-01-08T00:00:01Z,29.32361,-94.78288,0.0,353.6,129,39,87,10,4.5
367154130,2025-01-08T00:00:01Z,29.78156,-92.18557,0.0,,,60,43,9,
367702310,2025-01-08T00:00:02Z,38.50541,-90.27273,0.0,53.8,7,31,104,33,
367003460,2025-01-08T00:00:02Z,30.17024,-89.44711,7.9,74.6,73,31,26,10,2.8
368230010,2025-01-08T00:00:04Z,30.28316,-88.68559,4.8,103.6,,52,18,8,
367003780,2025-01-08T00:00:00Z,29.81822,-93.97799,0.1,263.8,72,52,22,10,3.0
538004610,2025-01-08T00:00:03Z,28.84977,-90.10644,0.0,127.1,51,90,238,42,10.0
367584340,2025-01-08T00:00:07Z,29.73784,-93.88114,0.0,257.4,,30,28,8,
367581140,2025-01-08T00:00:37Z,29.7594,-95.12031,0.0,321.7,197,31,23,9,2.7
367030060,2025-01-08T00:00:09Z,29.82031,-89.60923,0.0,278.0,,60,37,6,2.0
367567350,2025-01-08T00:00:01Z,38.77752,-90.12807,0.0,128.3,,31,29,9,3.0
368316490,2025-01-08T00:00:03Z,29.74606,-95.1683,5.9,285.7,304,52,26,13,4.5
367779880,2025-01-08T00:00:02Z,29.60837,-95.01739,0.0,327.7,132,31,19,8,
367004080,2025-01-08T00:00:03Z,30.2819,-88.64719,7.6,93.6,91,52,22,10,3.3
367763260,2025-01-08T00:00:04Z,41.51469,-71.39636,0.0,327.1,,31,19,7,3.4
368052540,2025-01-08T00:00:05Z,35.13075,-76.50577,5.3,26.6,28,52,17,8,
367560590,2025-01-08T00:00:06Z,39.89381,-75.20635,0.0,7.2,296,32,27,10,4.3
367747120,2025-01-08T00:00:05Z,29.7659,-91.77331,5.5,299.6,298,31,116,31,2.7
367645980,2025-01-08T00:00:04Z,39.08512,-84.64341,4.3,140.9,,31,25,10,2.7
316005768,2025-01-08T00:00:07Z,49.0857,-123.109,0.0,,,30,21,7,
367541690,2025-01-08T00:00:05Z,29.96734,-90.28914,0.2,265.2,,52,21,9,
367536130,2025-01-08T00:00:02Z,29.76089,-81.55036,8.4,359.3,,52,17,9,3.0
367097710,2025-01-08T00:00:01Z,29.60367,-89.86991,0.0,36.0,281,52,18,8,8.0
367400740,2025-01-08T00:00:01Z,30.4091,-81.59469,11.0,82.6,89,31,34,9,5.2
367106130,2025-01-08T00:00:02Z,30.28942,-91.22319,0.0,284.4,299,31,42,9,3.0
367755650,2025-01-08T00:00:13Z,30.12973,-91.32233,0.0,289.0,350,52,26,11,3.4
215240000,2025-01-08T00:00:01Z,34.44447,-121.75785,17.7,85.2,85,71,294,32,11.4
368278220,2025-01-08T00:00:01Z,29.96765,-93.86043,0.0,244.2,,31,26,,2.6
316033953,2025-01-08T00:00:03Z,48.78979,-123.35178,10.4,169.1,172,54,20,7,2.0
636011561,2025-01-08T00:00:18Z,23.0713,-79.37671,13.6,291.8,294,70,204,32,10.4
367549430,2025-01-08T00:00:07Z,38.58051,-90.21893,0.0,278.4,,31,19,8,2.4
367003520,2025-01-08T00:00:37Z,30.18009,-89.3494,6.6,92.0,87,31,110,16,2.8
368256970,2025-01-08T00:00:03Z,44.28558,-68.96425,9.4,22.2,23,31,33,10,4.3
367587420,2025-01-08T00:00:05Z,29.97389,-90.3994,0.0,,346,52,30,12,2.7
367427060,2025-01-08T00:00:12Z,21.35193,-157.96195,0.2,133.2,224,90,67,18,
235076283,2025-01-08T00:00:15Z,29.38801,-93.62843,0.0,112.8,34,80,250,44,9.0
338435906,2025-01-08T00:00:23Z,34.72851,-76.66779,0.0,293.5,246,33,18,7,1.5
367192710,2025-01-08T00:00:38Z,29.17335,-89.26217,1.1,170.2,,60,15,5,
215240000,2025-01-08T00:01:07Z,34.44482,-121.75115,18.3,86.4,87,71,294,32,11.4
338224000,2025-01-08T00:00:00Z,47.58109,-122.42066,23.0,44.6,47,60,31,10,3.1
368045710,2025-01-08T00:00:01Z,35.43459,-121.1802,8.4,329.1,328,31,35,10,3.3
367672370,2025-01-08T00:00:02Z,29.99295,-90.40787,0.0,309.8,298,31,211,18,3.1
338490727,2025-01-08T00:00:04Z,32.635,-117.22977,12.6,17.7,,50,15,4,
367748490,2025-01-08T00:00:04Z,37.79857,-122.32589,0.0,,,31,50,20,
338768000,2025-01-08T00:00:07Z,29.56141,-94.45762,4.4,60.0,68,52,116,34,3.1
367513020,2025-01-08T00:00:06Z,42.38038,-71.04203,0.0,319.1,,31,29,10,4.0
367161940,2025-01-08T00:00:07Z,43.17227,-124.98032,6.2,3.6,0,31,31,9,4.5
367343430,2025-01-08T00:00:16Z,29.74228,-95.10774,4.4,240.9,,31,18,7,2.2
367469290,2025-01-08T00:00:21Z,29.60297,-93.76257,0.1,92.0,24,52,138,24,7.4
367745820,2025-01-08T00:00:28Z,32.11788,-81.12981,9.6,141.9,141,52,28,12,5.5
367343230,2025-01-08T00:00:37Z,28.41569,-80.62342,0.0,,349,52,27,15,5.0
316018851,2025-01-08T00:01:06Z,49.30186,-123.02297,0.1,188.3,,52,24,12,5.4
366776910,2025-01-08T00:00:03Z,27.92888,-82.42715,0.0,256.5,,30,20,6,
338888000,2025-01-08T00:00:57Z,47.28221,-91.26259,0.0,48.6,223,31,41,15,6.4
368102010,2025-01-08T00:01:08Z,41.08752,-72.35825,0.0,292.3,,60,40,15,
316013411,2025-01-08T00:01:10Z,49.07914,-123.35407,14.0,8.0,12,35,33,8,2.6
367480010,2025-01-08T00:01:12Z,48.15894,-122.67267,0.0,0.1,0,60,83,20,
316014160,2025-01-08T00:01:13Z,48.3539,-89.22911,0.0,4.6,290,70,203,24,6.9
367341010,2025-01-08T00:00:00Z,46.71017,-84.48761,0.0,239.4,341,70,192,21,7.0
367493760,2025-01-08T00:00:00Z,29.15032,-90.19881,0.0,349.3,,30,42,8,
368243280,2025-01-08T00:00:01Z,38.42623,-82.59632,0.1,,157,31,44,10,3.2
368114180,2025-01-08T00:00:02Z,29.77861,-95.10078,0.0,,,52,28,10,
368102470,2025-01-08T00:00:07Z,30.0636,-90.8803,0.0,61.8,,52,23,8,3.0
368216230,2025-01-08T00:00:06Z,29.56297,-94.45274,3.9,70.6,72,57,24,10,3.1
366952790,2025-01-08T00:00:06Z,40.67815,-74.03655,13.1,32.0,208,60,95,22,4.1
316005416,2025-01-08T00:00:07Z,49.15534,-123.00625,0.0,112.9,62,31,26,7,4.0
369580000,2025-01-08T00:00:05Z,39.94179,-125.58572,9.2,172.8,172,52,183,23,7.6
367493760,2025-01-08T00:00:00Z,29.15027,-90.1988,0.0,160.2,,30,42,8,
371228000,2025-01-08T00:00:00Z,19.99573,-68.33977,16.6,170.7,170,71,337,46,13.3
366995450,2025-01-08T00:00:00Z,30.37621,-91.23822,2.6,137.1,108,52,20,9,2.8
367075010,2025-01-08T00:00:01Z,29.92418,-90.06125,0.0,260.5,,31,24,10,2.6
368106830,2025-01-08T00:00:01Z,27.82473,-97.1923,0.3,224.3,220,52,30,13,6.4
367690950,2025-01-08T00:00:06Z,30.14991,-91.32755,0.0,345.0,,31,390,6,3.9
367380320,2025-01-08T00:00:03Z,30.33874,-88.512,0.0,117.7,,70,47,15,4.3
366997690,2025-01-08T00:00:04Z,29.6861,-91.16698,0.0,272.5,,52,24,10,2.9
367087950,2025-01-08T00:00:09Z,29.84916,-93.97044,0.0,51.5,326,31,116,34,3.2
636017837,2025-01-08T00:00:54Z,29.61203,-95.02645,0.0,64.0,89,85,159,25,7.1
366997690,2025-01-08T00:01:13Z,29.6861,-91.16697,0.0,274.5,,52,24,10,2.9
367102000,2025-01-08T00:00:09Z,29.95471,-90.03205,10.5,288.9,289,89,186,32,8.5
367751630,2025-01-08T00:00:09Z,41.63844,-70.91583,0.0,284.3,69,30,23,7,
367596940,2025-01-08T00:00:12Z,39.53155,-74.22116,0.3,202.5,266,52,24,10,3.7
366995450,2025-01-08T00:01:04Z,30.37465,-91.23828,5.0,231.7,242,52,20,9,2.8
367341010,2025-01-08T00:01:11Z,46.71019,-84.48762,0.0,239.4,341,70,192,21,7.0
368243280,2025-01-08T00:01:12Z,38.42624,-82.59633,0.0,,156,31,44,10,3.2
366868000,2025-01-08T00:01:14Z,27.628,-82.56434,0.1,325.9,,52,30,8,3.0
367063030,2025-01-08T00:00:19Z,31.11417,-81.48877,0.1,151.0,,60,60,12,2.0
563192100,2025-01-08T00:00:40Z,23.63647,-82.23616,8.6,260.3,265,70,179,32,7.4
367198880,2025-01-08T00:00:43Z,30.05457,-90.57212,0.0,322.5,,31,20,8,3.5
244129000,2025-01-08T00:00:46Z,26.77003,-80.05165,0.0,305.8,284,70,169,26,8.1
636093156,2025-01-08T00:00:55Z,36.90528,-76.32645,0.0,198.3,353,72,336,43,13.0
316030409,2025-01-08T00:00:02Z,48.66971,-123.40498,0.0,166.6,156,37,26,8,2.2
367396930,2025-01-08T00:00:50Z,35.06451,-76.96859,0.0,177.3,,36,15,4,
316039047,2025-01-08T00:00:51Z,48.42599,-123.30209,0.0,171.4,,36,9,4,
316024728,2025-01-08T00:00:56Z,48.66931,-123.40646,0.0,0.0,,37,18,5,
368247210,2025-01-08T00:00:59Z,26.1078,-80.15953,0.0,322.2,,36,13,7,
316042151,2025-01-08T00:00:53Z,26.0917,-80.1717,0.0,165.6,,37,20,6,
338037032,2025-01-08T00:01:04Z,38.8336,-77.02393,0.0,0.0,,37,7,2,
373773000,2025-01-08T00:00:55Z,48.74611,-122.49351,0.0,38.3,224,70,180,30,7.0
367447520,2025-01-08T00:01:05Z,42.34229,-71.01015,27.4,309.9,308,40,39,13,
366823320,2025-01-08T00:01:05Z,26.9188,-80.08083,0.1,159.3,,37,23,6,
367062370,2025-01-08T00:01:08Z,30.06512,-90.87206,1.4,344.9,275,31,22,9,2.6
368339760,2025-01-08T00:01:00Z,18.33705,-64.94014,0.0,,,36,14,8,
338443367,2025-01-08T00:01:02Z,32.71028,-117.2322,0.1,80.2,,37,2,2,
367755180,2025-01-08T00:00:10Z,21.31639,-157.87831,0.0,216.4,,30,23,7,
368235080,2025-01-08T00:00:15Z,26.71769,-80.04901,0.0,,,37,16,8,
367754620,2025-01-08T00:00:16Z,32.72709,-117.21189,3.2,83.3,,36,12,,
368334310,2025-01-08T00:00:22Z,30.66936,-81.46661,0.0,,,36,12,6,
338434411,2025-01-08T00:00:23Z,32.65291,-117.14754,0.0,,,36,13,4,
338226455,2025-01-08T00:00:24Z,37.97122,-122.49917,0.0,48.8,,37,13,5,
368006020,2025-01-08T00:00:03Z,36.9308,-76.33122,0.0,329.4,272,95,35,13,
316042802,2025-01-08T00:00:05Z,39.12729,-76.47369,0.0,,,36,13,8,
368098730,2025-01-08T00:00:04Z,26.71514,-80.04934,0.0,,,37,22,6,
367327630,2025-01-08T00:00:08Z,29.98446,-93.80765,4.7,66.0,67,30,207,22,3.1
367161930,2025-01-08T00:00:06Z,43.91217,-124.21338,8.1,340.7,,30,15,6,
367315470,2025-01-08T00:00:06Z,34.71977,-76.69474,0.0,280.3,,31,29,9,
367440240,2025-01-08T00:00:00Z,42.3015,-70.66988,2.8,277.1,,30,23,7,
367570750,2025-01-08T00:00:01Z,29.40054,-94.75231,0.0,,,31,29,10,10.0
368147160,2025-01-08T00:00:06Z,48.51169,-122.64645,0.0,23.9,235,37,20,6,
316032852,2025-01-08T00:00:10Z,49.29434,-123.13183,0.0,323.6,,37,,,
367099880,2025-01-08T00:00:12Z,48.97731,-123.06754,,,,36,12,4,
338171065,2025-01-08T00:00:21Z,48.50281,-122.60353,0.0,285.5,,37,9,3,
368209810,2025-01-08T00:00:07Z,29.77511,-93.34134,0.0,179.9,90,31,31,12,
368374160,2025-01-08T00:00:06Z,25.31103,-80.27939,0.1,,,37,27,7,
367327040,2025-01-08T00:00:03Z,41.09764,-72.35651,5.3,332.2,,69,40,14,2.0
316040712,2025-01-08T00:00:38Z,48.65257,-123.39441,0.1,,,36,21,5,
316005771,2025-01-08T00:00:37Z,49.12499,-123.07448,0.0,261.5,,30,25,7,
367592640,2025-01-08T00:00:03Z,29.99592,-90.02306,4.0,161.6,,31,21,7,2.8
367629440,2025-01-08T00:00:07Z,32.72266,-117.22675,0.0,,,60,26,8,
368074920,2025-01-08T00:00:37Z,18.31582,-64.95934,0.1,,,36,14,8,
368312280,2025-01-08T00:00:06Z,24.57457,-81.78916,0.3,296.6,331,36,11,7,
367590890,2025-01-08T00:00:06Z,30.87939,-81.50994,8.0,306.1,302,31,20,10,2.4
367781000,2025-01-08T00:00:05Z,32.08001,-81.08037,6.7,109.1,104,70,306,40,12.2
368162000,2025-01-08T00:00:09Z,48.50318,-122.83348,19.1,38.7,,60,12,5,
354913000,2025-01-08T00:00:11Z,29.23055,-94.63535,0.1,167.4,46,80,142,22,5.9
316048844,2025-01-08T00:00:09Z,26.1043,-80.15988,0.0,,,37,23,6,
338338181,2025-01-08T00:00:12Z,33.98076,-118.45006,0.1,219.8,,36,10,4,
354508000,2025-01-08T00:00:14Z,33.74385,-118.20844,0.0,0.0,303,70,120,21,5.3
367552410,2025-01-08T00:00:07Z,39.90317,-75.132,5.0,28.9,,31,26,10,
367676010,2025-01-08T00:00:17Z,47.65595,-122.37892,0.0,353.6,183,30,27,11,10.4
367667160,2025-01-08T00:00:07Z,41.74877,-124.18365,0.0,160.8,132,30,18,7,
368061640,2025-01-08T00:00:30Z,47.62859,-122.39031,0.0,,,37,12,4,
367747070,2025-01-08T00:00:30Z,29.74102,-93.88124,26.9,289.4,287,60,14,5,
367001730,2025-01-08T00:00:30Z,30.44031,-91.19244,0.0,289.3,,52,30,12,6.0
338474839,2025-01-08T00:00:31Z,25.77334,-80.14269,0.0,,,37,,,
367618310,2025-01-08T00:00:06Z,40.66725,-74.00615,0.1,302.8,293,52,32,11,4.8
367707480,2025-01-08T00:00:06Z,44.12588,-125.13059,9.7,359.3,358,52,160,24,6.4
367713660,2025-01-08T00:00:10Z,37.91363,-122.34829,0.3,183.3,,36,11,4,
367776060,2025-01-08T00:00:05Z,37.78423,-122.26436,0.0,,,36,13,4,
368102350,2025-01-08T00:00:02Z,38.53919,-90.25519,0.0,259.9,35,52,18,9,
338236847,2025-01-08T00:00:19Z,39.52609,-75.80988,0.1,201.3,,37,16,4,
563194900,2025-01-08T00:00:02Z,33.70317,-120.34937,14.1,273.4,274,70,336,51,14.9
368237650,2025-01-08T00:00:21Z,41.59044,-71.28416,0.0,,,36,15,4,
368279270,2025-01-08T00:00:04Z,30.40168,-86.17282,4.8,108.8,109,52,254,12,2.8
367571770,2025-01-08T00:00:03Z,27.84303,-97.52313,0.0,321.4,283,52,25,12,2.7
368258540,2025-01-08T00:00:36Z,28.40871,-80.62902,0.1,,,36,12,4,
367531220,2025-01-08T00:00:02Z,46.20002,-123.38555,0.0,197.4,,30,29,8,
368251930,2025-01-08T00:00:08Z,25.31158,-80.28054,1.1,,,37,,,
368039060,2025-01-08T00:00:01Z,30.05899,-93.36597,0.0,137.0,89,57,114,34,3.0
368174480,2025-01-08T00:00:12Z,29.98766,-90.40994,0.5,334.3,,31,30,10,9.0
367695890,2025-01-08T00:00:05Z,29.48591,-94.59624,3.1,248.7,248,31,205,18,2.5
368052910,2025-01-08T00:00:21Z,29.49793,-94.87004,4.8,146.3,,31,15,6,
367535250,2025-01-08T00:00:01Z,38.58646,-90.20146,0.1,289.0,34,31,367,33,
367162510,2025-01-08T00:00:21Z,41.48949,-71.32229,0.0,254.7,,30,22,7,
368306070,2025-01-08T00:00:04Z,18.07427,-67.18968,0.0,39.4,243,37,21,6,
316033399,2025-01-08T00:00:02Z,49.29079,-123.06057,0.0,342.2,324,31,20,10,
368171810,2025-01-08T00:00:38Z,47.18565,-122.58415,0.0,119.6,,37,16,5,
368359370,2025-01-08T00:00:37Z,41.58758,-71.411,0.0,198.8,264,52,17,7,
368351210,2025-01-08T00:00:04Z,30.70017,-88.03545,0.0,185.6,69,52,39,12,3.0
338485162,2025-01-08T00:00:40Z,34.24528,-119.26481,0.0,224.3,261,37,13,5,
368328620,2025-01-08T00:00:07Z,30.78356,-91.54801,4.0,53.2,40,57,165,33,3.1
367379540,2025-01-08T00:00:35Z,28.34644,-96.61362,3.7,58.4,,30,114,18,2.7
368047580,2025-01-08T00:00:06Z,29.38051,-94.87515,6.5,285.6,281,52,115,10,2.3
368653000,2025-01-08T00:00:03Z,47.62664,-122.38213,0.0,356.6,177,30,62,12,6.0
368201210,2025-01-08T00:00:03Z,30.20083,-91.11502,0.0,244.6,237,52,18,8,
366961250,2025-01-08T00:00:04Z,30.45073,-91.19422,0.1,101.7,41,31,83,12,
368019930,2025-01-08T00:00:10Z,34.14783,-119.203,0.0,2.2,267,52,24,10,3.2
368229790,2025-01-08T00:00:06Z,29.31213,-94.80998,0.0,93.5,8,57,119,34,3.0
367710320,2025-01-08T00:00:09Z,38.54137,-90.24956,0.0,,,31,15,6,
368038550,2025-01-08T00:00:05Z,26.13663,-80.10789,0.3,,,37,19,4,
366971980,2025-01-08T00:00:03Z,37.80403,-122.34735,13.0,146.1,142,52,30,10,5.4
368175490,2025-01-08T00:00:08Z,37.21348,-76.46773,0.0,97.3,,37,13,4,
368012340,2025-01-08T00:00:04Z,33.7695,-118.21747,0.0,273.3,,31,15,6,2.0
368343980,2025-01-08T00:00:08Z,33.73512,-118.18171,5.1,191.1,,55,10,4,
368338210,2025-01-08T00:00:15Z,41.5922,-71.28462,0.0,137.4,,36,15,8,
338153661,2025-01-08T00:00:16Z,35.07905,-76.95727,0.0,176.1,,36,13,4,
369037000,2025-01-08T00:00:17Z,33.77185,-118.22222,0.0,320.9,56,80,183,32,12.5
367707290,2025-01-08T00:00:18Z,21.31701,-157.8769,0.0,5.9,,30,20,20,
229852000,2025-01-08T00:00:12Z,18.32038,-64.62341,0.0,357.7,161,37,52,9,3.3
368297830,2025-01-08T00:00:20Z,47.62894,-122.39516,0.0,,,36,13,5,
316050437,2025-01-08T00:00:12Z,49.29301,-123.04464,0.0,80.3,182,90,71,20,
338414713,2025-01-08T00:00:04Z,26.68552,-80.0383,0.0,,,37,17,5,
338519446,2025-01-08T00:00:10Z,34.24499,-119.25947,0.0,,,36,13,4,
367456820,2025-01-08T00:00:09Z,29.98739,-93.91591,7.1,101.4,102,31,115,18,2.6
368048660,2025-01-08T00:00:12Z,33.86841,-78.02781,0.4,122.2,,33,71,15,2.4
563648000,2025-01-08T00:00:35Z,29.29319,-94.55028,0.1,280.9,37,80,183,32,8.0
367654040,2025-01-08T00:00:13Z,30.27115,-81.71955,0.0,77.7,,37,17,8,
368102360,2025-01-08T00:00:00Z,38.5133,-90.26823,10.4,198.1,197,52,22,10,2.7
366744930,2025-01-08T00:00:08Z,37.49853,-122.81332,9.5,338.2,338,30,30,8,3.0
368005850,2025-01-08T00:00:01Z,26.0937,-80.11973,11.8,238.2,241,50,15,4,1.5
338497836,2025-01-08T00:00:23Z,32.7268,-117.19324,0.0,,,37,12,5,
367798420,2025-01-08T00:00:01Z,40.68596,-74.03632,21.5,204.8,208,60,26,8,2.0
368239930,2025-01-08T00:00:25Z,47.61635,-122.51313,0.0,161.0,,37,9,2,
367379670,2025-01-08T00:00:03Z,39.89621,-75.19665,0.0,53.1,,31,24,9,
367638050,2025-01-08T00:00:08Z,29.97339,-90.39914,0.0,238.8,,31,357,,3.4
367466470,2025-01-08T00:00:09Z,30.06615,-90.86753,0.0,327.3,,52,19,7,3.0
367750940,2025-01-08T00:00:13Z,25.79888,-80.24904,0.0,,,31,17,6,2.8
369970257,2025-01-08T00:00:14Z,47.70499,-122.61701,0.0,64.6,295,90,30,6,1.8
367455690,2025-01-08T00:00:14Z,46.25958,-123.54395,10.2,256.8,,30,20,6,
368268210,2025-01-08T00:00:33Z,29.73884,-95.11995,0.2,2.2,55,52,22,10,
367472120,2025-01-08T00:00:39Z,30.18817,-89.29133,7.4,237.4,240,52,20,8,2.8
367312280,2025-01-08T00:01:04Z,47.65672,-122.3802,0.0,,,52,14,,
367758950,2025-01-08T00:00:53Z,40.64095,-80.47635,0.7,217.0,,52,18,8,3.0
308397000,2025-01-08T00:01:00Z,28.96659,-94.54842,0.0,132.6,26,70,247,32,8.9
368039060,2025-01-08T00:01:10Z,30.05896,-93.36595,0.0,137.0,89,57,114,34,3.0
352002038,2025-01-08T00:00:06Z,18.45974,-66.1019,0.0,,,31,30,11,3.8
367188610,2025-01-08T00:00:04Z,27.94189,-82.44896,0.0,242.3,,60,41,8,2.0
368399830,2025-01-08T00:00:04Z,27.82496,-97.43878,0.0,0.0,9,,25,11,
538009340,2025-01-08T00:00:03Z,29.1673,-89.25687,9.9,343.2,341,70,227,36,7.9
316038089,2025-01-08T00:00:08Z,49.2922,-122.97456,0.3,198.6,135,52,25,12,4.0
367791410,2025-01-08T00:00:05Z,29.57092,-89.51134,0.0,151.8,,60,14,4,2.0
368315650,2025-01-08T00:00:05Z,29.13913,-90.20524,0.1,165.1,160,70,61,14,
367400840,2025-01-08T00:00:04Z,30.35759,-88.50678,,,90,79,47,13,3.5
367143920,2025-01-08T00:00:07Z,38.49465,-90.27608,0.0,62.1,,31,350,33,2.8
367162740,2025-01-08T00:00:07Z,29.87853,-89.8994,0.1,323.3,,31,16,8,3.0
538070454,2025-01-08T00:00:03Z,25.79592,-80.1465,0.0,256.0,1,37,40,6,2.1
316007990,2025-01-08T00:00:04Z,49.31264,-123.10687,0.0,67.7,176,32,32,11,4.0
367684470,2025-01-08T00:00:07Z,29.77628,-93.93855,0.0,296.8,,90,46,14,2.2
367610930,2025-01-08T00:00:11Z,40.58335,-73.94354,0.0,,,69,27,8,2.7
367383660,2025-01-08T00:00:08Z,30.28299,-91.2069,0.1,359.8,295,31,51,13,2.8
367388520,2025-01-08T00:00:01Z,38.12472,-75.13584,9.0,202.1,206,97,40,11,2.8
367685130,2025-01-08T00:00:08Z,35.54445,-89.90182,3.0,357.4,354,31,205,17,3.0
212237000,2025-01-08T00:00:03Z,45.90979,-122.8087,11.0,180.3,170,70,225,32,7.8
367549710,2025-01-08T00:00:20Z,27.95291,-82.44173,0.0,293.8,,52,14,6,0.2
367631610,2025-01-08T00:00:30Z,30.22928,-93.25355,0.0,305.6,147,31,119,34,2.9
319279200,2025-01-08T00:00:32Z,25.77765,-80.15236,0.1,327.3,7,37,34,6,
367723430,2025-01-08T00:00:36Z,39.11263,-84.48207,0.0,,,69,37,10,
338926457,2025-01-08T00:01:02Z,48.47487,-124.71768,25.7,111.5,110,55,46,7,
368004560,2025-01-08T00:00:03Z,29.84889,-90.02509,0.0,288.2,,30,21,8,
367543390,2025-01-08T00:00:02Z,28.36686,-96.57369,5.8,66.4,62,52,22,10,3.0
366740430,2025-01-08T00:00:05Z,30.39798,-81.55197,0.0,99.4,115,52,26,15,4.8
367339130,2025-01-08T00:00:06Z,29.70979,-92.24716,7.6,189.6,187,70,50,12,3.0
367534910,2025-01-08T00:01:06Z,34.25023,-119.26558,0.1,251.5,,54,20,7,1.8
367703790,2025-01-08T00:00:01Z,30.22526,-93.26359,0.0,306.1,217,52,24,12,2.8
368235760,2025-01-08T00:01:08Z,36.91583,-76.33817,1.2,152.1,305,31,30,12,5.8
368168360,2025-01-08T00:00:50Z,29.6205,-94.99854,0.0,312.7,,60,13,3,
367549670,2025-01-08T00:01:10Z,29.90799,-91.22357,3.8,316.3,305,31,208,17,2.5
636017838,2025-01-08T00:00:10Z,23.29787,-80.27373,12.8,106.7,107,82,170,26,10.6
538009363,2025-01-08T00:00:17Z,29.90514,-89.91035,12.0,339.8,333,80,184,27,7.5
367145750,2025-01-08T00:01:11Z,44.37987,-68.96566,0.0,285.4,,52,18,6,2.0
367416420,2025-01-08T00:00:06Z,21.31006,-157.86837,0.2,137.2,,52,28,11,
319676000,2025-01-08T00:00:08Z,18.33638,-64.92123,0.1,247.6,226,37,50,10,2.3
366954420,2025-01-08T00:00:03Z,27.77426,-82.5631,26.4,251.6,261,60,30,10,2.0
367638010,2025-01-08T00:00:10Z,38.40899,-90.32119,0.0,110.0,25,31,360,43,
368350610,2025-01-08T00:00:51Z,24.56358,-81.73032,0.0,179.7,186,37,13,4,
339809000,2025-01-08T00:00:10Z,26.09287,-80.11664,4.6,134.3,122,37,37,8,2.7
338452098,2025-01-08T00:00:51Z,38.77554,-76.56425,0.0,,,37,12,4,
303104000,2025-01-08T00:00:00Z,28.88414,-89.42925,11.6,352.9,359,80,192,32,10.9
367547750,2025-01-08T00:00:14Z,30.20479,-91.32064,0.0,258.8,188,31,206,18,3.0
368112840,2025-01-08T00:00:02Z,29.60929,-90.71071,0.0,277.8,,52,17,9,
367702370,2025-01-08T00:01:09Z,29.99195,-90.80794,0.9,29.1,219,52,22,10,2.8
368100090,2025-01-08T00:00:52Z,28.40826,-80.63034,0.0,344.8,,37,34,7,
316004052,2025-01-08T00:00:08Z,46.50379,-84.32728,0.0,,,52,27,10,2.4
366983830,2025-01-08T05:27:08Z,37.73635,-122.25741,0.2,59.2,50,60,33,10,3.0
368224850,2025-01-08T00:00:00Z,40.61493,-74.04563,34.1,179.7,180,65,43,12,3.0
367073840,2025-01-08T00:00:33Z,41.89314,-87.60803,0.1,186.0,83,52,23,6,3.1
338073000,2025-01-08T00:00:00Z,40.64061,-74.12976,0.0,286.7,305,52,28,12,
518728000,2025-01-08T00:00:45Z,21.32857,-158.11831,0.0,284.2,217,36,44,10,
368023560,2025-01-08T00:01:06Z,26.80617,-80.0018,6.9,175.0,173,31,29,10,4.0
366957490,2025-01-08T00:00:00Z,28.90937,-89.42676,20.6,36.0,,60,16,4,
367689620,2025-01-08T00:00:00Z,27.67445,-82.75125,21.0,79.7,81,50,17,6,
366954420,2025-01-08T00:01:08Z,27.77204,-82.5717,26.4,253.1,258,60,30,10,2.0
338368678,2025-01-08T00:01:01Z,34.18187,-119.22976,0.0,223.8,,37,7,2,
538070231,2025-01-08T00:00:16Z,26.10276,-80.12505,0.0,222.0,283,37,32,6,2.1
367702150,2025-01-08T00:00:09Z,29.9721,-90.3991,0.0,260.3,344,31,484,54,3.7
338192797,2025-01-08T00:01:02Z,48.75462,-122.50435,0.0,,,37,17,6,
368174490,2025-01-08T00:00:09Z,30.03018,-90.47405,9.2,186.0,,31,9,8,
368120140,2025-01-08T00:00:34Z,38.96387,-90.40026,0.0,50.9,317,57,221,18,2.8
338460647,2025-01-08T00:00:54Z,30.27763,-81.71411,0.1,,,37,17,4,
367539810,2025-01-08T00:00:16Z,29.98241,-90.40423,0.0,287.0,231,31,211,17,3.0
368220840,2025-01-08T00:01:06Z,24.56235,-81.80019,0.0,,,37,24,7,
367493350,2025-01-08T00:00:24Z,27.91359,-82.44375,5.4,160.6,,69,51,12,2.0
367141680,2025-01-08T00:00:37Z,19.46672,-68.73099,12.8,109.6,111,72,149,22,7.9
367041150,2025-01-08T00:01:07Z,29.29541,-89.34368,0.0,286.0,,52,15,7,2.5
368379440,2025-01-08T00:00:37Z,29.77504,-95.10107,0.0,329.9,,57,23,11,
367614880,2025-01-08T00:00:38Z,29.72647,-95.22674,1.6,93.5,104,52,28,12,3.4
367634320,2025-01-08T00:00:17Z,47.33167,-122.57959,0.0,69.8,,36,13,4,
368149000,2025-01-08T00:00:53Z,29.74719,-81.1064,5.0,346.6,346,52,38,10,4.5
338162000,2025-01-08T00:01:09Z,47.6263,-122.37987,0.0,275.0,88,30,112,17,4.1
636017581,2025-01-08T00:01:17Z,40.43049,-73.79069,10.0,138.1,143,73,260,32,8.9
636016502,2025-01-08T00:01:06Z,38.77107,-74.45802,14.6,72.6,67,70,172,27,8.9
368344740,2025-01-08T00:00:06Z,30.49106,-91.75289,0.0,319.1,350,57,209,18,3.4
338418221,2025-01-08T00:00:18Z,33.84553,-118.39603,0.0,266.3,,39,,,
366934770,2025-01-08T00:00:24Z,36.80456,-121.78585,0.0,191.3,,30,25,7,
316001265,2025-01-08T00:00:43Z,49.52695,-124.84766,0.0,298.5,340,60,54,14,1.5
338243212,2025-01-08T00:00:26Z,40.32418,-74.01397,0.0,162.9,62,37,11,,
367668520,2025-01-08T00:00:10Z,29.61723,-90.35148,3.9,34.0,29,31,21,7,2.8
316017089,2025-01-08T00:00:25Z,48.65398,-123.39336,0.0,336.5,,37,12,4,
368268000,2025-01-08T00:00:25Z,26.77899,-80.05364,0.0,,,37,27,7,
369812000,2025-01-08T00:00:26Z,41.66454,-87.58344,0.0,0.0,113,52,41,11,6.0
367752120,2025-01-08T00:00:06Z,29.99468,-90.01829,0.0,13.3,326,52,26,12,3.1
338102043,2025-01-08T00:00:28Z,47.6454,-122.31069,0.0,17.9,,37,15,4,
636015150,2025-01-08T00:00:10Z,38.56614,-74.54325,2.9,172.6,220,80,228,42,8.0
368067670,2025-01-08T00:01:06Z,32.11405,-81.12713,0.0,356.6,299,70,122,17,
368282150,2025-01-08T00:00:14Z,43.65744,-70.24755,0.0,,,52,35,10,4.5
316005716,2025-01-08T00:00:38Z,49.21489,-122.76099,8.5,259.9,,52,18,7,4.5
367422010,2025-01-08T00:00:10Z,32.67094,-117.12001,0.0,,,33,62,22,
319227700,2025-01-08T00:00:30Z,26.26912,-80.08071,0.0,,179,37,,,
563161200,2025-01-08T00:01:07Z,35.19135,-121.74565,18.2,328.1,328,71,334,48,11.1
367583840,2025-01-08T00:00:06Z,41.80696,-87.78379,0.2,155.5,,31,23,8,2.8
338384173,2025-01-08T00:00:32Z,38.87483,-77.05081,0.0,,,37,15,5,
352002038,2025-01-08T00:01:15Z,18.45974,-66.10189,0.0,,,31,30,11,3.8
368069570,2025-01-08T00:00:34Z,33.45907,-117.69601,0.1,244.0,,37,22,6,
368373020,2025-01-08T00:00:02Z,25.77895,-80.18619,0.0,345.1,,54,15,5,
367469690,2025-01-08T00:00:09Z,29.79291,-92.14318,0.0,266.6,,60,19,5,
316038089,2025-01-08T00:01:16Z,49.29208,-122.97454,0.3,193.3,133,52,25,12,4.0
338493575,2025-01-08T00:00:34Z,25.94329,-80.13753,0.0,,,37,9,4,
367741510,2025-01-08T00:00:42Z,30.09596,-92.61823,2.5,170.0,191,31,30,10,
366957490,2025-01-08T00:01:01Z,28.91402,-89.42298,20.2,34.0,,60,16,4,
368062640,2025-01-08T00:00:36Z,28.91398,-95.3545,0.0,316.5,265,57,206,18,3.1
212237000,2025-01-08T00:01:04Z,45.9068,-122.80795,10.9,168.7,169,70,225,32,7.8
368105730,2025-01-08T00:00:38Z,48.12566,-123.45405,1.0,,,37,10,3,
310034000,2025-01-08T00:01:04Z,18.47085,-64.57622,0.1,135.5,135,37,50,9,3.8
365973420,2025-01-08T00:00:37Z,30.08096,-93.32747,0.0,269.0,,52,16,6,
255806059,2025-01-08T00:00:03Z,36.01654,-123.06803,12.1,150.9,153,80,236,44,12.1
338467107,2025-01-08T00:00:44Z,33.45873,-117.69442,0.0,,,30,20,4,
367511340,2025-01-08T00:00:10Z,27.84608,-97.22549,0.0,271.5,231,31,32,12,5.2
316048387,2025-01-08T00:00:07Z,42.0993,-83.113,0.0,,,60,28,10,
368380250,2025-01-08T00:00:18Z,29.42225,-90.2899,,,317,90,18,8,2.8
367615130,2025-01-08T00:00:37Z,27.82189,-97.48439,0.0,300.1,217,31,27,9,3.1
367439830,2025-01-08T00:00:46Z,46.16881,-123.91386,0.0,73.5,,30,17,6,
368088660,2025-01-08T00:00:44Z,24.56287,-81.8009,0.0,,,36,15,6,
367332950,2025-01-08T00:00:02Z,28.40617,-96.48812,5.2,243.0,244,52,24,10,3.0
367414880,2025-01-08T00:00:46Z,48.108,-122.77277,0.0,64.3,334,30,17,5,
367686680,2025-01-08T00:00:52Z,26.13101,-80.11575,0.0,114.5,,37,26,7,
368125790,2025-01-08T00:00:54Z,48.51291,-122.6081,0.1,,180,37,18,6,
319120200,2025-01-08T00:00:52Z,29.25889,-94.47566,0.0,82.5,29,82,185,32,7.1
368125020,2025-01-08T00:00:52Z,38.97283,-76.25055,0.0,,,37,18,6,
636024494,2025-01-08T00:00:00Z,29.70498,-89.97967,11.1,329.2,331,70,183,33,7.8
367732430,2025-01-08T00:01:04Z,47.2616,-122.43157,0.0,239.3,343,31,36,12,5.5
367480250,2025-01-08T00:00:08Z,41.66679,-87.4441,0.1,350.3,46,52,222,22,5.6
367716050,2025-01-08T00:00:54Z,29.58833,-92.94618,3.1,111.1,,30,28,8,
367129650,2025-01-08T00:00:00Z,29.99726,-89.9942,0.4,214.8,90,31,44,11,3.0
367776410,2025-01-08T00:00:00Z,37.79904,-122.38898,21.2,231.4,,60,16,6,0.7
368398890,2025-01-08T00:00:02Z,26.11693,-80.10826,0.0,245.3,,,,,
367726830,2025-01-08T00:01:07Z,40.47819,-73.8593,3.6,75.4,,90,17,6,
219409000,2025-01-08T00:01:08Z,18.66425,-67.85196,14.0,200.6,199,80,183,32,11.7
368068570,2025-01-08T00:00:00Z,29.98081,-81.64674,0.0,,,52,17,7,
367729150,2025-01-08T00:00:02Z,27.82154,-97.43287,0.0,299.5,300,31,118,34,3.1
366984250,2025-01-08T00:00:06Z,30.14476,-91.00027,7.8,201.6,228,31,350,33,2.8
338229581,2025-01-08T00:00:08Z,32.71175,-117.21855,4.2,219.7,,36,12,3,
366916960,2025-01-08T00:00:00Z,30.10455,-90.9543,0.0,272.0,249,31,44,13,2.7
367176750,2025-01-08T00:00:12Z,45.64097,-124.02071,7.6,344.3,,30,24,6,
368024780,2025-01-08T00:00:00Z,38.59289,-90.19841,5.6,34.8,39,31,20,7,3.0
338430705,2025-01-08T00:00:15Z,33.98227,-118.44526,0.0,210.8,166,37,15,4,
367108750,2025-01-08T00:00:07Z,30.03847,-90.67875,0.0,,,60,15,4,
367152990,2025-01-08T00:00:07Z,29.46577,-91.27805,7.1,24.9,,90,14,18,3.0
316020067,2025-01-08T00:00:25Z,49.15425,-122.9505,0.0,241.4,67,52,18,8,
366841550,2025-01-08T00:00:10Z,36.9532,-76.32892,0.0,303.1,286,52,28,10,4.2
636019794,2025-01-08T00:00:09Z,28.01631,-90.31981,13.5,84.7,84,71,228,37,10.3
367524110,2025-01-08T00:00:36Z,29.7638,-95.09331,0.0,41.2,137,52,19,9,2.6
366999513,2025-01-08T00:00:00Z,29.6894,-91.2024,0.0,214.5,99,55,22,6,1.4
366973450,2025-01-08T00:00:38Z,30.0872,-93.32871,7.5,213.3,,31,79,12,2.4
368136950,2025-01-08T00:00:00Z,33.74807,-118.21137,2.1,86.2,27,52,27,12,
368313820,2025-01-08T00:00:00Z,26.90945,-80.08395,0.6,,,37,21,6,
368061020,2025-01-08T00:00:00Z,40.56603,-73.91938,22.1,72.1,75,60,28,9,
338997000,2025-01-08T00:00:04Z,39.8796,-75.20129,0.0,337.5,50,33,100,24,6.0
316009316,2025-01-08T00:00:13Z,43.11446,-79.19536,0.0,303.7,,31,20,5,3.1
368163520,2025-01-08T00:00:05Z,30.12632,-90.92272,6.3,333.2,333,52,128,39,3.3
367332840,2025-01-08T00:00:00Z,29.81438,-93.34664,0.0,166.9,175,70,50,10,2.5
368073320,2025-01-08T00:00:02Z,33.73631,-120.28381,7.1,94.7,97,31,39,11,7.3
338509279,2025-01-08T00:00:02Z,32.70945,-117.22554,26.4,219.8,,37,8,3,
369222000,2025-01-08T00:00:07Z,32.54361,-117.57432,1.0,111.8,17,70,199,32,9.5
338518359,2025-01-08T00:00:02Z,33.92643,-78.18958,2.4,66.4,,33,8,3,
367774150,2025-01-08T00:00:03Z,30.68864,-91.3488,6.0,358.2,356,31,416,,3.2
367186370,2025-01-08T00:00:04Z,40.69493,-74.1433,0.0,299.9,293,31,24,8,3.7
367524420,2025-01-08T00:00:04Z,29.57513,-90.58227,6.3,118.8,118,52,22,10,3.0
366796250,2025-01-08T00:00:08Z,26.7662,-80.04742,0.0,251.0,,33,69,20,
368125810,2025-01-08T00:00:10Z,33.92119,-78.06127,0.0,,279,37,14,4,
368395140,2025-01-08T00:00:11Z,24.56191,-81.80268,0.0,,,37,,,
303545000,2025-01-08T00:00:10Z,47.67686,-122.41004,0.0,,,37,23,7,
338316962,2025-01-08T00:00:11Z,25.76955,-80.13887,0.0,59.5,,37,12,6,
316001890,2025-01-08T00:00:08Z,48.36522,-89.17336,0.3,275.5,341,51,70,14,5.3
368122910,2025-01-08T00:00:14Z,30.67012,-81.46661,0.0,310.1,31,36,16,6,
368367740,2025-01-08T00:00:20Z,28.16401,-82.77466,0.0,,,37,17,6,
367764150,2025-01-08T00:00:23Z,48.50408,-122.60247,1.8,288.0,,37,15,6,
367344810,2025-01-08T00:00:07Z,29.92654,-90.19733,6.9,247.4,,31,40,6,3.0
366970120,2025-01-08T00:00:30Z,32.72333,-117.17405,0.0,,,60,46,9,2.1
338385704,2025-01-08T00:00:37Z,33.46017,-117.69441,0.0,0.0,,37,12,4,
368388160,2025-01-08T00:00:37Z,48.51244,-122.60637,0.0,328.3,184,37,9,3,
636018931,2025-01-08T00:00:32Z,39.90158,-75.13438,0.0,224.9,21,79,185,30,9.7
367509510,2025-01-08T00:00:40Z,30.04794,-90.57969,0.0,224.4,275,31,210,17,3.1
338417436,2025-01-08T00:00:40Z,27.68871,-82.72154,0.0,,,37,15,4,
368279040,2025-01-08T00:00:42Z,45.60201,-122.65433,0.7,8.7,,37,10,3,
368081160,2025-01-08T00:01:06Z,40.70193,-73.97359,0.0,42.7,138,60,29,8,2.0
338507014,2025-01-08T00:00:47Z,48.0337,-122.73977,0.1,322.7,257,37,17,5,
367776410,2025-01-08T05:27:08Z,37.79724,-122.39192,6.5,235.7,,60,16,6,0.7
338458000,2025-01-08T00:00:05Z,43.65626,-70.24599,0.0,315.1,316,57,147,24,4.9
367799260,2025-01-08T00:00:04Z,29.37755,-94.87196,0.1,,,31,57,22,
311000991,2025-01-08T00:00:08Z,46.26234,-126.95525,10.1,275.7,280,70,229,32,13.1
368436000,2025-01-08T00:00:48Z,47.73248,-122.64807,0.0,143.4,241,30,20,6,
366233570,2025-01-08T00:00:56Z,43.34575,-124.32057,0.0,262.9,,30,19,6,
368370970,2025-01-08T00:00:12Z,29.25352,-89.97717,0.0,,,33,115,16,
563103500,2025-01-08T00:01:00Z,18.43028,-66.11028,0.0,276.5,181,80,181,32,11.6
369970769,2025-01-08T00:00:24Z,32.68703,-117.23598,0.1,177.1,246,90,36,10,
368138010,2025-01-08T00:01:01Z,40.47837,-73.85927,3.2,77.1,41,50,58,14,
338357343,2025-01-08T00:01:04Z,38.82985,-76.54735,0.0,,,37,,,
367318750,2025-01-08T00:00:29Z,39.86379,-75.21768,0.1,281.0,260,31,30,10,4.3
338338006,2025-01-08T00:01:07Z,48.51247,-122.6088,0.0,,,37,8,5,
368090030,2025-01-08T00:00:21Z,29.64711,-90.2713,6.9,259.0,,57,79,12,2.5
367496150,2025-01-08T00:01:08Z,29.83193,-93.96237,7.4,317.1,315,31,8,6,2.8
367095130,2025-01-08T00:01:10Z,47.98125,-122.22294,0.0,184.8,34,30,31,10,
367506850,2025-01-08T00:00:02Z,30.34452,-88.50731,0.0,340.0,,52,17,6,3.6
338519522,2025-01-08T00:01:14Z,38.72307,-76.5426,0.0,,,37,12,4,
367005470,2025-01-08T00:00:08Z,30.03847,-94.04629,0.0,,44,31,111,8,3.0
367057220,2025-01-08T00:00:02Z,29.72674,-90.12166,0.0,329.0,,31,26,9,
367530590,2025-01-08T00:00:18Z,29.74008,-95.12816,0.0,280.2,,31,81,12,2.9
319255800,2025-01-08T00:00:31Z,26.11236,-80.10814,0.0,285.5,,37,37,8,
367486910,2025-01-08T00:00:37Z,27.85778,-97.0544,4.3,24.8,,31,30,8,3.6
368244910,2025-01-08T00:00:07Z,30.75812,-88.04943,0.0,353.7,282,31,73,14,3.7
338211402,2025-01-08T00:00:32Z,30.66511,-81.50513,0.0,,,37,11,4,
368352360,2025-01-08T00:00:41Z,26.08855,-80.18225,0.0,102.0,258,37,40,8,1.9
368148120,2025-01-08T00:00:06Z,41.74748,-124.18504,0.0,52.8,,30,18,6,
338188721,2025-01-08T00:00:42Z,33.46146,-117.70326,0.0,,,37,10,3,
367683830,2025-01-08T00:00:10Z,33.60418,-118.14072,15.0,21.0,,60,23,6,2.0
249639000,2025-01-08T00:00:15Z,18.17674,-64.28088,12.0,95.3,96,60,264,32,8.0
367739650,2025-01-08T00:00:42Z,29.14148,-90.21207,0.0,0.3,161,70,53,10,2.5
366948840,2025-01-08T00:00:10Z,32.68646,-117.13358,0.0,248.3,,52,27,11,
368171360,2025-01-08T00:00:49Z,48.03048,-122.7456,0.0,357.6,,37,14,4,
367776410,2025-01-08T00:01:02Z,37.79733,-122.39173,6.1,235.7,,60,16,6,0.7
368112350,2025-01-08T00:01:09Z,28.15864,-82.76333,0.0,14.7,,52,67,17,2.5
341767001,2025-01-08T00:00:34Z,27.92662,-82.44687,0.0,233.2,184,95,61,17,4.5
367689620,2025-01-08T00:01:01Z,27.67597,-82.74508,19.8,69.6,71,50,17,6,
367646420,2025-01-08T00:00:53Z,47.06566,-122.91466,0.0,244.8,309,36,13,4,
368082340,2025-01-08T00:00:09Z,35.20747,-75.70392,0.0,170.2,120,65,53,18,4.0
374318000,2025-01-08T00:00:44Z,29.92673,-90.18589,0.0,5.0,245,70,200,32,8.0
366714000,2025-01-08T00:00:47Z,19.66881,-156.0236,0.1,,233,60,16,,
368126190,2025-01-08T00:00:18Z,37.92167,-122.40929,0.0,118.8,323,32,39,11,5.0
368097780,2025-01-08T00:00:43Z,30.52031,-91.73099,0.0,,329,52,22,10,
367328540,2025-01-08T00:00:19Z,30.04546,-93.728,0.0,281.7,167,31,21,8,3.0
413165000,2025-01-08T00:00:21Z,28.8473,-94.34392,0.2,180.0,42,71,335,43,12.8
366979150,2025-01-08T00:00:00Z,30.41422,-91.20628,0.0,295.7,336,31,22,11,3.5
367148660,2025-01-08T00:01:01Z,21.95253,-159.35849,0.0,190.2,,31,38,10,4.0
367594230,2025-01-08T00:00:00Z,29.5933,-91.16075,3.9,247.5,255,30,23,8,3.1
538071487,2025-01-08T00:00:04Z,25.9356,-80.14817,0.0,,,37,32,8,
367076210,2025-01-08T00:01:06Z,39.89506,-75.2075,3.9,120.4,102,52,30,10,4.9
367588960,2025-01-08T00:00:36Z,30.0619,-93.35326,0.0,79.5,,31,109,18,2.5
368298610,2025-01-08T00:00:06Z,48.73453,-122.81162,25.8,74.9,,37,17,5,
367503940,2025-01-08T00:01:10Z,41.67337,-87.43732,0.0,262.8,,31,25,8,
367376740,2025-01-08T00:01:01Z,41.52264,-70.67085,0.0,71.2,86,60,66,18,4.0
338356013,2025-01-08T00:00:07Z,18.33941,-65.63125,0.0,175.0,246,37,16,5,
367782180,2025-01-08T00:00:07Z,48.50355,-122.60276,0.0,218.1,,37,10,3,
367427260,2025-01-08T00:00:08Z,30.03666,-93.73782,6.6,197.4,192,31,26,10,2.9
255806058,2025-01-08T00:01:10Z,36.81493,-123.96679,2.0,180.5,241,80,237,44,8.3
367389840,2025-01-08T00:00:04Z,37.92307,-122.36699,0.0,245.8,,70,36,16,2.0
367445570,2025-01-08T00:00:09Z,47.92275,-122.68467,0.0,,,60,20,6,2.2
367546090,2025-01-08T00:00:05Z,40.58541,-74.20947,0.0,240.6,,52,20,8,2.0
367493020,2025-01-08T00:00:01Z,40.69967,-74.15152,0.0,274.9,299,31,35,11,
316005623,2025-01-08T00:00:15Z,49.19966,-122.91118,0.0,36.5,,31,22,10,
338326505,2025-01-08T00:00:05Z,35.08297,-76.60134,0.0,74.1,,37,15,7,
255806058,2025-01-08T00:00:00Z,36.81552,-123.96675,2.6,164.9,240,80,237,44,8.3
368085860,2025-01-08T00:00:17Z,29.09458,-91.28223,0.1,332.2,68,31,30,10,4.0
338326955,2025-01-08T00:00:06Z,47.33413,-122.58402,0.0,,,37,9,,
636092995,2025-01-08T00:00:01Z,18.83217,-67.85627,16.9,45.5,45,79,209,30,9.9
367004290,2025-01-08T00:00:18Z,30.03343,-90.83471,0.1,327.5,343,31,11,23,3.2
368115480,2025-01-08T00:00:04Z,40.62811,-73.31787,0.0,343.5,,31,18,7,
366984210,2025-01-08T00:00:25Z,29.90168,-90.08151,0.0,208.3,70,52,60,18,3.3
368331420,2025-01-08T00:00:07Z,37.92302,-122.36682,2.2,170.5,177,33,12,4,
316001701,2025-01-08T00:00:08Z,43.81071,-82.56353,11.5,171.8,172,70,222,24,8.1
367668090,2025-01-08T00:01:05Z,40.51841,-74.24747,0.0,248.4,,31,78,10,2.5
367447850,2025-01-08T00:00:09Z,26.74876,-80.04896,0.0,270.9,183,37,55,10,3.1
368156470,2025-01-08T00:01:10Z,32.6894,-80.22316,0.0,312.7,271,31,25,8,2.5
368084540,2025-01-08T00:01:06Z,33.76647,-118.27771,0.0,181.2,165,52,28,10,5.5
367057530,2025-01-08T00:00:08Z,30.05419,-90.57269,0.0,318.7,274,31,329,,3.1
368003680,2025-01-08T00:00:15Z,47.68303,-122.40487,0.0,264.1,,36,13,3,
316031352,2025-01-08T00:00:23Z,49.16822,-122.50746,4.9,268.9,279,52,16,5,3.0
368277260,2025-01-08T00:00:38Z,29.59496,-90.71071,5.9,183.1,,32,20,10,3.0
367760290,2025-01-08T00:00:27Z,33.74804,-118.21546,0.3,170.7,,51,35,10,
368300190,2025-01-08T00:00:16Z,38.10497,-121.56859,0.0,,,37,18,4,
367304530,2025-01-08T00:00:10Z,41.29451,-72.90691,0.0,323.0,173,52,26,9,3.5
367613490,2025-01-08T00:00:35Z,28.74302,-89.94337,0.1,253.8,62,38,95,20,7.3
368205160,2025-01-08T00:00:20Z,38.7231,-76.54251,0.0,156.9,,36,12,4,
636021909,2025-01-08T00:00:42Z,29.90981,-90.09259,0.0,104.7,249,80,170,27,11.3
367493020,2025-01-08T00:01:09Z,40.69967,-74.15152,0.0,274.7,298,31,35,11,
367390130,2025-01-08T00:00:55Z,42.58966,-73.75938,0.0,241.1,344,52,153,24,6.3
366773070,2025-01-08T00:01:10Z,47.51726,-122.48059,16.6,77.9,82,65,100,24,6.0
366622140,2025-01-08T00:01:10Z,47.53866,-122.32934,1.4,339.4,143,32,26,8,4.0
368109530,2025-01-08T00:01:12Z,30.38076,-91.22401,0.1,312.6,46,56,278,17,3.1
316055361,2025-01-08T00:00:22Z,25.31337,-80.28083,0.0,,,37,15,4,
367003870,2025-01-08T00:00:00Z,29.68157,-89.96762,0.0,160.6,329,31,214,17,3.1
316011905,2025-01-08T00:00:01Z,46.20204,-84.11705,8.7,324.4,330,79,192,21,6.7
338340983,2025-01-08T00:00:22Z,41.23167,-73.97604,0.0,0.0,49,36,9,4,
366838050,2025-01-08T00:00:24Z,47.65718,-122.37967,0.0,8.5,,37,19,5,
367057220,2025-01-08T00:01:22Z,29.72672,-90.12158,0.0,191.5,,31,26,9,
369493771,2025-01-08T00:00:06Z,30.39193,-86.52592,0.0,,,51,14,4,1.0
367143690,2025-01-08T00:00:06Z,29.97009,-90.26148,3.4,262.7,264,52,44,14,3.1
368171390,2025-01-08T00:01:26Z,33.73121,-118.26107,0.1,187.8,249,52,26,10,2.6
369494425,2025-01-08T00:00:13Z,35.84355,-75.62054,0.1,154.2,228,51,15,5,1.6
367559620,2025-01-08T00:01:27Z,29.97273,-90.27839,0.0,,,60,14,5,
367006770,2025-01-08T00:00:08Z,33.729,-118.27553,0.1,237.6,129,31,36,8,2.5
367367390,2025-01-08T00:00:10Z,39.97923,-75.08108,0.0,193.4,287,31,94,26,3.7
367683830,2025-01-08T00:01:28Z,33.60977,-118.14064,15.8,350.9,,60,23,6,2.0
338361065,2025-01-08T00:00:25Z,47.66591,-122.38854,0.0,,,37,18,5,
367718440,2025-01-08T00:00:33Z,40.50408,-80.11305,0.0,,,31,31,8,3.0
338498046,2025-01-08T00:00:26Z,32.72622,-117.199,0.0,,,37,11,4,
367688320,2025-01-08T00:00:47Z,40.43565,-80.00577,0.0,,,69,28,8,1.0
367516020,2025-01-08T00:00:27Z,40.93484,-73.90505,0.1,206.9,,50,15,4,2.0
367789830,2025-01-08T00:00:26Z,47.63015,-122.39575,0.0,44.1,,37,16,4,
249949000,2025-01-08T00:00:59Z,46.04388,-122.87694,0.0,178.7,178,70,229,32,7.0
338211168,2025-01-08T00:00:29Z,48.39835,-122.62728,0.0,35.6,,37,11,4,
369493619,2025-01-08T00:01:02Z,21.30741,-157.87356,0.0,311.0,,51,14,4,
316011905,2025-01-08T00:01:08Z,46.2044,-84.11896,8.7,335.6,342,79,192,21,6.7
367389450,2025-01-08T00:00:07Z,31.09247,-91.71704,4.2,51.2,55,52,30,10,2.8
256313000,2025-01-08T00:01:11Z,29.7972,-90.01102,0.0,35.3,28,70,199,32,12.7
367710650,2025-01-08T00:00:16Z,29.75447,-95.09431,3.5,15.8,,31,18,9,2.5
367651440,2025-01-08T00:00:04Z,43.71622,-70.12678,0.2,,,60,40,12,
565570000,2025-01-08T00:00:29Z,33.44944,-128.17359,20.2,259.9,259,71,337,46,11.3
367434580,2025-01-08T00:00:02Z,38.43108,-82.60246,0.0,238.5,164,52,45,15,
368104540,2025-01-08T00:00:59Z,28.93367,-95.32207,0.0,120.6,215,52,31,12,4.9
367001580,2025-01-08T00:01:09Z,29.3578,-90.25121,0.0,266.8,,31,20,6,2.0
367025330,2025-01-08T00:00:06Z,32.72307,-117.22665,0.0,,,60,24,8,2.0
367367390,2025-01-08T00:01:19Z,39.97918,-75.0811,0.0,193.4,287,31,94,26,3.7
367307850,2025-01-08T00:00:06Z,33.87931,-78.00733,3.9,10.6,8,52,30,10,4.2
368018310,2025-01-08T00:01:26Z,29.65911,-91.10012,0.0,,,52,21,9,4.0
367566160,2025-01-08T00:00:05Z,29.59514,-91.15785,3.9,228.9,,52,17,7,4.0
368413000,2025-01-08T00:00:04Z,30.03516,-94.03657,0.0,309.8,66,31,205,24,8.5
368085860,2025-01-08T00:01:29Z,29.09458,-91.28223,0.1,322.3,66,31,30,10,4.0
338304692,2025-01-08T00:00:30Z,33.84804,-118.39814,0.0,188.1,,36,10,3,
368332080,2025-01-08T00:00:07Z,25.75642,-80.1415,0.0,133.6,128,37,22,7,
368182290,2025-01-08T00:00:38Z,26.09146,-80.17087,0.0,294.6,269,37,30,8,2.0
255805835,2025-01-08T00:00:12Z,23.52108,-80.65824,13.3,105.5,103,89,115,18,7.1
303923000,2025-01-08T00:00:37Z,30.02651,-93.99913,0.0,179.3,13,70,193,28,6.5
338335399,2025-01-08T00:00:40Z,30.39982,-87.24149,0.3,,,37,18,4,
367362410,2025-01-08T00:00:00Z,29.33476,-90.24202,0.0,,,52,14,5,
339354000,2025-01-08T00:00:38Z,26.44606,-80.06547,0.0,115.1,2,37,30,7,1.9
368396110,2025-01-08T00:00:39Z,25.93608,-80.13961,0.2,,,37,18,5,
367004120,2025-01-08T00:00:03Z,30.0496,-90.57834,2.3,264.4,,31,24,8,
367100060,2025-01-08T00:00:39Z,29.71882,-95.23711,0.0,237.1,14,31,116,34,2.8
367629420,2025-01-08T00:00:40Z,40.10222,-74.03909,0.0,59.5,,30,23,6,
338497377,2025-01-08T00:00:44Z,27.74916,-82.72294,0.1,127.8,,37,12,8,
367530790,2025-01-08T00:00:51Z,29.28446,-94.85681,0.0,67.6,,37,23,7,
368346760,2025-01-08T00:00:00Z,39.98445,-124.19569,,,144,52,20,10,
366982170,2025-01-08T00:00:01Z,32.68641,-117.13304,0.1,,,52,25,10,
366768030,2025-01-08T00:00:02Z,33.37071,-118.31038,26.8,20.2,,40,41,11,3.0
367724490,2025-01-08T00:00:01Z,41.65584,-87.45741,0.0,270.8,,31,121,18,2.8
351225000,2025-01-08T00:00:33Z,33.76176,-118.2521,0.0,104.9,249,79,177,29,5.8
357456000,2025-01-08T00:00:08Z,29.47566,-93.92652,7.1,73.6,71,90,80,16,4.4
367702560,2025-01-08T00:00:02Z,30.00133,-90.82809,0.0,296.3,341,31,21,9,3.0
367149340,2025-01-08T00:00:07Z,29.37554,-94.87017,0.0,236.0,95,31,27,9,3.1
368154330,2025-01-08T00:01:01Z,26.28395,-80.0843,0.0,,,37,25,6,
538006053,2025-01-08T00:00:04Z,37.1722,-123.41077,0.8,120.8,44,80,184,27,10.8
367697010,2025-01-08T00:00:03Z,30.03473,-93.78438,0.0,286.1,,31,19,7,2.7
368380060,2025-01-08T00:00:02Z,29.90551,-90.08173,0.0,133.5,67,57,20,9,
367126380,2025-01-08T00:00:04Z,47.67838,-122.40799,0.0,,,36,14,5,
316006101,2025-01-08T00:00:07Z,49.02044,-123.6421,3.6,131.1,132,52,22,7,3.2
366972270,2025-01-08T00:00:03Z,29.40445,-94.74778,0.0,281.6,,31,17,9,3.0
367523580,2025-01-08T00:00:05Z,39.25765,-76.55589,0.0,228.8,,52,24,11,
367672410,2025-01-08T00:00:10Z,48.12563,-123.45474,0.0,227.3,,30,22,7,
338108994,2025-01-08T00:00:12Z,18.33543,-64.9201,0.7,123.8,,37,29,8,
368058110,2025-01-08T00:00:16Z,27.82556,-97.18896,0.0,332.5,72,52,30,13,6.2
368243880,2025-01-08T00:00:02Z,27.85528,-97.23803,0.0,244.0,335,52,101,22,2.7
367702270,2025-01-08T00:00:05Z,28.91856,-95.34706,1.9,238.0,239,52,22,10,3.1
366695940,2025-01-08T00:00:08Z,42.37985,-71.04253,0.0,74.6,,52,30,8,4.4
367342210,2025-01-08T00:00:19Z,38.84077,-90.10572,0.0,229.1,359,31,125,18,3.1
368016810,2025-01-08T00:00:09Z,41.63658,-70.9202,0.0,,,30,40,10,4.2
366983110,2025-01-08T00:00:03Z,29.91553,-90.0906,0.1,151.6,,52,32,8,7.3
366880750,2025-01-08T00:00:07Z,36.90684,-76.08902,0.1,180.6,,50,17,5,1.5
338465704,2025-01-08T00:00:27Z,25.32,-80.27173,0.0,,,37,14,4,
367362410,2025-01-08T00:00:09Z,29.59021,-90.37021,0.0,,,52,14,5,
261001141,2025-01-08T00:00:31Z,34.63621,-76.72552,4.6,230.7,230,36,9,3,
368327980,2025-01-08T00:00:09Z,40.72953,-73.93728,0.5,291.9,,52,75,26,
367477760,2025-01-08T00:00:33Z,36.98502,-76.44019,0.0,182.9,,31,25,8,
367098010,2025-01-08T00:00:36Z,36.71515,-76.09437,0.0,245.7,,52,20,8,2.8
316048673,2025-01-08T00:00:20Z,48.92613,-123.714,0.0,134.6,,31,10,5,2.8
338142968,2025-01-08T00:00:41Z,36.86925,-76.00493,0.0,225.5,,37,21,6,
338131469,2025-01-08T00:00:49Z,46.1727,-123.06089,0.0,8.6,,37,15,5,
378111294,2025-01-08T00:00:53Z,26.77907,-80.05267,0.0,119.1,,36,30,8,
367702880,2025-01-08T00:00:50Z,25.93005,-80.14229,0.0,,,37,19,,1.8
366788850,2025-01-08T00:01:01Z,42.04633,-124.26578,0.0,134.2,,30,14,6,
368277980,2025-01-08T00:01:03Z,37.02432,-76.34112,0.0,,257,53,25,7,
366999550,2025-01-08T00:01:08Z,34.69762,-76.68171,0.0,270.0,,55,26,6,1.7
235085287,2025-01-08T00:00:04Z,17.23371,-64.50896,9.3,95.3,99,36,56,12,4.0
368209950,2025-01-08T00:01:11Z,48.49266,-122.677,0.0,44.8,,36,54,8,
636020424,2025-01-08T00:00:27Z,29.25381,-94.45612,0.0,111.0,15,80,165,27,8.6
367617080,2025-01-08T00:01:11Z,46.16947,-123.91355,0.0,268.9,,30,22,7,
368173810,2025-01-08T00:00:02Z,38.4319,-82.59942,0.4,279.5,190,57,111,18,2.3
366834350,2025-01-08T00:01:15Z,29.73159,-95.05136,0.0,237.9,122,31,115,18,3.4
367606370,2025-01-08T00:00:00Z,29.77049,-95.10048,1.1,357.3,5,52,16,8,2.6
338126116,2025-01-08T00:01:15Z,30.40312,-86.30167,4.7,232.8,234,37,10,4,
368099320,2025-01-08T00:00:05Z,30.02193,-93.98753,0.0,266.2,,57,116,18,2.8
368008820,2025-01-08T00:00:11Z,48.40222,-122.49345,0.0,200.9,127,90,10,4,
368284050,2025-01-08T00:00:03Z,29.78563,-95.09601,0.0,278.6,343,57,114,34,3.3
367017460,2025-01-08T00:00:11Z,25.77476,-80.20232,0.0,239.9,,52,24,10,
368250030,2025-01-08T00:00:04Z,32.08208,-81.06328,0.0,241.4,264,52,26,11,5.1
368341940,2025-01-08T00:00:34Z,29.1179,-90.20189,0.0,290.3,70,70,48,6,3.0
367445120,2025-01-08T00:00:15Z,47.72336,-122.64136,0.0,31.9,,37,15,5,
367523340,2025-01-08T00:00:44Z,36.88235,-75.83428,0.4,94.8,319,52,45,14,6.4
367463010,2025-01-08T00:00:04Z,29.77489,-91.75359,0.0,202.0,,31,14,6,2.2
368150680,2025-01-08T00:00:12Z,29.57045,-90.71686,0.0,335.5,,57,20,7,
368353080,2025-01-08T00:00:19Z,38.01949,-90.09053,0.0,328.4,300,57,81,14,2.5
366884150,2025-01-08T00:00:38Z,29.73317,-95.02041,0.0,316.0,32,31,18,8,3.2
368342840,2025-01-08T00:00:16Z,33.92667,-78.18848,2.5,78.0,,33,50,38,
366953930,2025-01-08T00:00:08Z,40.80567,-73.80625,0.2,79.7,348,52,27,16,4.0
338233779,2025-01-08T00:00:14Z,41.50572,-71.32587,0.0,359.0,,36,12,3,
368106540,2025-01-08T00:00:15Z,32.72719,-117.20699,0.0,243.1,,37,,,
255806492,2025-01-08T00:00:07Z,48.22418,-123.61041,5.5,85.3,87,71,300,48,10.2
367080420,2025-01-08T00:00:16Z,42.61258,-70.653,0.0,148.6,,30,30,8,
367331540,2025-01-08T00:00:09Z,47.6588,-122.3787,0.0,258.4,267,30,40,13,6.0
367642410,2025-01-08T00:00:49Z,29.1191,-90.20628,0.0,248.3,,31,14,4,2.0
368310430,2025-01-08T00:00:22Z,26.27826,-80.0875,0.0,,,37,14,8,
367715840,2025-01-08T00:00:39Z,27.98978,-97.07785,0.0,164.3,184,52,24,10,2.9
368281210,2025-01-08T00:00:22Z,38.97255,-76.25066,0.0,,,37,18,6,
367592280,2025-01-08T00:01:10Z,30.40018,-81.43267,0.0,,,52,15,7,
367120830,2025-01-08T00:00:33Z,39.76102,-74.10862,0.0,0.0,,30,14,4,
367434580,2025-01-08T00:01:11Z,38.43108,-82.60246,0.0,238.5,163,52,45,15,
338068956,2025-01-08T00:00:35Z,37.97691,-121.37799,0.1,80.0,,37,13,6,
367165130,2025-01-08T00:00:08Z,39.71962,-75.4964,0.0,321.9,233,52,24,8,
338325116,2025-01-08T00:00:35Z,47.6341,-122.33904,0.0,,,37,15,4,
366920020,2025-01-08T00:00:40Z,29.93272,-92.6562,0.0,302.5,20,31,20,7,2.4
338497877,2025-01-08T00:00:38Z,38.96337,-76.48031,0.0,,,37,,4,
367367330,2025-01-08T00:00:47Z,48.75473,-122.50446,0.0,116.1,,30,20,6,
367702510,2025-01-08T00:01:08Z,30.01327,-90.74424,0.0,339.4,201,31,21,9,3.0
338407364,2025-01-08T00:00:50Z,32.7268,-117.20989,0.0,167.0,261,37,15,5,
368362230,2025-01-08T00:00:44Z,24.78711,-82.12129,2.4,46.2,,30,26,7,
563032900,2025-01-08T00:00:18Z,40.68338,-74.15006,0.0,310.0,310,71,332,43,14.0
369566000,2025-01-08T00:00:57Z,21.32984,-158.1184,0.1,21.3,,37,22,6,
636013692,2025-01-08T00:00:25Z,33.75144,-118.27356,0.0,228.0,331,74,333,42,12.9
374058000,2025-01-08T00:00:55Z,49.28207,-123.19565,0.1,179.7,93,70,190,32,6.9
338409987,2025-01-08T00:00:25Z,33.60849,-117.92176,0.0,210.0,,37,16,8,
338363742,2025-01-08T00:00:26Z,29.72295,-84.98268,0.0,,,37,11,4,
357492000,2025-01-08T00:00:09Z,29.9907,-93.93025,4.9,284.1,285,80,183,32,8.8
368020590,2025-01-08T00:00:30Z,31.1557,-81.49971,0.0,16.0,,36,16,5,
338193233,2025-01-08T00:00:35Z,33.36602,-79.26746,0.0,16.0,,37,13,4,
367661220,2025-01-08T00:00:32Z,40.42572,-79.95588,0.0,241.6,145,31,31,8,3.0
369494143,2025-01-08T00:01:06Z,18.4524,-66.10768,40.2,326.9,,51,10,3,1.0
366999388,2025-01-08T00:00:09Z,35.0741,-90.12547,0.0,246.6,,31,21,5,3.0
367185880,2025-01-08T00:00:08Z,32.72297,-117.22655,0.0,,,60,22,7,2.0
366759130,2025-01-08T00:00:11Z,47.79486,-122.49429,0.0,302.0,301,60,140,28,5.6
368331640,2025-01-08T00:00:10Z,45.5856,-122.76778,0.0,186.8,227,52,20,8,2.8
367744990,2025-01-08T00:00:08Z,29.40534,-89.14316,0.0,20.7,,30,29,8,2.8
311000368,2025-01-08T00:00:12Z,23.74415,-81.98509,14.3,100.4,100,70,225,32,10.0
367002270,2025-01-08T00:01:10Z,29.95332,-90.15419,4.7,283.5,242,52,17,8,
366927640,2025-01-08T00:00:01Z,30.04933,-90.4764,0.0,,,60,14,4,
367401320,2025-01-08T00:00:02Z,38.83849,-90.10549,0.0,84.5,357,31,24,10,2.7
367430790,2025-01-08T00:00:09Z,29.65881,-91.10019,0.0,290.2,,31,26,10,3.7
368093120,2025-01-08T00:00:00Z,30.02783,-89.90633,0.0,259.7,187,57,142,9,
352003865,2025-01-08T00:00:00Z,46.01356,-122.85978,0.1,14.7,146,70,180,32,6.2
366999523,2025-01-08T00:00:37Z,35.1592,-90.05076,0.0,141.5,57,51,63,6,1.7
367482970,2025-01-08T00:00:01Z,30.03855,-90.67868,0.1,,,60,14,5,
367682660,2025-01-08T00:00:03Z,48.75221,-122.48592,0.1,0.0,,51,12,4,1.0
367681000,2025-01-08T00:00:11Z,43.71659,-124.10215,0.0,182.6,,30,39,9,
367026820,2025-01-08T00:00:04Z,29.56894,-90.37591,0.0,,,70,26,9,
368112080,2025-01-08T00:00:00Z,29.55849,-90.39092,0.0,106.6,201,31,208,23,2.8
368039230,2025-01-08T00:00:04Z,34.81679,-90.46272,3.4,56.2,,57,19,7,2.7
636021687,2025-01-08T00:00:01Z,20.09799,-158.80784,13.8,206.5,206,80,183,32,8.2
367547820,2025-01-08T00:00:00Z,18.2294,-65.61945,1.3,269.7,279,60,48,14,
366384000,2025-01-08T00:00:00Z,37.26613,-76.02084,0.0,248.1,,30,34,10,4.0
366961130,2025-01-08T00:00:37Z,29.13565,-90.25365,4.0,254.6,,31,19,8,2.4
367332910,2025-01-08T00:00:08Z,29.99356,-93.91004,0.0,,41,52,22,10,2.7
367666910,2025-01-08T00:00:38Z,29.14461,-90.20572,0.0,338.1,253,69,64,9,3.0
413349820,2025-01-08T00:00:05Z,32.89525,-120.04179,11.8,307.8,306,70,200,28,10.1
368016370,2025-01-08T00:00:41Z,47.66155,-122.38477,0.0,,,37,22,6,
366909530,2025-01-08T00:00:00Z,43.65758,-70.24787,0.0,242.6,,52,32,22,
338394819,2025-01-08T00:00:50Z,33.46102,-117.70082,0.0,,,37,9,3,
368339380,2025-01-08T00:00:05Z,29.75122,-95.09744,7.1,216.6,218,52,20,8,2.2
368161120,2025-01-08T00:00:46Z,30.01439,-90.82989,0.0,,,60,12,5,
368222890,2025-01-08T00:00:08Z,30.11496,-90.98216,0.0,303.5,282,57,24,10,
367532270,2025-01-08T00:00:03Z,30.29058,-87.54137,0.0,295.0,,30,24,6,2.0
367790120,2025-01-08T00:00:45Z,27.99025,-97.07698,0.0,,,37,20,5,
367705000,2025-01-08T00:00:00Z,47.65936,-122.38151,0.0,315.2,,30,31,10,4.0
367580930,2025-01-08T00:00:11Z,33.66593,-118.19495,16.6,236.5,,60,26,10,
367561870,2025-01-08T00:00:02Z,29.98213,-93.20516,4.7,316.6,314,31,269,17,3.1
413770000,2025-01-08T00:00:04Z,48.59007,-125.74562,2.1,349.0,47,80,245,42,10.1
316033419,2025-01-08T00:00:05Z,49.10859,-123.15249,11.3,100.8,99,79,145,26,4.3
367311510,2025-01-08T00:00:03Z,30.05417,-90.58083,1.9,103.0,277,52,22,9,2.7
367612240,2025-01-08T00:00:07Z,29.63153,-94.89315,0.0,255.6,,31,20,9,2.5
367737960,2025-01-08T00:00:04Z,29.96022,-90.28936,0.0,306.8,,52,20,10,2.9
368181090,2025-01-08T00:00:56Z,24.57711,-81.70964,2.7,302.8,,36,12,4,
366986310,2025-01-08T00:00:02Z,38.58022,-90.21978,0.0,,,31,21,8,2.2
367505030,2025-01-08T00:00:04Z,29.576,-90.60767,5.6,264.0,263,31,210,18,3.0
367487960,2025-01-08T00:00:06Z,33.86245,-78.02645,0.0,22.0,,52,22,7,3.0
367387860,2025-01-08T00:00:06Z,29.95156,-90.38703,0.0,293.5,,31,18,8,2.8
232006316,2025-01-08T00:00:52Z,28.86334,-89.33348,0.0,300.6,54,89,228,32,8.7
538010510,2025-01-08T00:00:32Z,29.83389,-89.99633,0.0,167.8,27,70,179,28,6.7
316028504,2025-01-08T00:00:07Z,49.49495,-123.46787,8.7,164.4,161,52,29,10,4.6
367058480,2025-01-08T00:01:06Z,26.78266,-80.04734,0.0,0.0,,60,22,4,
367340990,2025-01-08T00:00:10Z,42.1294,-83.11826,7.9,341.6,342,70,191,20,5.8
367135890,2025-01-08T00:00:05Z,29.35016,-90.24827,0.0,335.2,,60,34,7,
368102870,2025-01-08T00:00:08Z,25.76407,-80.14159,0.0,0.0,179,52,25,12,3.3
368177450,2025-01-08T00:00:24Z,40.92892,-73.90585,0.0,267.8,181,52,43,20,7.8
367053260,2025-01-08T00:01:09Z,30.01678,-94.01354,0.0,7.5,,31,22,10,
367688580,2025-01-08T00:00:17Z,29.72849,-95.02784,5.3,116.3,118,52,22,10,2.9
367581090,2025-01-08T00:00:33Z,28.64463,-96.54946,0.0,288.8,179,31,32,12,4.0
538005539,2025-01-08T00:00:02Z,42.454,-70.78156,1.8,110.9,24,80,183,32,11.2
368058790,2025-01-08T00:01:00Z,29.54425,-95.04149,0.0,183.6,,36,12,5,
367114880,2025-01-08T00:00:16Z,29.8901,-92.43625,4.1,280.3,281,31,205,18,3.0
636021462,2025-01-08T00:01:10Z,46.17307,-125.52294,14.4,0.8,359,70,333,48,11.7
367003880,2025-01-08T00:00:01Z,30.47101,-91.19414,2.2,129.7,29,31,23,8,3.3
367489520,2025-01-08T00:00:37Z,28.71458,-95.89672,5.2,74.8,71,31,24,10,2.8
368179260,2025-01-08T00:00:03Z,29.14757,-90.20412,0.0,0.0,257,79,82,17,4.0
367652000,2025-01-08T00:00:35Z,28.80873,-89.50846,6.9,38.9,36,39,36,8,2.9
366998890,2025-01-08T00:01:11Z,30.06833,-93.71726,0.0,297.2,,31,16,6,3.0
368116110,2025-01-08T00:00:04Z,27.76056,-82.63594,0.0,,,37,18,6,
244561000,2025-01-08T00:00:41Z,26.13251,-80.0729,0.4,69.0,2,79,100,16,4.5
367145870,2025-01-08T00:01:12Z,41.65064,-70.27722,0.0,295.9,10,60,47,12,1.6
563187700,2025-01-08T00:00:30Z,39.22176,-76.57669,0.0,191.4,276,70,226,32,13.4
366792180,2025-01-08T00:00:49Z,27.8068,-82.40623,0.0,264.2,356,31,179,24,6.0
367497070,2025-01-08T00:01:13Z,29.7895,-95.06439,0.0,286.3,,52,20,8,2.3
366651000,2025-01-08T00:01:14Z,40.75843,-74.02209,5.5,129.9,,60,30,8,3.1
367529030,2025-01-08T00:01:06Z,46.19033,-123.8295,0.0,6.9,101,57,20,4,1.8
367170860,2025-01-08T00:01:02Z,46.16848,-123.91407,0.0,,,30,22,6,10.1
367301310,2025-01-08T00:00:52Z,29.99627,-93.91545,0.0,,3,31,114,18,2.7
368206450,2025-01-08T00:00:20Z,47.64543,-122.31118,0.0,255.8,0,37,18,6,2.1
368266520,2025-01-08T05:27:07Z,37.86526,-122.39093,5.1,332.3,342,31,22,7,
303561000,2025-01-08T00:01:10Z,47.66683,-122.39076,0.0,,,30,28,7,3.0
367679550,2025-01-08T00:01:11Z,30.2948,-91.31623,0.0,67.0,,31,114,28,3.1
305561000,2025-01-08T00:01:07Z,29.78712,-93.94764,10.9,161.9,161,70,145,18,7.7
636021687,2025-01-08T00:01:10Z,20.09392,-158.80997,13.9,205.8,206,80,183,32,8.2
368082370,2025-01-08T00:00:50Z,32.13808,-80.81276,0.0,59.9,83,37,32,6,2.3
377062000,2025-01-08T00:02:00Z,41.96038,-124.92748,15.4,356.8,,69,39,8,2.2
369493416,2025-01-08T00:00:18Z,43.68114,-124.17823,0.0,191.3,,51,14,4,1.4
338327978,2025-01-08T00:00:21Z,24.96529,-80.56911,0.2,,,37,11,4,
338889000,2025-01-08T00:00:22Z,26.10258,-80.12104,0.0,,,37,20,7,
368315660,2025-01-08T00:00:40Z,29.14012,-90.19838,0.0,320.3,341,60,56,14,
368246980,2025-01-08T00:00:09Z,30.70735,-88.04333,0.0,141.0,300,52,30,13,5.7
367479630,2025-01-08T00:00:08Z,39.88008,-75.15774,8.7,95.0,,52,28,12,4.0
368170890,2025-01-08T00:01:05Z,29.80139,-95.07579,6.1,243.3,242,31,23,11,
367689970,2025-01-08T00:00:00Z,29.14131,-90.19671,0.0,250.6,341,70,59,15,3.2
636021856,2025-01-08T00:00:27Z,47.59444,-126.99529,13.0,50.3,56,70,182,31,9.3
368142760,2025-01-08T00:00:38Z,27.86983,-97.04519,0.0,52.2,199,57,116,17,2.8
367786550,2025-01-08T00:00:34Z,26.74899,-80.05058,0.0,253.9,,37,34,6,2.2
367451290,2025-01-08T00:00:01Z,30.07333,-90.90686,0.0,50.0,330,31,361,,2.8
368130050,2025-01-08T00:01:02Z,40.66219,-74.02186,19.6,19.3,16,60,29,8,
316011649,2025-01-08T00:01:05Z,49.31092,-123.08498,0.0,222.7,34,60,34,12,
338109326,2025-01-08T00:00:28Z,33.98151,-118.44905,0.0,158.8,,37,13,5,
367773360,2025-01-08T00:00:01Z,29.7933,-95.06677,0.0,257.5,30,52,20,10,2.5
366990040,2025-01-08T00:01:10Z,38.44332,-90.28307,0.0,174.0,15,31,26,12,2.8
305561000,2025-01-08T00:00:06Z,29.79005,-93.94875,11.0,162.1,161,70,145,18,7.7
338046328,2025-01-08T00:00:29Z,26.78035,-80.04026,0.0,0.0,,37,18,6,
367670870,2025-01-08T00:00:45Z,39.94428,-75.13274,0.0,,94,60,28,14,
367124390,2025-01-08T00:01:13Z,48.7145,-122.72476,8.1,335.0,335,54,36,9,3.0
338326628,2025-01-08T00:00:29Z,33.74891,-118.11419,0.1,254.6,,37,19,5,
369958000,2025-01-08T00:00:54Z,36.85352,-76.29869,0.0,358.5,212,33,64,14,4.7
367561070,2025-01-08T00:01:05Z,47.66361,-122.39174,0.0,,,30,33,8,3.0
538004109,2025-01-08T00:00:25Z,49.30876,-123.11682,0.0,275.9,121,70,229,32,8.2
368336160,2025-01-08T00:00:33Z,35.03204,-76.68608,0.0,71.4,159,36,12,4,
368329430,2025-01-08T00:00:23Z,30.07998,-94.08378,0.0,270.3,299,52,207,22,3.0
367456350,2025-01-08T00:01:10Z,35.2102,-90.06114,0.0,259.7,169,31,24,9,
338424008,2025-01-08T00:00:39Z,31.15168,-81.4995,0.0,,,37,14,4,
367526550,2025-01-08T00:01:02Z,29.78326,-95.07272,0.0,350.0,223,52,24,11,3.1
368208260,2025-01-08T00:00:39Z,28.40755,-80.62891,0.0,,263,36,14,4,
368020080,2025-01-08T00:00:48Z,27.80594,-80.45181,0.0,,,37,16,4,1.3
355211000,2025-01-08T00:01:09Z,46.10637,-122.95656,0.0,300.6,122,70,199,32,7.0
367531730,2025-01-08T00:00:03Z,40.7047,-73.97257,0.3,,,51,10,4,
368163710,2025-01-08T00:01:14Z,30.1119,-90.96137,0.0,322.3,96,57,224,54,3.7
366841000,2025-01-08T00:01:02Z,36.85346,-76.31083,0.0,0.0,39,70,198,32,7.8
366970140,2025-01-08T00:00:43Z,30.38975,-88.26654,0.0,,,30,27,7,
316005725,2025-01-08T00:00:19Z,49.31159,-123.10703,0.0,0.0,,52,18,7,3.0
368277570,2025-01-08T00:00:07Z,36.83519,-76.29619,0.2,,,60,19,7,
477947100,2025-01-08T00:00:00Z,32.71791,-79.80119,17.0,120.5,120,70,275,40,10.9
368163710,2025-01-08T00:00:04Z,30.11192,-90.96137,0.0,322.3,97,57,224,54,3.7
367319320,2025-01-08T00:00:08Z,38.40365,-82.55652,0.0,34.1,13,52,20,7,2.9
367061730,2025-01-08T00:00:02Z,39.89639,-75.19672,0.0,259.3,,52,28,10,
218284000,2025-01-08T00:00:39Z,32.20504,-79.11751,10.8,137.3,133,71,336,43,10.5
303398000,2025-01-08T00:00:05Z,47.98462,-122.22458,1.2,173.1,174,31,27,8,
367480260,2025-01-08T00:00:17Z,42.50356,-81.23382,8.4,92.1,91,52,248,20,6.4
367710250,2025-01-08T00:00:23Z,38.82831,-90.1088,0.0,,,31,14,5,
368362850,2025-01-08T00:00:15Z,29.67028,-94.22282,7.1,244.6,,57,16,7,
367382920,2025-01-08T00:01:11Z,30.38848,-81.5429,0.0,259.8,348,52,26,9,4.9
338446295,2025-01-08T00:00:46Z,25.79573,-80.14539,0.0,,,37,13,4,
368124380,2025-01-08T00:00:01Z,28.736,-95.82868,4.5,67.7,69,31,24,10,3.1
367435870,2025-01-08T00:00:52Z,37.51302,-122.19509,0.0,,,37,12,4,
338203383,2025-01-08T00:00:53Z,48.51093,-122.60947,0.0,,,60,10,4,
368101330,2025-01-08T00:00:47Z,26.3441,-80.073,0.0,0.0,,36,12,6,
311050300,2025-01-08T00:00:23Z,43.64086,-70.26576,0.0,80.5,60,69,92,16,4.3
368055920,2025-01-08T00:01:13Z,29.63377,-89.9195,0.0,334.7,7,52,144,43,2.4
367013040,2025-01-08T00:01:03Z,47.60488,-122.34073,0.0,,,60,27,8,2.0
366961460,2025-01-08T00:01:10Z,30.04121,-90.47649,3.3,330.2,316,52,56,16,3.6
367335830,2025-01-08T00:01:14Z,39.62163,-75.60058,10.6,197.9,197,52,23,9,4.6
367121010,2025-01-08T00:00:08Z,45.86264,-84.47255,10.9,262.7,264,70,305,32,7.5
316056446,2025-01-08T00:01:15Z,42.98304,-82.40972,0.1,,,99,15,5,
368323010,2025-01-08T00:00:11Z,29.6767,-94.97683,0.3,272.5,,52,19,7,2.5
366596000,2025-01-08T00:00:43Z,27.85007,-97.22149,0.0,65.2,195,54,64,13,4.0
368039730,2025-01-08T00:01:15Z,30.03495,-90.6869,2.3,217.0,,52,20,10,
367743410,2025-01-08T00:00:59Z,32.76335,-117.23931,0.1,24.8,,37,9,3,
367384780,2025-01-08T00:01:12Z,45.58752,-122.77025,0.3,63.2,160,52,23,10,
310758000,2025-01-08T00:01:00Z,25.31041,-80.29827,0.0,,,37,19,5,
366941850,2025-01-08T00:00:04Z,29.77328,-94.03877,7.2,232.2,,31,100,18,3.1
367420020,2025-01-08T00:01:01Z,21.31312,-157.86611,0.0,348.7,,30,,,
367517960,2025-01-08T00:00:03Z,29.74354,-95.09787,0.2,143.3,,31,18,6,
368023090,2025-01-08T00:00:58Z,26.05956,-80.1349,0.0,238.4,87,37,48,8,2.3
366952870,2025-01-08T00:00:03Z,40.64455,-74.07204,0.0,215.0,240,60,95,22,4.0
338131263,2025-01-08T00:00:38Z,32.77399,-79.92438,0.0,,,37,20,6,
368259470,2025-01-08T00:01:11Z,30.46807,-91.19285,0.0,,355,57,24,8,3.1
368006670,2025-01-08T00:00:02Z,29.83767,-93.95673,0.0,335.2,359,52,28,12,5.0
367369550,2025-01-08T00:00:02Z,31.14308,-81.49664,0.0,358.9,161,52,33,10,4.9
368209870,2025-01-08T00:01:03Z,29.77246,-93.34148,0.2,138.8,59,31,30,13,5.7
338439536,2025-01-08T00:00:03Z,30.28144,-87.68523,0.0,182.0,270,37,16,4,
367413350,2025-01-08T00:01:11Z,47.57949,-122.43085,6.6,224.5,218,31,31,8,4.5
366999859,2025-01-08T00:00:01Z,35.37095,-120.85865,0.0,117.5,,51,14,4,1.4
367162750,2025-01-08T00:00:06Z,29.94639,-90.00597,0.1,126.6,,30,17,5,
367442120,2025-01-08T00:01:11Z,29.77784,-93.34248,0.0,318.6,,50,22,6,
366943460,2025-01-08T00:00:03Z,39.8956,-75.19679,0.1,23.6,,31,33,12,6.0
367471780,2025-01-08T00:00:05Z,30.00887,-88.69814,3.0,142.1,,30,30,7,
367744130,2025-01-08T00:00:10Z,29.93378,-90.14268,0.2,353.0,,52,17,7,2.6
538005539,2025-01-08T00:01:12Z,42.45381,-70.78081,1.7,111.0,23,80,183,32,11.2
366744010,2025-01-08T00:00:05Z,41.29434,-72.90676,0.0,123.7,100,31,42,13,7.5
367564470,2025-01-08T00:00:04Z,35.10421,-90.08463,0.0,41.5,278,31,211,34,3.0
338423239,2025-01-08T00:00:19Z,39.5922,-74.43704,0.0,0.0,,37,19,6,
367746950,2025-01-08T00:00:02Z,27.82585,-97.49452,0.0,302.2,217,52,28,10,3.3
338130192,2025-01-08T00:00:21Z,33.9831,-118.44789,0.0,105.8,,37,13,5,
366997390,2025-01-08T00:00:04Z,30.13238,-85.71448,0.0,12.0,,52,20,8,2.5
368207620,2025-01-08T00:00:25Z,29.99661,-93.94969,0.0,99.9,202,52,28,12,2.8
367316630,2025-01-08T00:00:03Z,30.70473,-88.03944,0.0,314.7,349,52,28,10,
367584630,2025-01-08T00:00:03Z,30.35787,-88.50591,0.0,,,60,22,5,
367350060,2025-01-08T00:01:13Z,38.95769,-74.87444,0.0,,,30,23,8,3.0
368340870,2025-01-08T00:00:36Z,39.36673,-75.86207,0.1,,,37,13,7,
367357330,2025-01-08T00:00:17Z,30.80199,-81.51753,0.0,,,52,33,12,5.5
366997480,2025-01-08T00:00:02Z,46.75331,-92.09426,0.1,233.5,,31,28,7,3.9
366787440,2025-01-08T00:00:05Z,47.33886,-122.58754,0.0,,222,36,16,5,
368252640,2025-01-08T00:00:05Z,47.7235,-122.6414,0.0,23.7,,37,12,4,
367356340,2025-01-08T00:00:12Z,30.41314,-88.88021,0.1,129.5,,30,27,8,
319920000,2025-01-08T00:00:54Z,26.75083,-80.04995,0.0,270.8,91,37,49,8,2.4
636023379,2025-01-08T00:00:02Z,31.82625,-117.85223,17.2,10.0,7,73,366,51,14.8
366952870,2025-01-08T00:01:05Z,40.6448,-74.07149,0.0,309.0,60,60,95,22,4.0
368344660,2025-01-08T00:00:01Z,26.71618,-80.04942,0.0,,,36,14,8,
368165820,2025-01-08T00:00:40Z,33.72344,-118.28051,0.1,288.1,,50,10,4,
368348110,2025-01-08T00:01:05Z,40.65959,-74.03198,0.2,345.9,349,57,89,33,
368056120,2025-01-08T00:01:10Z,37.21328,-76.78995,,,321,65,90,22,
369371000,2025-01-08T00:00:55Z,28.81999,-93.86128,12.6,125.8,125,57,184,22,5.9
367429570,2025-01-08T00:00:14Z,38.58537,-90.20705,5.2,50.0,,52,18,8,2.8
367135470,2025-01-08T00:01:09Z,29.37562,-94.86736,0.0,117.0,284,52,26,10,3.0
563084400,2025-01-08T00:00:14Z,25.82412,-79.93442,8.8,187.3,186,71,347,42,12.1
636018659,2025-01-08T00:00:21Z,38.19741,-74.14884,13.7,197.9,204,74,304,40,12.6
477728400,2025-01-08T00:01:14Z,34.50771,-75.09588,16.4,29.3,22,71,300,43,10.6
367005070,2025-01-08T00:00:26Z,47.65825,-122.37796,0.0,120.2,86,90,27,7,
368247020,2025-01-08T00:00:02Z,38.94861,-74.90561,0.0,60.7,,30,16,8,
367617020,2025-01-08T00:00:04Z,41.61478,-71.40692,0.0,5.4,302,52,30,12,
368068970,2025-01-08T00:00:04Z,47.63838,-122.23175,0.0,258.8,,37,19,6,
367525740,2025-01-08T00:00:18Z,30.14681,-89.55695,5.2,80.3,78,31,119,18,2.8
368175910,2025-01-08T00:00:04Z,29.94138,-89.99806,4.9,114.7,,60,14,4,
367640860,2025-01-08T00:00:04Z,38.11057,-76.25571,9.9,162.6,159,31,28,8,
368015120,2025-01-08T00:00:04Z,47.65286,-122.31844,0.0,,227,37,17,5,
367503060,2025-01-08T00:00:06Z,29.84079,-91.95342,4.9,77.3,76,52,28,10,3.1
367449040,2025-01-08T00:00:06Z,29.67956,-94.20231,5.1,61.6,61,31,27,9,3.1
368280860,2025-01-08T00:00:37Z,36.60336,-121.89225,0.0,,,36,11,4,
367671160,2025-01-08T00:00:06Z,27.84759,-97.06163,0.0,324.4,229,31,139,34,3.3
367733250,2025-01-08T00:00:02Z,18.46013,-66.08811,0.0,178.9,,37,20,6,
367765140,2025-01-08T00:00:00Z,28.71622,-95.97675,3.2,206.3,,31,27,9,2.8
338480645,2025-01-08T00:00:00Z,37.01767,-76.34179,0.0,,,37,13,6,
367439810,2025-01-08T00:00:01Z,28.64213,-96.55052,0.0,223.5,133,31,80,12,2.8
367374630,2025-01-08T00:00:08Z,29.63839,-91.11553,4.9,274.4,299,31,116,34,3.1
367587070,2025-01-08T00:00:06Z,41.49839,-71.41589,0.3,30.8,,30,22,7,
338397949,2025-01-08T00:00:09Z,26.83155,-80.05552,0.1,142.4,,37,15,5,
338465795,2025-01-08T00:00:18Z,37.91101,-122.3814,0.0,,,37,12,5,
477019300,2025-01-08T00:01:11Z,36.78415,-75.70363,11.9,86.1,81,70,179,30,7.7
367369920,2025-01-08T00:00:05Z,29.83344,-93.95218,0.0,,,52,13,8,2.0
538005550,2025-01-08T00:00:07Z,29.06224,-94.67769,0.3,54.2,50,80,144,22,8.3
367565750,2025-01-08T00:00:04Z,34.24465,-119.26437,0.0,261.0,250,60,22,8,2.4
367777960,2025-01-08T00:00:37Z,27.81056,-97.34929,0.0,358.2,265,30,69,12,
671299100,2025-01-08T00:00:45Z,25.80418,-80.25578,0.0,342.2,,90,52,12,2.0
367497610,2025-01-08T00:00:47Z,41.47289,-74.00977,0.0,252.7,191,52,28,8,4.0
367748210,2025-01-08T00:00:03Z,25.77937,-80.18434,0.0,124.8,,37,24,9,
257263000,2025-01-08T00:01:03Z,47.54396,-122.52575,0.0,243.3,208,70,228,33,9.9
368262250,2025-01-08T00:00:04Z,29.92676,-89.96909,0.0,21.8,294,52,20,9,2.9
563104100,2025-01-08T00:01:09Z,36.27312,-123.98054,12.2,197.5,198,87,183,32,9.3
538070509,2025-01-08T00:00:52Z,26.11746,-80.14213,0.0,180.7,,37,38,8,2.1
367387930,2025-01-08T00:01:10Z,29.21907,-90.21895,0.0,306.2,,79,60,14,3.0
367431640,2025-01-08T00:01:24Z,30.21501,-91.06932,7.6,88.0,,52,20,8,3.0
366906550,2025-01-08T00:00:58Z,38.32745,-75.10338,0.0,24.2,,30,40,8,
367004740,2025-01-08T00:01:25Z,29.94441,-91.84174,0.0,0.0,,52,17,7,3.0
368061020,2025-01-08T00:01:02Z,40.56802,-73.9114,22.4,67.4,69,60,28,9,
338364358,2025-01-08T00:00:55Z,28.37234,-80.68985,0.0,,,37,41,14,
203246078,2025-01-08T00:00:59Z,18.33826,-64.93255,0.1,,,36,12,6,
366938770,2025-01-08T00:01:10Z,41.62857,-87.32122,4.6,62.5,58,70,215,23,8.7
368203780,2025-01-08T00:00:16Z,47.33109,-122.57903,0.0,,,37,10,3,
255806500,2025-01-08T00:00:57Z,47.58062,-122.36113,0.0,201.7,178,71,300,48,10.6
367702380,2025-01-08T00:01:12Z,30.0069,-90.79237,3.3,136.8,172,31,23,10,3.0
368237000,2025-01-08T00:01:13Z,18.21317,-65.5145,14.4,74.2,73,60,49,14,
371669000,2025-01-08T00:01:02Z,28.98349,-94.46681,13.7,319.1,320,80,225,36,8.0
218426000,2025-01-08T00:01:03Z,40.49206,-73.66838,0.3,214.1,287,71,366,48,14.1
367052120,2025-01-08T00:00:09Z,29.87569,-93.92632,7.9,40.5,43,31,117,18,3.3
367130000,2025-01-08T00:01:02Z,45.61764,-122.79,6.8,162.8,161,9,120,16,5.6
316021351,2025-01-08T00:00:13Z,49.29478,-123.1329,0.0,271.5,,60,38,10,5.4
366866750,2025-01-08T00:00:14Z,36.96365,-76.40962,0.0,167.8,,30,,,4.0
366940480,2025-01-08T00:00:08Z,47.66731,-122.38794,0.0,176.4,,30,33,9,4.0
563245200,2025-01-08T00:00:24Z,33.74563,-118.27196,0.0,187.3,207,74,366,51,15.3
367004740,2025-01-08T00:00:15Z,29.94441,-91.84174,0.0,0.0,,52,17,7,3.0
368075450,2025-01-08T00:00:47Z,29.2118,-95.03669,6.6,49.5,45,52,81,12,3.1
368070310,2025-01-08T00:01:11Z,30.00897,-93.97482,0.0,299.4,243,52,114,34,2.8
367583470,2025-01-08T00:01:14Z,29.84229,-91.94508,6.1,78.1,76,31,312,18,2.8
367786960,2025-01-08T00:00:16Z,48.51883,-122.62315,0.0,3.8,,37,11,4,
366998830,2025-01-08T00:01:26Z,45.64192,-122.77614,7.6,49.7,48,31,24,6,3.0
368152960,2025-01-08T00:00:20Z,27.69891,-82.7354,0.0,,,36,12,4,
338519276,2025-01-08T00:00:22Z,33.76232,-118.18293,0.0,,,37,15,4,
366842490,2025-01-08T00:00:22Z,43.01948,-124.53552,2.3,3.7,,30,5,,
367782040,2025-01-08T00:00:23Z,18.46246,-66.10318,0.0,296.9,,30,21,5,
212557000,2025-01-08T00:01:10Z,18.52744,-66.12793,7.2,183.6,183,70,222,30,10.4
367427670,2025-01-08T00:01:17Z,33.6107,-117.92576,0.1,323.9,,37,21,12,2.0
367327250,2025-01-08T00:01:17Z,46.16853,-123.914,0.0,198.1,,30,20,6,3.2
367444740,2025-01-08T00:01:08Z,29.62292,-91.04465,2.6,74.6,,31,205,22,3.2
319823000,2025-01-08T00:00:10Z,26.06085,-80.13099,0.0,124.0,110,37,42,8,2.4
367092230,2025-01-08T00:00:09Z,31.32881,-91.50977,4.5,16.1,16,31,427,55,3.5
636020501,2025-01-08T00:01:10Z,39.75877,-73.68395,6.4,352.5,344,71,334,43,10.8
367091120,2025-01-08T00:00:07Z,39.54618,-75.54517,1.0,22.8,,52,33,9,4.0
368043530,2025-01-08T00:01:11Z,47.63117,-122.38208,0.0,162.0,183,30,69,16,8.0
338926429,2025-01-08T00:00:28Z,33.72498,-118.26927,0.0,127.0,161,55,46,7,3.0
367778010,2025-01-08T00:01:10Z,29.79122,-95.06461,0.0,186.9,126,33,53,15,
219030726,2025-01-08T00:00:15Z,23.70049,-81.67042,11.0,267.7,269,80,249,44,9.4
338377767,2025-01-08T00:00:30Z,42.38166,-70.99415,0.1,,,37,13,4,
371705000,2025-01-08T00:00:46Z,25.80059,-80.25087,0.0,38.3,,70,288,45,2.0
368182510,2025-01-08T00:00:32Z,31.92957,-81.08063,0.0,,,37,19,6,
368391060,2025-01-08T00:00:17Z,29.96658,-93.85808,0.0,165.8,189,52,26,11,
368165310,2025-01-08T00:00:34Z,47.68013,-122.40889,0.0,,,37,18,5,
367390380,2025-01-08T00:01:22Z,47.63506,-122.32836,0.0,261.2,,30,90,13,7.0
368173380,2025-01-08T00:00:17Z,29.59891,-90.67144,0.0,267.2,,52,4,11,2.0
538006809,2025-01-08T00:00:48Z,29.32842,-94.5485,0.0,348.2,35,80,169,26,8.0
368354150,2025-01-08T00:00:36Z,33.61318,-117.91107,0.0,32.2,20,37,28,8,
316021351,2025-01-08T00:01:23Z,49.2948,-123.13291,0.0,271.1,,60,38,10,5.4
367680760,2025-01-08T00:01:04Z,28.67386,-95.99408,4.3,63.3,63,31,115,18,3.1
367615990,2025-01-08T00:01:09Z,29.31469,-94.77878,0.0,,,90,29,8,
258953000,2025-01-08T00:01:22Z,24.8732,-79.63373,10.9,8.5,9,80,144,24,9.1
367064470,2025-01-08T00:01:29Z,40.63679,-74.07268,0.0,214.9,87,31,32,8,
368134130,2025-01-08T00:01:23Z,29.99609,-93.94795,0.0,315.9,,52,24,12,3.1
477232200,2025-01-08T00:01:31Z,20.57561,-155.66954,19.8,65.3,66,71,366,48,15.3
367346050,2025-01-08T00:00:39Z,29.54749,-90.69383,0.0,66.7,268,34,60,13,4.2
316005998,2025-01-08T00:01:24Z,49.29138,-123.05835,0.0,322.1,57,30,57,13,5.5
366880790,2025-01-08T00:00:40Z,28.38791,-80.66761,0.1,0.0,175,37,12,4,
366989360,2025-01-08T05:27:08Z,37.93313,-122.4446,36.2,187.2,186,60,41,12,3.0
215677000,2025-01-08T00:00:48Z,36.96286,-76.42422,0.0,40.3,38,70,229,32,7.5
310806000,2025-01-08T00:00:58Z,29.74145,-93.86759,0.0,25.7,213,82,293,46,9.7
368257130,2025-01-08T00:01:09Z,46.00987,-122.84835,0.0,305.4,,60,15,4,
366985310,2025-01-08T00:00:07Z,37.85605,-122.4777,0.2,246.8,280,60,41,12,2.4
368052150,2025-01-08T00:00:44Z,47.66289,-122.38343,0.0,324.0,,36,10,2,
368005270,2025-01-08T00:00:48Z,47.26346,-122.63854,0.0,131.1,,37,9,4,
368102250,2025-01-08T00:00:57Z,30.13645,-93.31841,0.0,240.6,250,52,22,10,2.8
368612000,2025-01-08T00:01:05Z,47.56877,-122.52499,35.9,301.7,298,40,23,9,
366688000,2025-01-08T00:00:58Z,32.42946,-80.67386,0.0,328.8,,37,27,7,
367144080,2025-01-08T00:01:02Z,47.56159,-122.53482,0.0,256.5,250,31,40,8,5.0
636019071,2025-01-08T00:01:15Z,40.81533,-125.40233,12.8,352.5,350,80,250,44,8.9
368267210,2025-01-08T00:00:54Z,29.92415,-81.30286,0.0,14.3,331,36,12,6,
367175590,2025-01-08T00:01:09Z,46.16719,-123.91706,0.0,203.5,,30,21,6,
316034846,2025-01-08T00:01:15Z,42.11411,-83.12619,9.5,185.2,185,70,226,24,6.9
338126674,2025-01-08T00:01:00Z,33.71961,-118.27854,0.0,71.7,,36,17,4,
367001510,2025-01-08T00:01:11Z,29.93958,-90.35473,0.5,333.4,,31,17,7,2.5
316035956,2025-01-08T00:01:03Z,49.32593,-123.26533,31.5,120.6,120,97,13,4,
368350450,2025-01-08T00:01:05Z,29.64487,-94.93581,23.5,180.7,,,,,
316020868,2025-01-08T00:01:12Z,49.0056,-123.12691,1.2,74.2,107,52,26,12,5.4
316031354,2025-01-08T00:01:18Z,43.69855,-82.5099,12.9,353.5,352,70,226,24,6.5
369703000,2025-01-08T00:01:18Z,34.96579,-122.24084,10.9,327.7,329,52,179,23,6.4
368637000,2025-01-08T00:01:20Z,47.98956,-122.24808,0.1,74.3,174,52,35,12,3.7
338065188,2025-01-08T00:00:34Z,26.2835,-80.08476,0.0,356.4,,37,21,7,
367559840,2025-01-08T00:01:26Z,29.94033,-90.31139,0.0,339.8,,31,20,8,3.0
367136670,2025-01-08T00:01:26Z,30.33996,-91.15505,5.2,295.4,295,31,116,34,2.8
366617950,2025-01-08T00:00:40Z,41.63784,-70.90779,0.0,,,30,30,8,
367015490,2025-01-08T00:01:27Z,18.05367,-65.83657,0.1,,,31,21,10,2.5
338431559,2025-01-08T00:01:08Z,38.8378,-76.53349,0.0,,,37,18,5,
367612350,2025-01-08T00:01:30Z,29.13146,-90.19392,0.0,260.3,342,90,92,20,5.5
367473550,2025-01-08T00:01:10Z,28.16086,-96.88407,3.6,51.2,,31,189,18,
338107888,2025-01-08T00:01:05Z,32.13127,-81.13656,0.4,220.0,307,33,124,14,
338174473,2025-01-08T00:00:41Z,28.40879,-80.6023,0.1,166.5,,50,45,14,
368373170,2025-01-08T00:00:48Z,29.97124,-90.28259,0.0,50.4,254,57,17,8,
338383002,2025-01-08T00:00:49Z,26.15753,-80.10868,0.6,,,37,,,
368283540,2025-01-08T00:01:02Z,41.72453,-87.53996,0.0,186.8,182,52,20,7,3.1
368164080,2025-01-08T00:00:44Z,48.61029,-123.15602,0.0,,,37,16,5,
338433636,2025-01-08T00:00:45Z,28.40774,-80.67976,0.0,100.4,,37,14,4,
366943250,2025-01-08T00:01:11Z,25.77352,-80.17645,0.1,51.6,110,30,33,12,5.3
368084430,2025-01-08T00:01:20Z,31.01234,-91.61695,0.5,41.7,58,31,24,9,2.4
367456860,2025-01-08T00:01:24Z,29.93949,-90.31981,0.0,359.7,242,31,115,34,3.0
368081170,2025-01-08T00:01:10Z,36.84953,-76.31503,0.1,218.4,,52,23,9,3.0
338055631,2025-01-08T00:00:46Z,27.89319,-97.14814,0.0,,,37,20,6,
367023480,2025-01-08T00:01:20Z,39.81391,-75.40405,0.0,310.9,52,52,29,10,
338250173,2025-01-08T00:00:57Z,34.16181,-119.22288,0.0,,181,51,11,2,
366991260,2025-01-08T00:01:22Z,29.28485,-91.46115,3.6,36.1,,33,43,16,
367482160,2025-01-08T00:01:01Z,47.33034,-122.5757,0.2,172.6,,37,14,5,
368051050,2025-01-08T00:01:31Z,42.62312,-73.75698,0.0,27.5,20,30,131,24,5.3
215436000,2025-01-08T00:00:37Z,29.27573,-94.50574,0.2,109.4,39,80,180,26,7.4
255806355,2025-01-08T00:00:10Z,29.13127,-94.333,11.5,304.6,306,89,144,23,9.2
367396140,2025-01-08T00:00:52Z,29.75202,-95.16782,3.0,86.5,85,31,20,8,
319266300,2025-01-08T00:00:05Z,26.70348,-80.04559,0.0,43.6,,37,33,8,1.9
338379751,2025-01-08T00:00:29Z,48.50394,-122.60525,0.0,,,37,13,4,
367009410,2025-01-08T00:00:00Z,30.07719,-89.8437,0.0,209.5,,31,16,6,1.5
368067110,2025-01-08T00:01:01Z,47.56713,-122.50637,32.2,68.3,69,40,24,8,1.0
367622080,2025-01-08T00:00:35Z,47.62805,-122.39094,0.0,60.3,,36,14,4,
367031390,2025-01-08T00:00:01Z,36.83885,-76.29138,0.0,23.5,143,52,24,10,3.3
338172000,2025-01-08T00:00:02Z,34.17342,-119.7065,9.6,286.8,285,71,255,40,12.1
367133910,2025-01-08T00:01:16Z,33.76552,-118.25555,0.0,261.6,,51,22,8,4.0
367146780,2025-01-08T00:00:01Z,30.05896,-93.35507,0.0,237.7,160,31,119,34,2.8
369494407,2025-01-08T00:00:01Z,38.94851,-74.8897,0.1,116.2,,51,15,5,1.6
368258580,2025-01-08T00:00:01Z,27.83818,-97.05233,0.0,281.9,133,,23,7,
338495737,2025-01-08T00:00:35Z,27.77295,-82.62984,0.0,,,36,10,4,
367182120,2025-01-08T00:00:03Z,29.82946,-90.05409,0.0,328.5,234,31,25,9,2.9
367549180,2025-01-08T00:00:39Z,18.09406,-65.45583,0.1,70.7,,37,29,7,
367122360,2025-01-08T00:00:07Z,47.6291,-122.33292,0.0,,,60,32,7,1.2
367543160,2025-01-08T00:00:39Z,41.74834,-124.18398,0.0,,,30,19,8,
366869040,2025-01-08T00:00:39Z,30.38839,-88.82385,6.9,312.8,,30,28,9,
367702080,2025-01-08T00:00:04Z,29.94019,-90.17833,0.0,346.6,318,31,35,11,2.5
538072221,2025-01-08T00:00:43Z,18.45997,-66.08967,7.9,106.3,274,37,37,8,
368200880,2025-01-08T00:00:08Z,35.08264,-90.14264,0.0,0.0,32,56,31,8,
367659160,2025-01-08T00:00:08Z,38.87431,-77.02143,0.0,285.7,,60,32,8,1.2
368293190,2025-01-08T00:00:01Z,29.70607,-95.03744,0.0,5.0,191,52,116,34,3.2
368183000,2025-01-08T00:00:03Z,43.06387,-82.41492,10.7,5.0,5,70,193,21,8.1
367633260,2025-01-08T00:00:03Z,30.08772,-90.90673,0.0,135.6,333,52,18,12,2.7
367683680,2025-01-08T00:00:06Z,34.18897,-77.95654,7.3,11.5,,90,8,4,
368344380,2025-01-08T00:00:40Z,29.79104,-95.06417,0.0,0.0,306,57,25,10,2.8
368359620,2025-01-08T00:00:07Z,29.6568,-94.97039,0.5,307.5,,52,20,7,
368134930,2025-01-08T00:00:46Z,26.09254,-80.17656,0.0,304.2,,37,27,7,
245546000,2025-01-08T00:00:04Z,42.62531,-73.75597,0.0,240.6,20,70,168,25,9.0
369596000,2025-01-08T00:00:43Z,26.13407,-80.11899,0.0,243.0,89,37,144,7,
367731160,2025-01-08T00:00:02Z,40.41723,-74.03123,0.0,0.0,,60,19,7,
338353279,2025-01-08T00:00:44Z,37.97225,-122.48356,0.0,,,37,14,5,
311000341,2025-01-08T00:00:05Z,24.89958,-79.96214,14.4,199.2,201,60,326,55,8.6
338314276,2025-01-08T00:00:44Z,32.70726,-117.16754,0.0,283.3,,36,,,
371128000,2025-01-08T00:00:08Z,29.94906,-90.01902,10.0,303.1,302,70,229,32,7.3
369970321,2025-01-08T00:00:45Z,38.98351,-76.46849,0.0,247.9,,35,32,10,
368132340,2025-01-08T00:00:05Z,29.59448,-90.66338,0.0,304.8,112,30,205,44,2.5
338190366,2025-01-08T00:00:46Z,25.79463,-80.14528,0.0,159.2,,37,18,6,
367028770,2025-01-08T00:00:32Z,29.5461,-90.70061,0.0,335.6,,31,30,9,2.0
367145440,2025-01-08T00:00:45Z,27.81399,-97.41729,0.0,,296,52,22,10,2.7
367146780,2025-01-08T00:01:11Z,30.05895,-93.35506,0.0,237.7,160,31,119,34,2.8
368034790,2025-01-08T00:01:12Z,44.49408,-124.74289,8.5,353.7,351,32,38,10,4.0
215196000,2025-01-08T00:00:11Z,27.955,-87.03068,13.8,166.8,162,71,364,46,11.1
367590130,2025-01-08T00:00:55Z,29.54736,-95.04167,0.0,150.7,,36,16,6,
367332030,2025-01-08T00:00:50Z,46.81065,-90.8119,0.0,345.3,93,60,34,13,
367772970,2025-01-08T00:01:05Z,32.72604,-117.20679,0.0,292.1,164,36,12,7,
338167019,2025-01-08T00:00:58Z,47.26288,-122.35934,0.0,196.7,,37,16,5,
338219846,2025-01-08T00:00:56Z,27.49952,-82.57312,0.0,,,37,23,4,
367351520,2025-01-08T00:00:09Z,41.29416,-72.9062,0.0,8.5,297,52,23,8,3.0
368122290,2025-01-08T00:01:07Z,24.76179,-80.91239,0.0,233.3,233,37,20,3,
367103120,2025-01-08T00:00:38Z,29.25576,-89.35538,0.0,265.9,,99,36,7,2.8
367519420,2025-01-08T00:01:07Z,34.24568,-119.26224,0.0,0.0,,36,13,4,
367477410,2025-01-08T00:00:43Z,39.25552,-74.99365,0.1,205.6,142,39,20,8,3.3
368062970,2025-01-08T00:01:08Z,31.15102,-81.49971,0.1,318.1,,36,12,7,
366996910,2025-01-08T00:00:08Z,30.18583,-91.01355,0.0,358.8,330,52,21,9,2.6
338223442,2025-01-08T00:00:57Z,26.10383,-80.15375,0.0,,,37,10,4,
367156340,2025-01-08T00:01:01Z,45.64843,-124.01921,8.6,354.8,354,30,22,8,
319010200,2025-01-08T00:00:58Z,26.08606,-80.18661,0.4,324.8,79,37,30,6,2.5
367790830,2025-01-08T00:01:02Z,40.7165,-73.96916,13.9,20.7,21,60,26,8,2.0
304598000,2025-01-08T00:00:00Z,24.59653,-80.7478,10.3,46.7,42,70,100,18,5.6
368264460,2025-01-08T00:00:07Z,47.6811,-122.40573,0.0,334.2,213,36,13,4,
338302588,2025-01-08T00:00:18Z,32.71362,-117.23389,0.1,209.5,,37,,,
316004410,2025-01-08T00:00:18Z,48.36984,-123.72577,0.0,0.0,,30,19,6,
368306950,2025-01-08T00:00:20Z,47.62994,-122.39259,0.0,236.8,,37,66,6,
338475543,2025-01-08T00:00:07Z,30.63225,-81.47711,0.0,,,36,2,2,
368342310,2025-01-08T00:00:05Z,45.60161,-122.65616,0.0,332.1,115,37,15,5,
368316270,2025-01-08T00:00:12Z,24.56315,-81.73894,0.0,75.9,,36,16,7,
368176530,2025-01-08T00:00:11Z,25.40662,-79.87309,5.8,231.4,,37,15,8,
316011982,2025-01-08T00:01:09Z,49.12292,-123.18649,0.0,295.0,284,50,20,6,1.3
368264450,2025-01-08T00:00:11Z,47.66346,-122.39177,0.0,,,30,17,6,
338119263,2025-01-08T00:00:08Z,34.24978,-119.26389,0.0,88.3,,37,12,4,
368359690,2025-01-08T00:00:00Z,41.36997,-71.32919,0.0,198.7,299,70,80,20,10.0
367007540,2025-01-08T00:00:39Z,27.843,-97.07584,0.0,,,31,17,7,
367560890,2025-01-08T00:00:02Z,29.62648,-89.92074,0.0,223.7,,31,17,7,
338237373,2025-01-08T00:00:44Z,36.90426,-76.06942,0.0,,,37,12,5,
368330790,2025-01-08T00:00:05Z,28.7072,-95.92021,5.6,69.7,67,57,20,9,2.0
367540650,2025-01-08T00:00:48Z,45.60697,-122.6596,0.0,255.4,,37,14,6,
316028008,2025-01-08T00:00:15Z,49.24558,-123.2549,11.5,306.3,,60,11,6,1.5
368076520,2025-01-08T00:00:09Z,33.72449,-118.28243,0.0,,,37,12,5,
368293950,2025-01-08T00:00:15Z,25.64895,-80.27308,0.0,,,37,,,
367671080,2025-01-08T00:00:02Z,40.64126,-74.12983,0.0,200.2,209,52,28,12,4.6
316001104,2025-01-08T00:00:35Z,49.29049,-123.06087,0.0,226.3,320,52,25,10,
366989480,2025-01-08T00:00:02Z,30.30275,-91.22658,5.2,52.0,,31,70,11,
366934290,2025-01-08T00:01:02Z,47.26138,-122.43121,0.0,173.6,71,31,34,10,4.1
367601620,2025-01-08T00:00:03Z,29.76498,-95.09827,2.0,319.3,321,52,24,12,3.1
367086370,2025-01-08T00:00:01Z,29.94427,-91.842,0.1,353.4,,31,18,7,2.0
367352890,2025-01-08T00:00:01Z,36.86448,-76.32129,9.3,306.9,,31,29,10,4.0
368926258,2025-01-08T00:00:02Z,39.26698,-76.57952,0.0,246.2,,33,19,7,
366921670,2025-01-08T00:00:05Z,29.74159,-95.11106,0.0,326.8,,52,27,11,5.1
367541980,2025-01-08T00:00:06Z,30.25301,-88.60925,6.2,104.3,89,31,114,18,3.0
367581120,2025-01-08T00:00:04Z,29.75958,-95.11467,0.0,321.5,243,31,115,18,2.7
366983140,2025-01-08T00:00:09Z,30.04238,-90.84124,0.0,332.3,,52,32,8,
368328770,2025-01-08T00:00:04Z,27.91378,-97.13066,0.0,326.5,,60,32,8,
367624350,2025-01-08T00:00:42Z,29.22819,-90.21409,0.0,,,70,22,12,
367633250,2025-01-08T00:00:05Z,30.04436,-90.53811,0.0,211.7,272,52,12,8,3.0
316005616,2025-01-08T00:01:12Z,49.1874,-122.99534,5.5,130.3,,52,20,8,4.3
367614020,2025-01-08T00:00:06Z,43.37226,-124.21039,0.0,229.6,,31,22,6,3.0
368926258,2025-01-08T00:01:12Z,39.26696,-76.57952,0.0,246.2,,33,19,7,
366902350,2025-01-08T00:00:09Z,40.70303,-74.00653,0.1,356.2,,60,26,10,2.0
367518780,2025-01-08T00:00:00Z,47.55074,-122.61634,11.1,167.4,171,60,20,6,1.0
371085000,2025-01-08T00:00:07Z,33.62211,-125.63787,10.9,81.5,78,70,180,31,8.3
366826000,2025-01-08T00:00:09Z,26.07442,-80.02204,0.2,219.5,269,80,182,32,11.1
368330750,2025-01-08T00:00:37Z,29.70617,-95.04086,0.0,265.0,268,57,114,34,3.2
309373000,2025-01-08T00:00:42Z,49.48684,-123.46361,11.7,170.2,173,79,185,30,8.9
369992000,2025-01-08T00:00:58Z,46.77974,-92.09801,0.0,24.9,41,35,73,18,
367779550,2025-01-08T00:01:04Z,40.70318,-74.00536,3.3,245.7,243,60,26,8,2.0
538008493,2025-01-08T00:01:13Z,29.95882,-90.39492,9.7,355.6,357,70,199,32,11.0
368353820,2025-01-08T00:01:06Z,29.85606,-93.34663,7.7,182.9,,31,26,7,1.5
368359690,2025-01-08T00:01:10Z,41.36995,-71.3292,0.2,200.7,298,70,80,20,10.0
367756210,2025-01-08T00:01:11Z,29.7761,-93.9384,0.0,211.9,,31,17,8,2.5
366760610,2025-01-08T00:00:38Z,29.74948,-95.10809,0.0,286.2,,52,27,11,5.2
367508280,2025-01-08T00:00:04Z,29.94369,-90.38157,10.0,118.4,115,52,45,12,3.1
636024288,2025-01-08T00:00:11Z,30.12953,-90.91941,0.0,226.0,329,70,199,32,7.0
367070480,2025-01-08T00:00:11Z,17.74701,-64.69911,0.0,115.2,,31,21,8,3.0
367402520,2025-01-08T00:00:15Z,38.54363,-82.70222,5.3,306.2,306,31,35,10,3.3
367651380,2025-01-08T00:00:49Z,29.78637,-93.32631,0.0,275.5,216,70,58,15,4.0
366967450,2025-01-08T00:00:17Z,38.82618,-90.1155,0.0,200.0,14,52,44,14,2.8
366904380,2025-01-08T00:00:02Z,30.31696,-81.32813,3.4,60.5,52,32,33,10,4.6
368394280,2025-01-08T00:00:10Z,30.21758,-91.31753,0.0,163.2,350,,20,8,
367505010,2025-01-08T00:00:44Z,29.90544,-90.11399,0.0,293.0,272,31,117,34,3.7
368130870,2025-01-08T00:01:00Z,40.73521,-73.96708,20.7,179.1,179,60,27,8,2.0
338167484,2025-01-08T00:00:12Z,37.92419,-122.37269,0.0,0.0,,51,12,4,
367662450,2025-01-08T00:01:15Z,38.7293,-82.18926,9.8,166.4,,52,22,8,2.6
368149820,2025-01-08T00:00:52Z,30.49126,-86.1397,0.0,59.0,144,57,121,34,2.9
338748000,2025-01-08T00:00:27Z,29.64381,-91.11931,0.0,160.1,334,90,88,19,5.9
366963430,2025-01-08T00:00:00Z,38.46444,-82.60621,0.0,185.1,158,52,44,20,3.0
303179000,2025-01-08T00:00:01Z,39.20858,-76.5825,0.0,61.3,280,32,38,10,4.6
366902320,2025-01-08T00:00:04Z,40.76333,-74.01081,22.4,34.6,,60,26,9,2.0
368274280,2025-01-08T00:00:00Z,30.09511,-91.30984,0.0,249.8,,52,26,11,2.8
368274280,2025-01-08T00:00:00Z,30.09511,-91.30984,0.0,249.8,,52,26,11,2.8
366972000,2025-01-08T00:00:00Z,45.56637,-122.72672,0.0,126.7,125,33,110,20,9.0
368317880,2025-01-08T00:00:02Z,24.65415,-81.84845,10.2,83.1,77,60,74,17,2.0
367684610,2025-01-08T00:00:01Z,39.11932,-84.70753,0.0,149.9,232,31,18,8,2.6
367002380,2025-01-08T00:00:03Z,30.11526,-90.99672,0.0,3.6,,31,20,9,9.0
366960460,2025-01-08T00:00:05Z,29.82881,-93.95557,6.5,34.2,,31,19,8,
367481540,2025-01-08T00:00:05Z,25.65046,-81.8747,4.7,338.6,,31,33,10,3.0
367057650,2025-01-08T00:00:00Z,30.69476,-91.3479,8.0,174.3,175,31,483,55,3.2
338511878,2025-01-08T00:00:01Z,29.95242,-90.06252,0.0,285.1,,,30,16,
367385630,2025-01-08T00:00:35Z,39.2841,-76.61174,0.0,54.1,,69,37,10,3.0
367629590,2025-01-08T00:00:02Z,27.84498,-97.51831,0.0,347.3,131,31,21,8,
368230530,2025-01-08T00:00:40Z,29.72825,-95.02191,0.0,,,52,15,5,
368267670,2025-01-08T00:00:15Z,48.38248,-122.51415,0.0,261.4,,37,9,3,
366970430,2025-01-08T00:00:17Z,46.18972,-123.85402,0.0,3.5,,60,19,6,
338225389,2025-01-08T00:00:18Z,38.10789,-121.60099,0.0,301.3,,36,15,4,
338403986,2025-01-08T00:00:19Z,33.75176,-118.11218,0.0,221.8,,36,12,4,
366885040,2025-01-08T00:00:22Z,43.34521,-124.32201,0.0,37.7,,37,20,7,
338335196,2025-01-08T00:00:27Z,33.75913,-118.18786,0.0,250.0,,37,12,4,
316002718,2025-01-08T00:00:33Z,48.37393,-123.71894,0.0,,,30,17,5,
316021723,2025-01-08T00:00:34Z,48.41908,-123.38785,0.0,91.9,,54,14,5,
368117340,2025-01-08T00:00:34Z,30.29553,-87.62917,0.0,,,37,16,3,
368333050,2025-01-08T00:00:35Z,37.78384,-122.26481,0.0,,,36,12,8,
338338405,2025-01-08T00:00:36Z,32.72656,-117.19137,0.0,,,37,14,5,
368036740,2025-01-08T00:00:38Z,30.38927,-88.86011,0.0,156.1,,60,26,5,
338311787,2025-01-08T00:00:41Z,38.83816,-76.54495,0.5,58.6,,37,11,4,
368092860,2025-01-08T00:00:39Z,28.87602,-95.43514,0.0,36.8,58,57,114,18,3.0
367383070,2025-01-08T00:00:44Z,29.82041,-89.60903,0.6,278.1,,60,14,3,
316047881,2025-01-08T00:00:17Z,48.43032,-123.37584,0.0,305.3,305,79,24,11,3.8
367161150,2025-01-08T00:00:36Z,30.70754,-88.03677,0.0,49.6,178,31,119,18,3.0
368247290,2025-01-08T00:00:06Z,29.99804,-90.79286,4.1,228.1,,57,146,44,3.0
367696640,2025-01-08T00:00:03Z,29.73173,-95.13443,0.0,281.7,,31,16,8,2.5
367657950,2025-01-08T00:00:07Z,32.08638,-81.09521,0.0,70.5,,52,20,7,2.3
339232000,2025-01-08T00:00:05Z,18.47052,-64.57864,5.6,244.7,,37,37,8,1.9
367406730,2025-01-08T00:00:56Z,32.7265,-117.2029,0.0,,,37,14,3,
367002380,2025-01-08T00:01:12Z,30.11525,-90.99669,0.0,34.2,,31,20,9,9.0
366983080,2025-01-08T00:00:58Z,29.93663,-90.33467,0.1,224.3,,52,32,8,4.1
338426098,2025-01-08T00:01:00Z,32.71572,-117.2337,0.0,,,36,12,4,
367003390,2025-01-08T00:01:13Z,30.16868,-89.45403,6.8,82.2,76,52,22,10,2.9
338131743,2025-01-08T00:00:54Z,48.75735,-122.50553,0.1,349.5,,36,11,4,
368063940,2025-01-08T00:00:02Z,30.07031,-93.34287,0.0,307.6,,57,118,34,3.6
368260830,2025-01-08T00:01:05Z,37.84066,-122.37421,10.9,145.7,141,57,26,10,2.8
321012345,2025-01-08T00:01:05Z,26.09539,-80.16979,0.0,151.4,,37,20,5,2.0
368132990,2025-01-08T00:00:02Z,29.92579,-89.98226,0.0,24.3,277,57,117,18,2.8
368157130,2025-01-08T00:01:05Z,30.74197,-88.04022,5.9,9.9,12,57,22,9,3.0
367773660,2025-01-08T00:00:56Z,29.54371,-95.02027,0.0,,,36,14,8,
636022956,2025-01-08T00:00:31Z,40.66952,-74.14165,0.0,285.8,27,74,272,42,12.3
338364000,2025-01-08T00:00:07Z,29.77702,-95.07731,0.0,191.5,286,52,64,11,3.1
368363180,2025-01-08T00:00:07Z,30.53051,-88.11041,0.0,251.0,,31,24,8,2.8
368289330,2025-01-08T00:00:09Z,30.02859,-94.03308,0.0,336.3,352,52,273,21,3.3
369230000,2025-01-08T00:00:02Z,40.88153,-73.93436,0.0,,15,52,32,12,4.6
368293210,2025-01-08T00:01:07Z,18.33698,-64.94017,0.0,,,36,14,7,
367725870,2025-01-08T00:00:03Z,41.38717,-73.95124,3.9,203.3,,52,22,9,3.0
368260460,2025-01-08T00:00:24Z,26.71507,-80.04923,0.0,,,37,28,6,
636012804,2025-01-08T00:00:30Z,27.93245,-82.43408,0.0,110.0,180,80,204,32,9.9
338165277,2025-01-08T00:00:26Z,18.46023,-66.08927,0.0,,,37,9,4,
316049466,2025-01-08T00:00:26Z,48.67493,-123.41881,0.0,0.0,125,37,13,3,
338368401,2025-01-08T00:00:26Z,37.87077,-122.49788,0.0,70.5,,36,13,4,
563471000,2025-01-08T00:01:02Z,29.61271,-95.00444,0.0,163.0,90,70,255,37,12.2
338116207,2025-01-08T00:00:27Z,48.49265,-122.67988,0.0,,,37,8,6,
338401516,2025-01-08T00:00:02Z,28.61745,-80.80029,0.1,,,37,17,5,2.0
366998840,2025-01-08T00:00:07Z,33.75403,-118.2646,2.9,39.2,37,52,30,11,4.2
366516370,2025-01-08T00:00:40Z,41.16683,-73.16952,0.1,49.2,286,52,118,22,4.6
338245991,2025-01-08T00:00:27Z,26.39055,-80.06865,0.0,281.1,,37,21,4,
316002054,2025-01-08T00:00:14Z,49.19319,-122.92024,0.0,252.3,,90,11,5,
367627370,2025-01-08T00:00:30Z,29.24175,-89.07596,0.0,253.1,,90,40,25,4.0
368099770,2025-01-08T00:00:27Z,29.30703,-91.53392,0.1,304.7,,39,12,5,2.0
368298190,2025-01-08T00:00:42Z,47.62828,-122.39056,0.0,110.6,,37,11,4,
338394616,2025-01-08T00:00:41Z,27.68934,-82.72201,0.0,0.0,149,37,20,6,
303436000,2025-01-08T00:00:33Z,48.12539,-123.4436,0.0,286.3,113,79,70,15,4.3
338189257,2025-01-08T00:00:46Z,32.68035,-117.17475,0.0,,,37,11,4,
368067420,2025-01-08T00:00:41Z,27.79627,-97.389,0.0,0.0,183,37,12,4,
366999520,2025-01-08T00:00:08Z,34.96466,-90.28456,0.1,151.0,309,99,22,6,1.4
368803000,2025-01-08T00:00:04Z,29.31501,-94.79723,0.0,0.0,335,90,53,13,2.8
367765240,2025-01-08T00:00:11Z,37.77733,-122.29912,0.0,102.8,92,60,41,12,2.1
538006208,2025-01-08T00:00:39Z,32.07937,-81.05169,0.0,205.3,278,70,200,32,11.3
367511240,2025-01-08T00:00:36Z,27.485,-96.35403,9.2,297.8,297,90,52,14,4.0
538008270,2025-01-08T00:00:41Z,30.47788,-91.19447,0.0,135.0,4,80,183,32,8.1
367444220,2025-01-08T00:00:05Z,29.9141,-89.97375,0.0,105.0,,52,21,8,2.3
367313760,2025-01-08T00:00:00Z,39.76119,-74.1107,0.0,144.3,,60,18,6,
368555000,2025-01-08T00:00:00Z,47.63133,-122.38375,0.0,1.6,1,30,101,14,7.0
368374830,2025-01-08T00:00:00Z,48.30545,-123.38234,6.3,179.4,156,37,14,6,
338494843,2025-01-08T00:00:01Z,42.33895,-70.95166,11.7,253.4,263,50,15,4,
367507220,2025-01-08T00:00:07Z,29.96823,-90.39843,0.0,240.6,356,31,213,18,2.9
368243680,2025-01-08T00:00:09Z,45.6089,-122.67284,0.0,0.0,,37,8,3,
368269180,2025-01-08T00:00:11Z,48.28603,-122.6365,0.0,,,37,8,4,
338478491,2025-01-08T00:00:11Z,33.84729,-118.39688,0.0,,,37,14,4,
338160209,2025-01-08T00:00:00Z,34.40719,-119.69199,0.0,106.3,,36,11,4,
316013688,2025-01-08T00:00:00Z,49.29943,-123.04287,0.0,326.7,,31,13,5,3.8
338513734,2025-01-08T00:00:00Z,26.05968,-80.12874,0.0,,,37,14,8,
316018117,2025-01-08T00:00:01Z,49.29254,-123.12699,0.0,153.4,45,37,24,6,
338504042,2025-01-08T00:00:10Z,30.46933,-86.13686,0.0,,,37,13,6,
367349940,2025-01-08T00:00:44Z,45.65154,-84.46954,0.0,250.8,115,52,21,6,3.0
367679730,2025-01-08T00:00:05Z,47.65685,-122.37961,0.0,176.0,,30,18,5,
367501660,2025-01-08T00:00:08Z,29.30883,-94.81025,0.0,257.1,92,31,208,18,2.5
636016415,2025-01-08T00:01:08Z,38.30388,-74.29228,2.8,160.3,240,72,243,32,10.8
367631990,2025-01-08T00:00:03Z,29.96008,-90.23583,8.0,119.6,,52,19,8,3.0
338466523,2025-01-08T00:00:02Z,38.87524,-77.02256,0.0,213.1,,37,15,5,
338475597,2025-01-08T00:00:08Z,38.95771,-76.47463,0.1,,,37,15,5,
368332760,2025-01-08T00:00:01Z,29.61375,-94.99598,7.6,273.3,276,52,25,10,
368130110,2025-01-08T00:00:00Z,48.98847,-122.77026,0.0,,,37,12,4,
368283210,2025-01-08T00:00:02Z,31.15046,-81.50002,0.0,286.9,,36,13,8,
368149710,2025-01-08T00:00:02Z,33.61549,-117.90134,0.0,,,37,15,5,
367650780,2025-01-08T00:00:03Z,47.62736,-122.38213,0.1,206.0,179,30,57,16,7.7
366984850,2025-01-08T00:00:03Z,38.17732,-90.30926,6.3,94.0,103,31,357,33,2.8
369493679,2025-01-08T00:00:04Z,30.04809,-90.12465,0.5,130.8,,51,14,4,1.0
367638790,2025-01-08T00:00:04Z,48.49384,-122.68114,0.0,,,37,20,6,
367373920,2025-01-08T00:00:04Z,42.3598,-71.04866,0.1,,,60,18,7,
374101000,2025-01-08T00:00:07Z,49.29749,-123.19772,0.0,320.0,77,70,229,32,11.2
367660160,2025-01-08T00:00:04Z,30.6919,-88.03722,0.1,295.1,,60,30,12,
377409000,2025-01-08T00:00:05Z,30.66532,-81.5046,0.0,0.0,,37,21,6,
367727190,2025-01-08T00:00:08Z,32.71098,-117.23382,0.0,,,37,24,6,
367614860,2025-01-08T00:01:12Z,29.99442,-93.77957,3.8,67.2,67,31,120,34,2.9
368147680,2025-01-08T00:00:02Z,43.85775,-67.59436,2.2,276.2,321,30,21,7,
367170990,2025-01-08T00:00:22Z,29.93507,-90.18351,0.0,300.5,,52,20,8,3.0
538005740,2025-01-08T00:00:34Z,29.31668,-94.51013,0.0,111.0,33,89,144,23,6.5
245890000,2025-01-08T00:00:37Z,29.74342,-95.2827,0.0,313.1,141,70,119,16,5.9
378112853,2025-01-08T00:00:48Z,48.62236,-123.14092,0.1,71.5,,37,19,10,
368245570,2025-01-08T00:00:57Z,24.56059,-81.78236,0.0,0.0,,37,13,6,
338100112,2025-01-08T00:00:54Z,45.48441,-122.67199,0.0,139.8,,37,8,3,
368141510,2025-01-08T00:01:05Z,40.66777,-74.04462,17.0,28.8,24,60,26,8,
338177881,2025-01-08T00:00:57Z,48.61024,-123.15474,0.0,,,37,15,5,
367648440,2025-01-08T00:01:12Z,47.29575,-122.42353,0.0,322.4,,36,13,4,
367505770,2025-01-08T00:01:14Z,30.40157,-91.20466,0.0,314.0,37,30,278,44,3.1
366995670,2025-01-08T00:01:02Z,28.95002,-95.33157,0.1,229.0,196,31,78,15,2.3
367456840,2025-01-08T00:01:16Z,30.39539,-91.21082,6.2,35.7,33,31,288,24,3.0
368304040,2025-01-08T00:01:04Z,26.09345,-80.17147,0.1,,,37,20,6,
338445217,2025-01-08T00:01:03Z,28.40857,-80.63023,0.0,,,37,8,2,
367774160,2025-01-08T00:01:21Z,30.07965,-90.9036,0.0,303.5,337,31,415,55,3.2
368007760,2025-01-08T00:01:22Z,47.99792,-122.21675,0.0,275.7,,37,20,6,2.0
368396890,2025-01-08T00:01:23Z,46.19617,-123.79802,0.1,,39,52,17,5,
367088210,2025-01-08T00:00:03Z,30.42524,-88.51188,0.0,21.7,47,30,50,10,
368309830,2025-01-08T00:00:56Z,48.75467,-122.5039,0.0,11.5,63,37,16,4,
367316130,2025-01-08T00:00:45Z,29.54435,-89.86332,0.0,261.4,,31,16,6,1.5
338081579,2025-01-08T00:01:12Z,33.72085,-118.28048,0.0,102.5,,37,13,4,
368142710,2025-01-08T00:00:06Z,30.02471,-90.47503,2.5,355.1,,31,20,8,9.6
367564450,2025-01-08T00:00:58Z,26.74696,-80.04509,0.0,224.6,202,36,,,
367447060,2025-01-08T00:00:51Z,48.39802,-122.62707,0.0,20.4,,37,15,5,
366762020,2025-01-08T00:01:00Z,33.98233,-118.4496,0.1,234.8,,37,18,5,
367183020,2025-01-08T00:01:04Z,29.99089,-93.9307,5.4,281.2,282,52,26,10,4.5
338165737,2025-01-08T00:00:10Z,33.91776,-78.02925,0.0,38.7,,,,,
352001173,2025-01-08T00:01:01Z,43.1172,-70.81083,0.4,301.0,136,70,145,25,8.9
338518741,2025-01-08T00:00:14Z,33.75187,-118.1102,0.0,,,37,12,4,
367365380,2025-01-08T00:00:13Z,40.64151,-74.13123,0.0,254.7,223,52,25,9,3.0
367688280,2025-01-08T00:00:15Z,29.76678,-95.10089,0.1,49.6,240,31,188,17,2.9
368196090,2025-01-08T00:00:14Z,33.99877,-77.95211,1.7,71.4,,33,17,11,
367710540,2025-01-08T00:00:28Z,29.64025,-91.11589,0.0,304.8,193,60,90,16,2.5
368309690,2025-01-08T00:00:16Z,30.69142,-81.45664,0.0,,,36,18,6,
369970411,2025-01-08T00:01:07Z,46.19082,-123.74638,0.0,258.9,33,52,36,10,5.0
338473688,2025-01-08T00:00:17Z,47.61238,-122.21475,0.0,,,37,13,5,
367662460,2025-01-08T00:00:15Z,38.47265,-81.81781,0.0,105.2,,52,22,7,1.8
368103360,2025-01-08T00:00:56Z,36.82348,-76.28839,0.0,184.1,341,31,22,8,4.0
368224220,2025-01-08T00:00:32Z,29.25506,-89.96993,0.0,,,70,56,12,11.6
367705440,2025-01-08T00:00:26Z,32.71796,-117.22712,0.0,,,37,18,5,
338455211,2025-01-08T00:01:05Z,30.14562,-85.7275,0.0,,,37,19,6,
366888160,2025-01-08T00:01:04Z,47.65612,-122.36625,0.0,332.3,,30,22,8,2.0
367059310,2025-01-08T00:00:39Z,29.74663,-95.11132,0.1,230.2,59,31,84,33,3.0
367726430,2025-01-08T00:00:56Z,26.09134,-80.17842,0.0,285.0,,37,36,8,
369116000,2025-01-08T00:00:55Z,40.75522,-74.01357,0.1,338.9,,37,61,17,
316021988,2025-01-08T00:01:06Z,49.29498,-123.13321,0.0,267.7,,60,24,7,2.0
210296000,2025-01-08T00:01:13Z,27.63306,-82.56084,0.0,201.8,89,79,133,19,7.4
366996120,2025-01-08T00:01:17Z,29.85165,-90.06285,0.0,154.7,163,52,47,14,3.1
368226890,2025-01-08T00:01:07Z,38.94885,-76.55495,0.1,,,37,11,8,
366863870,2025-01-08T00:01:16Z,41.09148,-72.36018,7.2,169.9,,69,40,14,2.0
368089060,2025-01-08T00:01:08Z,47.53556,-122.24361,0.0,250.4,,37,26,6,
338344375,2025-01-08T00:01:10Z,32.71389,-117.22989,0.0,155.0,,37,16,5,
371090000,2025-01-08T00:00:08Z,41.98828,-129.69177,12.0,166.8,165,70,199,32,13.1
303656000,2025-01-08T00:01:12Z,39.34917,-125.25099,13.6,333.5,333,80,287,50,10.5
367599260,2025-01-08T00:00:19Z,29.77868,-93.34104,3.8,224.0,221,70,57,12,3.3
316018634,2025-01-08T00:00:24Z,49.2313,-122.77115,0.1,319.6,0,31,13,5,
366986680,2025-01-08T00:00:38Z,29.7929,-95.06685,0.0,260.5,,31,21,7,2.9
367368410,2025-01-08T00:00:35Z,27.51187,-82.55789,0.0,24.6,,37,19,5,
636015034,2025-01-08T00:01:11Z,29.82338,-90.00115,2.0,0.9,15,70,225,32,7.4
338438311,2025-01-08T00:00:03Z,29.54624,-95.04408,0.0,113.7,169,36,13,4,
367795630,2025-01-08T00:00:14Z,30.26725,-88.37782,7.6,255.5,,30,29,8,
368118790,2025-01-08T00:00:13Z,48.49975,-122.6023,0.0,154.3,,37,13,5,
367401940,2025-01-08T00:00:00Z,47.5962,-122.24468,0.0,189.3,,37,12,8,
367751160,2025-01-08T00:00:01Z,30.31154,-88.07632,5.8,58.9,52,31,208,18,3.1
215139000,2025-01-08T00:00:20Z,27.63344,-82.55882,0.0,65.2,359,70,179,30,9.3
636022781,2025-01-08T00:00:03Z,28.03417,-92.80087,0.7,293.5,341,70,200,32,7.5
366997880,2025-01-08T00:00:07Z,29.93267,-90.1845,4.6,226.0,233,52,22,8,3.1
367505050,2025-01-08T00:00:08Z,30.04043,-90.67587,0.0,325.2,236,31,26,11,2.8
338325676,2025-01-08T00:00:09Z,48.49181,-122.68019,0.0,,,37,11,4,
338493776,2025-01-08T00:00:13Z,34.25873,-119.2669,0.0,,,37,12,4,
368316640,2025-01-08T00:00:16Z,29.64563,-90.30833,5.4,268.5,271,52,24,10,2.9
368238840,2025-01-08T00:00:17Z,26.83189,-80.05464,0.0,205.0,314,37,24,6,
367560930,2025-01-08T00:00:21Z,29.75844,-95.09798,0.0,11.6,294,31,119,34,3.1
368119960,2025-01-08T00:00:25Z,32.7122,-117.2227,4.8,81.2,78,36,16,5,
371228000,2025-01-08T00:01:06Z,19.99063,-68.33879,16.6,168.5,169,71,337,46,13.3
367392650,2025-01-08T00:00:26Z,32.72376,-117.22431,0.2,,357,37,17,5,
367637760,2025-01-08T00:01:10Z,29.3132,-94.80955,0.0,320.2,,31,207,17,3.1
356727000,2025-01-08T00:00:29Z,40.5034,-73.61365,0.3,183.3,299,70,137,23,6.7
369494418,2025-01-08T00:01:12Z,42.36758,-71.05072,0.1,266.0,46,51,15,5,1.0
368132790,2025-01-08T00:00:12Z,29.62855,-89.91252,0.4,329.3,,60,12,5,
368102470,2025-01-08T00:01:16Z,30.06362,-90.88028,0.0,61.8,,52,23,8,3.0
338472013,2025-01-08T00:00:15Z,48.75679,-122.49668,0.0,,,37,13,4,
367692120,2025-01-08T00:00:02Z,28.6088,-96.16895,3.8,236.9,,31,114,18,3.0
338253346,2025-01-08T00:00:17Z,18.2869,-65.63571,0.0,209.5,,37,21,8,
367166490,2025-01-08T00:00:17Z,30.11711,-90.99481,2.4,138.5,,50,,,
441302000,2025-01-08T00:00:07Z,31.09325,-117.45999,14.4,335.0,338,79,199,32,9.2
338462008,2025-01-08T00:00:23Z,32.79834,-117.35327,0.8,315.1,,37,4,2,
366801510,2025-01-08T00:00:24Z,29.60752,-85.31592,2.3,210.6,,30,22,8,
367395330,2025-01-08T00:00:28Z,33.61548,-117.90288,0.0,281.3,,37,26,6,
477950300,2025-01-08T00:00:01Z,40.47919,-73.60924,0.6,54.8,320,74,366,48,15.2
367521460,2025-01-08T00:00:32Z,36.96887,-76.41449,0.0,0.0,,30,24,8,
367770070,2025-01-08T00:00:33Z,48.03112,-122.74415,0.0,322.6,,37,16,5,
367761110,2025-01-08T00:00:33Z,26.89425,-82.06745,0.0,116.6,,36,12,7,
367481570,2025-01-08T00:00:00Z,38.58682,-90.20199,0.1,311.5,37,52,22,10,2.7
368351090,2025-01-08T00:00:48Z,48.4969,-122.60407,0.0,355.7,58,37,10,3,
316022999,2025-01-08T00:00:49Z,30.14581,-85.72912,0.0,215.3,,37,20,3,
432839000,2025-01-08T00:00:03Z,34.04756,-119.27018,7.3,195.9,199,70,199,32,8.2
338378549,2025-01-08T00:00:49Z,36.83175,-76.29612,0.0,,,36,17,5,
338310878,2025-01-08T00:00:44Z,47.64628,-122.31144,0.0,,,37,14,7,
367584050,2025-01-08T00:00:04Z,41.51816,-71.35293,0.0,349.2,,63,41,9,
338454981,2025-01-08T00:00:48Z,33.97573,-118.44971,0.1,,,36,15,5,
368030310,2025-01-08T00:00:48Z,25.31096,-80.28018,0.0,134.7,,37,26,6,
367044250,2025-01-08T00:00:04Z,34.24015,-119.26193,0.0,,,60,25,6,
368344570,2025-01-08T00:00:57Z,41.63852,-70.91846,0.0,,280,30,34,9,
338389628,2025-01-08T00:00:51Z,25.85514,-80.1728,0.0,,,37,14,5,
366766840,2025-01-08T00:00:38Z,32.60494,-79.02557,6.3,52.0,49,52,40,10,5.0
368158150,2025-01-08T00:00:51Z,33.97552,-118.45709,0.0,,,36,14,8,
367597740,2025-01-08T00:00:55Z,26.11511,-80.11771,0.0,154.7,183,36,30,5,
636021961,2025-01-08T00:00:06Z,48.7745,-123.03337,11.5,228.9,235,80,243,44,12.8
367351760,2025-01-08T00:00:05Z,29.8647,-89.92889,0.0,,,60,11,4,
367632260,2025-01-08T00:01:06Z,47.66673,-122.38944,0.0,258.1,2,30,36,10,3.7
367004050,2025-01-08T00:00:02Z,29.73002,-95.01991,0.0,248.7,286,31,205,18,3.0
338426709,2025-01-08T00:00:59Z,27.49966,-82.57247,0.0,,,36,15,5,
367615680,2025-01-08T00:00:04Z,29.65891,-94.97213,7.2,338.8,342,30,115,34,3.1
366934050,2025-01-08T00:00:05Z,29.8053,-91.82016,5.5,341.6,342,31,115,34,3.2
368073280,2025-01-08T00:00:05Z,29.74433,-95.09608,0.0,96.9,54,31,19,8,
367096360,2025-01-08T00:01:08Z,30.0592,-93.49227,6.1,85.9,83,31,25,10,2.9
367444940,2025-01-08T00:00:14Z,29.23584,-90.211,0.0,51.7,,69,49,10,1.8
368343450,2025-01-08T00:00:59Z,26.0017,-80.12175,0.0,,,37,18,6,
366921080,2025-01-08T00:01:10Z,29.85092,-89.98309,0.0,229.6,,52,32,8,4.0
316021215,2025-01-08T00:01:00Z,25.94505,-80.13704,0.0,265.0,,37,25,5,
368003760,2025-01-08T00:01:10Z,30.27714,-81.71329,0.0,118.3,,37,18,5,
378114289,2025-01-08T00:01:01Z,25.82986,-80.1225,0.0,115.2,,37,,6,
368293260,2025-01-08T00:00:02Z,30.34403,-88.50728,0.0,29.8,180,52,27,12,5.0
367533950,2025-01-08T00:00:25Z,37.91334,-122.35055,0.0,,,30,27,6,
367734870,2025-01-08T00:00:04Z,47.62889,-122.39204,0.0,215.2,268,37,19,6,
368347360,2025-01-08T00:00:46Z,26.09134,-80.17104,0.0,,,37,21,6,
367778530,2025-01-08T00:00:35Z,46.20581,-123.38664,0.0,207.4,,30,22,6,2.8
366554000,2025-01-08T00:00:21Z,33.72383,-118.27967,0.0,291.0,249,60,20,8,3.0
367095450,2025-01-08T00:01:09Z,30.7949,-88.01245,1.2,15.0,18,32,48,11,3.3
368263040,2025-01-08T00:00:39Z,26.08461,-80.18377,0.0,,,37,30,5,
367389540,2025-01-08T00:01:12Z,27.81504,-97.4205,0.0,245.0,265,31,205,18,3.0
319141900,2025-01-08T00:00:39Z,27.32263,-82.56771,0.1,333.7,194,37,16,7,
367367620,2025-01-08T00:01:02Z,29.41279,-94.73405,0.1,229.8,52,31,237,18,3.0
367486210,2025-01-08T00:00:45Z,47.98881,-122.22245,0.0,68.7,276,36,8,3,
338411695,2025-01-08T00:00:42Z,32.13095,-81.1369,0.0,193.9,,90,9,5,
368220940,2025-01-08T00:01:16Z,26.35749,-97.35363,0.1,20.8,258,57,129,34,2.8
338416402,2025-01-08T00:00:43Z,26.77717,-80.04045,0.0,168.4,357,37,8,2,
367760380,2025-01-08T00:00:50Z,47.67773,-122.40949,0.0,178.2,30,36,14,4,
367094660,2025-01-08T00:00:04Z,30.2518,-88.08102,0.0,318.3,,60,46,10,2.0
368018870,2025-01-08T00:00:12Z,26.25339,-80.09148,0.1,263.2,,37,26,6,
366921290,2025-01-08T00:01:03Z,47.65601,-122.20799,0.0,26.0,2,37,17,4,
367001830,2025-01-08T00:01:02Z,37.90387,-122.36607,0.1,213.6,272,31,21,7,
367751250,2025-01-08T00:00:15Z,32.20747,-80.23084,7.3,211.0,208,37,14,8,
368258680,2025-01-08T00:01:04Z,26.18908,-80.09972,0.0,,,37,60,18,
368335980,2025-01-08T00:01:05Z,29.63882,-91.11135,5.1,246.3,254,52,18,9,
338433377,2025-01-08T00:00:23Z,48.99325,-122.75909,0.0,119.3,,36,12,4,
366766940,2025-01-08T00:00:14Z,39.8954,-75.19685,0.0,78.5,0,52,41,11,5.6
368138170,2025-01-08T00:00:25Z,30.15568,-85.66712,0.0,38.8,317,57,211,16,3.1
311003500,2025-01-08T00:01:02Z,33.78013,-119.27627,0.3,99.3,214,70,177,32,9.0
367614940,2025-01-08T00:01:22Z,29.52951,-94.48405,5.8,209.1,208,31,208,18,3.1
367777460,2025-01-08T00:01:05Z,27.91152,-82.44127,0.0,311.5,52,52,28,12,5.2
368372940,2025-01-08T00:00:46Z,26.13949,-80.10993,0.0,315.9,12,90,30,8,
316053441,2025-01-08T00:00:27Z,42.79738,-80.04424,0.0,348.8,164,81,144,23,7.1
368253890,2025-01-08T00:01:06Z,40.65472,-74.04517,0.9,268.0,336,30,123,22,5.0
367585940,2025-01-08T00:00:24Z,47.62108,-122.52023,0.0,274.3,,37,15,5,
367599760,2025-01-08T00:00:46Z,34.48695,-90.58615,0.4,94.3,,31,44,12,2.8
316003667,2025-01-08T00:00:28Z,49.31139,-123.10707,0.1,210.6,,52,22,10,4.0
366947630,2025-01-08T00:01:20Z,48.00263,-122.22274,0.0,,,37,18,5,
368396216,2025-01-08T00:01:01Z,40.4894,-74.06704,31.5,183.3,,40,44,12,
338078000,2025-01-08T00:00:32Z,29.09133,-80.31359,20.8,164.5,164,74,299,40,11.2
316016013,2025-01-08T00:01:07Z,49.30056,-123.04631,0.8,337.0,331,52,22,9,4.3
367596160,2025-01-08T00:00:34Z,18.30912,-64.83197,0.0,56.0,,36,11,4,
367095450,2025-01-08T00:00:02Z,30.79474,-88.01237,0.3,263.5,61,32,48,11,3.3
316011407,2025-01-08T00:01:09Z,49.15429,-123.61544,18.8,123.9,126,60,160,29,5.3
316034963,2025-01-08T00:00:09Z,49.20585,-123.87217,7.0,58.7,61,52,16,6,3.6
367439390,2025-01-08T00:01:09Z,47.2988,-122.54432,6.7,335.1,330,52,27,9,4.0
367625810,2025-01-08T00:01:10Z,33.73978,-118.27818,0.0,255.2,9,52,32,12,5.8
368102290,2025-01-08T00:00:08Z,29.64513,-91.10616,0.0,228.6,208,33,95,22,3.0
369713000,2025-01-08T00:00:07Z,32.76217,-117.23656,0.3,,,30,23,7,
368356590,2025-01-08T00:00:24Z,30.0798,-90.9103,0.0,311.0,347,57,19,8,3.1
563295000,2025-01-08T00:00:30Z,48.97507,-123.75479,0.1,97.4,162,70,228,36,7.3
338439238,2025-01-08T00:00:17Z,18.07905,-65.79959,0.7,,,37,19,6,
367513750,2025-01-08T00:00:36Z,28.94299,-89.49678,0.1,,,30,33,9,3.3
366863870,2025-01-08T00:00:06Z,41.09389,-72.36026,7.2,184.4,,69,40,14,2.0
316003760,2025-01-08T00:00:17Z,48.42345,-123.38489,0.0,50.4,,30,14,6,
367378960,2025-01-08T00:00:39Z,29.70357,-95.01909,0.0,157.1,226,52,31,12,6.1
367162590,2025-01-08T00:00:17Z,26.83706,-80.0667,0.0,,,37,40,10,
368398060,2025-01-08T00:00:46Z,26.11201,-80.10841,0.0,233.3,185,37,40,8,
311000279,2025-01-08T00:00:14Z,27.97476,-94.75177,1.6,147.2,120,80,228,42,12.0
316023608,2025-01-08T00:00:22Z,49.15435,-122.95024,0.1,276.3,66,52,19,10,
366939170,2025-01-08T00:00:59Z,40.66194,-74.07375,0.0,109.8,108,31,24,8,3.1
366902360,2025-01-08T00:01:01Z,40.51696,-74.11494,25.0,217.5,,60,26,8,2.5
368342080,2025-01-08T00:00:25Z,42.4991,-70.45938,6.5,293.4,,30,15,6,
338488122,2025-01-08T00:00:29Z,30.14854,-85.68563,6.4,161.7,,36,13,4,
369970503,2025-01-08T00:00:36Z,43.4631,-76.51658,0.0,257.3,233,30,21,6,1.6
367161610,2025-01-08T00:01:10Z,43.08208,-86.21105,0.0,,,69,13,5,1.5
338447695,2025-01-08T00:00:29Z,38.67658,-77.25211,0.0,,,37,18,6,
368926638,2025-01-08T00:00:08Z,47.73228,-122.74095,0.0,322.1,205,52,30,10,5.5
367471080,2025-01-08T00:01:07Z,33.71591,-118.23327,15.1,245.8,244,60,27,5,2.0
338394638,2025-01-08T00:00:31Z,26.44562,-80.06645,0.7,0.0,,37,21,3,
366997830,2025-01-08T00:01:15Z,29.94251,-90.13672,0.0,174.0,357,31,203,22,3.4
367551680,2025-01-08T00:00:03Z,29.68747,-94.98486,5.9,349.6,334,31,113,18,3.1
338310725,2025-01-08T00:00:34Z,33.71966,-118.27625,0.0,163.5,,37,11,4,
368244880,2025-01-08T00:00:37Z,26.09306,-80.17146,0.0,,,37,22,5,
366925000,2025-01-08T00:00:35Z,30.35728,-89.08911,0.0,295.3,,31,32,10,
367426660,2025-01-08T00:00:41Z,38.32705,-75.10243,0.0,0.0,,30,25,8,
367787020,2025-01-08T00:00:49Z,39.75029,-74.11471,0.0,205.5,,30,23,8,
636023860,2025-01-08T00:00:39Z,27.74304,-92.46938,13.0,324.5,322,80,299,46,9.6
368007340,2025-01-08T00:00:00Z,29.31455,-94.77872,0.0,234.7,,39,30,8,2.4
338518357,2025-01-08T00:00:00Z,33.92666,-78.18892,2.6,73.0,,33,8,3,
316048574,2025-01-08T00:01:06Z,48.69354,-123.3768,14.4,258.1,265,70,149,26,4.3
367630830,2025-01-08T00:00:39Z,28.90812,-95.36284,1.9,236.8,236,31,20,8,3.0
319064400,2025-01-08T00:00:00Z,32.78759,-79.91066,0.4,,,36,24,12,
477950300,2025-01-08T00:01:10Z,40.47928,-73.60914,0.6,37.4,325,74,366,48,15.2
367728740,2025-01-08T00:00:02Z,30.12564,-90.94572,10.1,358.4,5,31,117,32,3.1
316052439,2025-01-08T00:00:54Z,49.1634,-123.92297,0.1,194.4,232,60,42,12,1.5
367743660,2025-01-08T00:00:00Z,27.8165,-97.42383,0.0,312.4,113,52,26,10,0.5
367552120,2025-01-08T00:01:11Z,38.62288,-90.18322,0.0,246.3,,60,15,10,
368324580,2025-01-08T00:01:10Z,29.96088,-90.39777,0.0,265.3,356,31,206,28,3.4
368102270,2025-01-08T00:00:01Z,38.53943,-90.25515,0.0,274.4,38,52,27,8,
367318760,2025-01-08T00:00:03Z,39.37706,-76.11228,8.3,64.0,63,31,30,10,5.3
538010465,2025-01-08T00:00:02Z,29.25728,-94.52608,7.5,308.9,314,80,183,32,7.4
338369055,2025-01-08T00:00:03Z,37.86873,-122.49654,0.0,181.4,,36,16,4,
368084470,2025-01-08T00:00:04Z,30.06935,-90.8949,0.0,128.5,,31,24,19,3.0
367098550,2025-01-08T00:00:08Z,37.82057,-122.36148,0.0,214.7,285,52,39,10,4.6
211888740,2025-01-08T00:00:02Z,32.72515,-117.18614,0.0,234.8,324,37,16,8,
366556140,2025-01-08T00:00:57Z,47.65819,-122.36922,0.0,192.6,315,30,40,10,4.1
338533000,2025-01-08T00:00:05Z,30.0491,-90.47642,0.0,351.3,325,52,29,10,4.2
367057460,2025-01-08T00:01:05Z,30.01352,-90.74081,3.2,88.7,213,31,226,33,3.0
367121040,2025-01-08T00:00:06Z,42.10272,-80.70756,5.8,315.4,314,70,194,21,
367475360,2025-01-08T00:00:03Z,29.52879,-94.48394,6.1,32.5,,52,16,7,
367637310,2025-01-08T00:00:06Z,30.19138,-91.32385,0.0,306.0,188,31,210,17,3.1
368142010,2025-01-08T00:00:07Z,29.78457,-95.09611,0.0,290.6,343,52,30,12,2.8
538007028,2025-01-08T00:00:07Z,29.39503,-94.81556,12.0,155.9,157,80,225,36,11.9
241741000,2025-01-08T00:00:07Z,32.98521,-117.94629,10.8,158.7,159,80,274,48,9.2
367728720,2025-01-08T00:00:09Z,30.34366,-91.1942,4.0,253.9,251,52,28,12,2.6
368139870,2025-01-08T00:01:06Z,40.70044,-74.00316,19.7,86.6,78,60,24,8,
367638940,2025-01-08T00:00:18Z,40.64442,-74.02844,0.2,,,55,14,6,
241741000,2025-01-08T00:01:08Z,32.98242,-117.94497,10.8,158.7,159,80,274,48,9.2
367314810,2025-01-08T00:00:05Z,30.39838,-81.42771,0.0,217.3,,50,16,5,
432839000,2025-01-08T00:01:06Z,34.04557,-119.2705,6.9,182.0,180,70,199,32,8.2
368156050,2025-01-08T00:00:05Z,26.09324,-80.17079,0.0,,178,37,18,5,
367008520,2025-01-08T00:01:25Z,29.36881,-89.35626,0.0,254.9,,52,14,6,1.4
538009562,2025-01-08T00:00:06Z,34.69895,-75.00703,16.4,174.1,178,70,192,30,9.7
316005772,2025-01-08T00:01:00Z,49.11996,-123.3981,8.1,291.5,,30,17,6,3.1
338493747,2025-01-08T00:00:07Z,32.72592,-117.19142,0.0,,,37,,,
367138710,2025-01-08T00:01:05Z,30.28246,-91.2177,15.4,103.1,97,69,45,18,3.2
368051020,2025-01-08T00:00:12Z,47.68055,-122.40673,0.0,,,37,,,
367314510,2025-01-08T00:00:10Z,39.26041,-76.5607,0.0,230.7,191,52,29,10,3.0
636021321,2025-01-08T00:01:08Z,48.39632,-123.45548,0.0,47.4,66,70,294,32,12.6
338204931,2025-01-08T00:00:13Z,25.31155,-80.27957,0.1,203.3,,37,17,5,
367702410,2025-01-08T00:01:10Z,29.99571,-93.94664,0.0,294.6,,52,22,10,2.9
338442435,2025-01-08T00:00:14Z,30.63218,-81.47697,0.0,58.3,211,37,11,4,
367717840,2025-01-08T00:01:12Z,38.40346,-82.55567,0.0,,,31,21,7,2.0
369098000,2025-01-08T00:01:10Z,29.30763,-94.81107,0.0,22.8,342,31,24,7,
366991790,2025-01-08T00:00:18Z,29.63375,-89.91835,0.0,13.5,36,31,42,13,
368104390,2025-01-08T00:01:02Z,29.31464,-94.79265,0.0,,,31,4,5,
338150002,2025-01-08T00:00:23Z,32.72604,-117.19291,0.0,0.0,,37,10,3,
367396910,2025-01-08T00:01:07Z,18.05368,-65.83675,0.3,121.7,,52,65,15,4.0
368230870,2025-01-08T00:00:24Z,26.11368,-80.1145,0.0,,,37,20,6,
366904940,2025-01-08T00:01:24Z,46.47827,-84.2947,7.5,152.1,151,70,309,32,6.1
378114143,2025-01-08T00:00:32Z,18.47244,-64.57543,0.1,,,36,16,8,
368156970,2025-01-08T00:00:04Z,29.70252,-93.07335,0.1,,,30,27,8,
366999510,2025-01-08T00:00:18Z,27.7583,-82.62952,0.0,184.9,87,55,22,6,1.4
538003240,2025-01-08T00:00:34Z,43.42497,-124.25675,0.0,15.9,259,70,200,32,8.9
367768080,2025-01-08T00:00:05Z,30.04858,-90.47567,0.1,270.7,149,31,24,10,3.6
367699920,2025-01-08T00:00:02Z,30.46111,-91.19831,8.0,183.2,179,31,27,9,2.8
477893700,2025-01-08T00:00:34Z,33.73143,-118.25032,0.0,249.6,250,71,367,43,15.4
367791540,2025-01-08T00:00:00Z,40.70415,-73.97673,0.1,241.2,109,60,26,8,2.0
367500460,2025-01-08T00:00:36Z,29.77862,-95.0759,3.8,208.8,,52,21,9,3.0
367653630,2025-01-08T00:00:01Z,46.15342,-123.37714,0.1,202.3,,60,33,14,1.8
367403980,2025-01-08T00:00:37Z,21.31706,-157.87792,0.0,332.5,,30,27,6,
367550060,2025-01-08T00:00:44Z,29.14022,-91.98299,7.7,84.7,,30,32,8,
338404181,2025-01-08T00:00:49Z,47.33075,-122.57952,0.0,,,37,12,4,
368171690,2025-01-08T00:00:55Z,29.88566,-81.3225,0.0,,27,36,16,4,
636020655,2025-01-08T00:01:07Z,49.02336,-123.6704,0.0,329.2,134,70,250,43,7.7
636015149,2025-01-08T00:00:02Z,19.9201,-66.47941,11.2,62.1,61,70,186,28,19.6
304598000,2025-01-08T00:01:10Z,24.59881,-80.74506,10.3,47.2,41,70,100,18,5.6
505187000,2025-01-08T00:00:02Z,35.09,-90.10762,0.0,73.0,23,31,18,6,
366979030,2025-01-08T00:00:07Z,40.69967,-74.1519,0.0,254.4,,52,20,7,2.5
368217570,2025-01-08T00:01:10Z,40.64167,-74.072,0.0,307.7,81,69,96,22,4.2
367775320,2025-01-08T00:00:08Z,30.03498,-90.68645,0.2,152.8,,52,20,10,3.0
367728740,2025-01-08T00:01:11Z,30.12882,-90.94544,9.9,9.2,17,31,117,32,3.1
368090690,2025-01-08T00:00:12Z,26.10861,-80.1188,0.0,160.1,,37,28,8,
378113159,2025-01-08T00:00:56Z,25.77317,-80.14179,0.0,,326,37,20,6,
367008020,2025-01-08T00:00:06Z,43.93411,-124.70369,6.6,357.2,358,52,31,10,3.7
367680870,2025-01-08T00:00:54Z,24.53539,-81.76864,0.2,242.4,,30,31,8,
338216593,2025-01-08T00:01:09Z,32.72612,-117.1928,0.0,313.9,,37,16,4,
338199622,2025-01-08T00:01:10Z,26.2603,-80.09459,0.0,159.7,,36,,,
367412990,2025-01-08T00:01:11Z,34.72324,-76.66636,0.0,242.2,,36,14,5,
368243510,2025-01-08T00:00:10Z,48.57118,-123.16737,4.3,14.7,,37,,,
368238210,2025-01-08T00:00:13Z,46.18669,-123.86219,0.0,127.3,,36,,,
367608670,2025-01-08T00:00:17Z,39.62047,-123.94599,7.5,338.7,,30,17,5,
338134983,2025-01-08T00:00:21Z,34.72084,-76.67222,0.1,162.4,,37,20,6,
368325390,2025-01-08T00:00:08Z,27.50302,-97.30908,3.8,206.9,206,52,25,10,2.8
368227640,2025-01-08T00:00:21Z,24.57704,-81.78535,0.0,63.1,54,36,15,4,
338392952,2025-01-08T00:00:21Z,33.84654,-118.39559,0.0,,,37,10,3,
367506050,2025-01-08T00:00:09Z,39.89374,-75.20606,0.0,183.6,200,31,31,10,
338393998,2025-01-08T00:00:22Z,33.61023,-117.89595,0.0,,,37,10,4,
368158760,2025-01-08T00:00:17Z,29.59832,-90.66301,0.5,75.1,,99,20,8,3.1
367115520,2025-01-08T00:00:23Z,32.63093,-117.13265,0.0,304.9,,37,20,6,
367570080,2025-01-08T00:01:10Z,29.96761,-93.86069,0.0,103.0,300,31,121,17,4.0
368246970,2025-01-08T00:00:24Z,32.71259,-117.22995,0.1,126.1,,36,11,4,
338149196,2025-01-08T00:00:25Z,26.77337,-80.05073,0.0,0.1,,36,15,5,
367789570,2025-01-08T00:00:31Z,21.31384,-157.86645,0.1,115.1,,30,28,8,
367682130,2025-01-08T00:00:31Z,29.60514,-94.95286,5.1,139.0,143,52,23,10,3.1
338410796,2025-01-08T00:00:32Z,40.33667,-73.98022,0.0,,,37,19,7,
505187000,2025-01-08T00:01:12Z,35.09001,-90.10762,0.0,73.0,22,31,18,6,
368234420,2025-01-08T00:00:27Z,43.10491,-70.7948,0.0,346.6,302,52,18,9,2.2
982000000,2025-01-08T00:00:35Z,32.68973,-117.14655,0.5,93.7,,37,7,2,
367014390,2025-01-08T00:01:13Z,29.14109,-89.24747,0.0,292.2,155,52,20,8,2.2
368727000,2025-01-08T00:00:05Z,37.16688,-76.60895,0.0,164.9,250,35,84,19,
368236230,2025-01-08T00:00:37Z,29.67311,-91.23219,0.0,326.7,,31,8,4,
367377490,2025-01-08T00:00:04Z,29.56856,-90.72,0.1,134.3,221,34,69,16,
367083580,2025-01-08T00:00:36Z,29.73085,-95.20684,0.0,87.3,52,52,24,11,3.2
368010480,2025-01-08T00:00:04Z,30.11104,-90.91813,0.0,305.3,354,31,22,8,2.1
368266990,2025-01-08T00:00:39Z,39.93308,-75.14178,0.0,,,51,12,4,
367005130,2025-01-08T00:00:02Z,27.62698,-82.56404,0.0,278.8,,31,26,8,4.0
338303934,2025-01-08T00:00:37Z,45.6092,-122.66305,3.0,214.3,,37,18,5,
368059510,2025-01-08T00:00:42Z,30.53865,-81.27749,8.5,180.6,,36,15,4,
367728310,2025-01-08T00:00:09Z,36.96256,-76.29612,0.0,244.8,,52,18,9,
316026565,2025-01-08T00:00:43Z,48.67038,-123.40599,0.0,275.1,,36,20,6,
232056476,2025-01-08T00:00:57Z,26.10279,-80.11526,0.0,,,36,21,11,
369914081,2025-01-08T00:00:52Z,42.37233,-71.05637,0.0,,,36,63,14,
316036897,2025-01-08T00:00:52Z,28.14918,-80.60327,0.0,23.7,,36,9,5,
368262280,2025-01-08T00:01:03Z,47.62857,-122.3927,0.0,247.9,268,37,18,5,
366870730,2025-01-08T00:01:08Z,34.14889,-119.22364,6.3,329.8,325,33,16,6,2.0
367503760,2025-01-08T00:00:40Z,30.06675,-93.34735,0.0,28.5,28,31,27,9,3.1
366584000,2025-01-08T00:00:37Z,28.41307,-80.62033,0.0,33.6,126,70,51,12,3.0
636020502,2025-01-08T00:00:26Z,46.10893,-122.96154,0.0,95.4,126,70,183,32,6.8
368169710,2025-01-08T00:01:05Z,29.79379,-93.95538,0.0,268.6,345,31,18,6,3.0
367594230,2025-01-08T00:01:03Z,29.59301,-91.16208,4.0,260.8,266,30,23,8,3.1
367426920,2025-01-08T00:00:29Z,29.55772,-93.3629,17.6,209.1,205,60,52,9,2.5
368311160,2025-01-08T00:01:04Z,32.71865,-117.22716,0.0,,,37,16,4,
219699000,2025-01-08T00:00:46Z,41.36608,-71.25225,0.1,304.7,283,79,90,22,7.3
368145510,2025-01-08T00:00:56Z,18.34223,-64.79164,0.1,,,36,19,9,
338513698,2025-01-08T00:01:06Z,26.11476,-80.10733,0.0,,,37,22,5,
367643350,2025-01-08T00:00:39Z,29.76897,-95.10018,1.5,357.6,356,31,300,17,3.2
367603350,2025-01-08T00:00:58Z,29.14474,-90.22313,0.0,248.6,,90,50,10,
366997730,2025-01-08T00:01:07Z,29.95837,-90.29172,0.1,158.6,171,52,20,8,3.1
319072300,2025-01-08T00:01:11Z,19.11283,-68.00504,12.9,290.7,290,37,66,12,3.5
366629680,2025-01-08T00:01:07Z,40.7157,-74.01774,3.8,244.1,,60,24,7,2.0
636024387,2025-01-08T00:01:01Z,40.20184,-73.75184,9.2,355.0,350,70,248,36,10.0
367717920,2025-01-08T00:01:10Z,38.40348,-82.55564,0.0,,,52,11,4,2.0
367576750,2025-01-08T00:01:09Z,29.99327,-90.02108,0.0,328.9,66,31,116,17,3.1
366772980,2025-01-08T00:01:09Z,47.49316,-122.43284,16.1,163.8,164,60,100,24,5.0
367653630,2025-01-08T00:01:12Z,46.15328,-123.37721,2.2,186.9,,60,33,14,1.8
367434080,2025-01-08T00:01:10Z,38.49012,-90.27751,0.0,262.2,9,31,479,49,3.1
368010480,2025-01-08T00:01:14Z,30.11103,-90.91814,0.0,257.4,355,31,22,8,2.1
368196320,2025-01-08T05:27:08Z,37.79825,-122.32979,3.3,111.7,110,52,30,10,
367501860,2025-01-08T00:00:10Z,38.76245,-90.16884,0.0,273.0,,31,20,7,
367541740,2025-01-08T00:01:14Z,30.0203,-93.98951,0.0,,45,31,209,17,3.0
316052496,2025-01-08T00:00:08Z,47.85272,-86.92322,12.7,291.7,292,70,155,22,6.8
367702550,2025-01-08T00:00:07Z,29.94388,-90.16986,9.2,42.5,34,52,22,9,
352003132,2025-01-08T00:00:24Z,39.22289,-76.57733,0.0,16.2,270,70,229,32,7.7
316035879,2025-01-08T00:01:08Z,48.49963,-122.60468,0.0,59.2,,36,17,5,
367533290,2025-01-08T00:00:04Z,33.73451,-118.27069,0.1,225.3,,90,46,26,3.2
351132000,2025-01-08T00:00:34Z,18.4375,-66.09162,0.0,303.0,59,79,180,28,9.6
367428170,2025-01-08T00:00:02Z,30.441,-91.22765,5.5,303.3,,31,18,8,3.0
366989950,2025-01-08T00:00:41Z,38.01796,-90.09437,0.0,241.1,305,52,52,16,3.0
338463903,2025-01-08T00:01:00Z,48.51393,-122.60416,0.0,,,37,12,4,
538080083,2025-01-08T00:00:37Z,26.13313,-80.11905,0.0,329.0,90,37,43,9,2.3
367507210,2025-01-08T00:00:43Z,42.36225,-71.02672,0.0,238.0,197,51,24,8,
366939130,2025-01-08T00:00:11Z,29.61439,-95.01137,0.0,1.5,331,31,18,7,
352001135,2025-01-08T00:00:28Z,28.632,-94.4154,11.5,1.8,2,80,183,32,12.0
368376960,2025-01-08T00:01:03Z,41.13021,-73.17097,15.5,155.6,159,60,92,16,
368287070,2025-01-08T00:01:00Z,29.15244,-89.24777,0.0,165.0,333,52,72,9,3.1
338204612,2025-01-08T00:00:50Z,29.91705,-81.30814,0.0,0.0,,37,17,6,
368250820,2025-01-08T00:00:15Z,26.1191,-80.11066,0.1,,,36,14,8,
367323610,2025-01-08T00:00:41Z,48.51116,-122.60734,0.0,314.8,193,30,29,6,
368640000,2025-01-08T00:00:55Z,26.008,-80.12045,0.1,216.9,,36,16,5,
368383090,2025-01-08T00:00:45Z,29.30389,-89.05075,6.1,338.6,,70,26,8,
367500810,2025-01-08T00:00:01Z,29.6989,-91.2136,0.2,15.9,150,90,56,14,
368056830,2025-01-08T00:00:23Z,33.61829,-117.92766,0.1,228.7,,37,24,6,
367745320,2025-01-08T00:00:01Z,20.77161,-156.53813,21.2,86.7,95,40,21,7,
367516730,2025-01-08T00:01:11Z,45.61204,-122.64574,0.0,296.8,111,31,30,8,3.0
538009201,2025-01-08T00:00:23Z,31.94367,-119.39486,3.4,144.6,129,80,250,44,8.5
319822000,2025-01-08T00:00:02Z,17.75154,-67.04866,12.4,101.1,100,37,59,10,3.4
367530760,2025-01-08T00:01:12Z,29.99228,-90.79817,0.0,284.4,36,31,361,,3.0
367762780,2025-01-08T00:00:24Z,24.57933,-81.75147,0.0,215.4,,37,15,5,
367511590,2025-01-08T00:00:06Z,41.6614,-87.29637,0.1,254.9,340,70,38,13,7.7
563052700,2025-01-08T00:01:12Z,38.43922,-125.60273,1.3,153.7,240,74,264,32,12.2
338186132,2025-01-08T00:00:26Z,36.71669,-122.0385,5.3,11.6,,33,12,3,
368231030,2025-01-08T00:00:27Z,38.02532,-123.02555,8.1,153.1,149,30,16,5,
367783640,2025-01-08T00:00:27Z,33.60931,-117.92254,0.1,299.3,,36,14,8,
368144320,2025-01-08T00:00:16Z,29.83284,-91.82398,0.0,48.5,40,31,24,9,3.1
366690000,2025-01-08T00:00:31Z,48.49866,-122.71637,9.9,200.8,,30,18,7,
367411070,2025-01-08T00:00:24Z,47.65617,-122.37818,0.0,196.9,,30,27,7,4.0
338376315,2025-01-08T00:01:08Z,33.72831,-118.07781,0.0,,,37,9,3,
512010406,2025-01-08T00:00:59Z,29.8942,-81.3099,0.0,,,36,14,7,
367477690,2025-01-08T00:00:21Z,34.72005,-76.69467,0.0,256.0,,52,28,7,3.0
366991421,2025-01-08T00:00:31Z,45.56617,-122.72822,0.0,126.4,126,90,239,50,9.4
367620420,2025-01-08T00:01:10Z,29.93468,-89.99896,0.0,14.8,303,31,115,18,2.9
367456930,2025-01-08T00:01:09Z,29.92229,-90.13891,6.2,353.3,354,31,349,60,2.9
366952890,2025-01-08T00:01:10Z,40.70006,-74.0123,0.0,99.0,162,60,104,22,4.3
319822000,2025-01-08T00:01:05Z,17.75086,-67.04492,12.3,100.5,100,37,59,10,3.4
367367640,2025-01-08T00:00:38Z,45.60569,-122.65836,0.0,296.7,259,37,15,5,
367767410,2025-01-08T00:01:10Z,46.00865,-122.84912,0.1,226.2,,30,13,4,1.4
368095340,2025-01-08T00:00:40Z,29.76959,-95.07903,0.0,283.0,,52,19,8,
316030416,2025-01-08T00:01:11Z,48.33704,-123.60191,0.0,212.1,178,54,20,8,2.0
367568460,2025-01-08T00:01:10Z,40.97391,-73.09491,14.9,329.2,,60,100,15,4.0
367594470,2025-01-08T00:00:57Z,29.72964,-95.05384,0.0,5.9,150,31,117,34,3.1
368272520,2025-01-08T00:01:10Z,30.05887,-93.5683,5.7,268.1,268,52,24,10,3.4
316019447,2025-01-08T00:01:09Z,49.11816,-123.16409,0.0,338.9,,30,22,7,
368091730,2025-01-08T00:00:51Z,47.72416,-122.64069,0.0,216.7,,37,12,3,
368184050,2025-01-08T00:01:05Z,37.79659,-122.34054,0.1,90.2,9,52,21,8,3.1
366914180,2025-01-08T00:00:57Z,38.9682,-74.95827,0.0,234.5,29,60,98,20,2.2
316001245,2025-01-08T00:01:20Z,49.10841,-123.4109,19.7,290.5,290,60,134,28,5.8
367411070,2025-01-08T00:01:25Z,47.65615,-122.37817,0.0,205.0,,30,27,7,4.0
316039171,2025-01-08T00:00:09Z,48.65403,-123.45253,0.0,280.1,280,51,64,16,6.1
319769000,2025-01-08T00:01:25Z,26.77844,-80.05319,0.0,285.6,12,37,50,9,3.0
367782690,2025-01-08T00:01:02Z,40.76038,-74.00426,0.0,238.0,118,60,26,8,1.7
338234735,2025-01-08T00:00:55Z,47.30532,-122.51125,0.0,169.0,,37,18,5,
368237090,2025-01-08T00:00:50Z,29.62199,-92.27427,0.0,,,52,14,5,3.0
368171990,2025-01-08T00:01:06Z,37.79758,-122.49746,0.6,241.8,243,52,30,13,6.1
367517410,2025-01-08T00:00:11Z,36.96852,-76.41444,0.0,,,30,25,7,
366867370,2025-01-08T00:01:06Z,36.86442,-76.3229,10.4,132.5,,60,15,5,1.8
368373310,2025-01-08T00:00:15Z,47.33884,-122.58838,0.0,,,37,10,4,
338616000,2025-01-08T00:01:07Z,45.93666,-122.80511,13.8,356.4,355,52,204,24,6.4
366888770,2025-01-08T00:01:30Z,47.05131,-122.90562,0.0,262.7,,52,28,9,4.0
316004969,2025-01-08T00:01:00Z,48.92592,-123.7138,0.0,240.5,,52,,,2.7
367594520,2025-01-08T00:00:03Z,29.25581,-89.35959,0.0,282.0,,60,47,9,2.3
232017152,2025-01-08T00:00:13Z,49.20443,-123.90774,0.1,270.4,194,70,200,32,7.0
366484000,2025-01-08T00:00:14Z,29.11795,-90.19778,0.0,233.1,159,70,78,18,3.3
367500810,2025-01-08T00:01:11Z,29.69896,-91.21348,0.4,38.0,141,90,56,14,
316027848,2025-01-08T00:01:07Z,49.289,-123.07985,0.1,258.8,,52,11,4,2.1
367109350,2025-01-08T00:01:24Z,30.03559,-90.69612,0.0,261.9,,30,16,8,
368085190,2025-01-08T00:01:10Z,29.92655,-90.19988,0.0,105.2,333,57,86,33,3.1
316048473,2025-01-08T00:01:29Z,49.26062,-123.2967,10.5,186.9,185,52,23,12,4.4
368095720,2025-01-08T00:00:14Z,34.178,-119.22376,0.0,,,37,21,5,
338489145,2025-01-08T00:00:54Z,47.26376,-122.50092,0.0,,,37,,4,
367181880,2025-01-08T00:01:12Z,41.28141,-72.34853,0.0,343.9,339,60,33,9,2.0
367533290,2025-01-08T00:01:13Z,33.73455,-118.27069,0.0,284.9,,90,46,26,3.2
367128570,2025-01-08T00:01:16Z,41.29418,-72.90685,0.0,264.4,,33,68,17,
368079770,2025-01-08T00:00:55Z,34.25457,-119.26328,0.0,353.0,,37,24,5,
368132360,2025-01-08T00:01:28Z,29.93686,-90.32934,0.1,280.0,259,52,85,11,2.8
367586430,2025-01-08T00:00:24Z,48.75547,-122.50417,0.0,130.7,,30,16,6,
316041768,2025-01-08T00:00:10Z,49.30562,-126.06043,8.1,162.2,161,79,15,10,2.0
354886000,2025-01-08T00:00:10Z,33.74075,-118.19762,0.0,123.9,269,71,349,46,14.3
338181498,2025-01-08T00:00:25Z,42.30126,-71.06028,20.0,274.9,,37,18,6,
319607000,2025-01-08T00:00:31Z,24.57214,-81.80265,0.1,,355,37,28,6,
538007837,2025-01-08T00:00:31Z,19.83117,-66.20132,11.6,87.6,89,70,200,24,9.7
316003447,2025-01-08T00:00:13Z,49.12303,-123.18184,0.0,79.7,104,30,23,7,
367656160,2025-01-08T00:00:32Z,29.70371,-95.0289,0.0,281.4,199,52,24,10,3.0
367022790,2025-01-08T00:00:09Z,40.65521,-74.08523,0.1,245.6,114,52,25,9,3.0
368146860,2025-01-08T00:00:34Z,18.31683,-64.96103,0.7,304.1,49,36,14,8,
311053500,2025-01-08T00:00:58Z,29.93947,-90.14193,0.0,228.7,0,79,229,32,7.5
368260040,2025-01-08T00:00:48Z,30.06732,-93.34527,0.0,260.6,39,52,114,10,2.9
367057630,2025-01-08T00:01:11Z,34.67159,-90.5691,4.4,12.5,13,31,355,55,3.2
367399980,2025-01-08T00:00:10Z,40.62617,-74.20426,0.0,235.0,277,31,150,24,6.1
338023406,2025-01-08T00:01:24Z,40.71007,-74.04321,0.0,0.0,,37,14,5,
338153665,2025-01-08T00:00:38Z,28.40798,-80.62944,0.0,,,37,16,5,
311000112,2025-01-08T00:00:06Z,33.55062,-119.51452,11.0,296.0,297,80,276,48,11.8
368113590,2025-01-08T00:01:09Z,48.55167,-122.84695,10.4,134.4,,70,27,8,2.0
368227370,2025-01-08T00:01:08Z,42.36791,-71.05988,2.5,22.4,,60,21,4,2.0
366995010,2025-01-08T00:01:10Z,18.46258,-66.12345,0.3,268.0,,52,33,9,4.5
366811570,2025-01-08T00:01:05Z,30.73988,-88.04628,7.4,330.6,332,31,81,22,2.8
367591250,2025-01-08T00:01:12Z,27.63148,-82.56387,0.0,284.2,32,52,28,12,5.2
367353070,2025-01-08T00:00:13Z,29.56673,-93.73037,0.0,136.0,31,80,183,32,8.0
316011408,2025-01-08T00:00:11Z,48.77725,-123.34415,17.1,181.4,183,60,160,28,5.8
366765940,2025-01-08T00:00:13Z,46.90626,-124.10738,0.1,228.8,317,30,26,9,3.0
368006860,2025-01-08T00:01:00Z,29.95332,-90.01948,0.0,267.0,297,31,29,11,3.4
319272700,2025-01-08T00:00:29Z,19.18889,-68.2654,12.3,290.3,291,37,,,2.4
538071402,2025-01-08T00:00:49Z,25.77761,-80.20604,0.0,61.6,295,37,55,9,3.0
316033419,2025-01-08T00:01:24Z,49.10807,-123.14618,11.5,96.5,97,79,145,26,4.3
304010618,2025-01-08T00:01:06Z,25.39111,-80.00969,10.3,183.8,195,70,99,16,4.1
368150730,2025-01-08T00:01:10Z,29.68335,-91.27765,0.0,292.9,,57,14,6,2.0
368040990,2025-01-08T00:01:11Z,48.51311,-122.91625,0.1,185.0,,30,31,,3.0
338429331,2025-01-08T00:00:58Z,18.07877,-65.79695,0.2,,,37,17,6,
368038210,2025-01-08T00:00:16Z,47.62935,-122.39111,0.2,247.8,,36,16,5,
368014640,2025-01-08T00:00:17Z,21.00344,-158.14537,5.5,233.4,,30,72,,
368323760,2025-01-08T00:00:16Z,47.66739,-122.39422,0.0,178.0,257,31,7,2,
367561870,2025-01-08T00:01:11Z,29.98322,-93.20634,4.7,316.2,313,31,269,17,3.1
369463000,2025-01-08T00:00:22Z,37.79448,-122.2836,0.0,156.1,,70,240,50,10.5
367099750,2025-01-08T00:01:16Z,29.62201,-92.27417,0.0,298.8,26,33,37,12,
368116110,2025-01-08T00:01:24Z,27.76056,-82.63595,0.0,,,37,18,6,
367674620,2025-01-08T00:00:12Z,47.53953,-122.64476,0.0,122.3,,37,14,6,
368157190,2025-01-08T00:00:11Z,47.64451,-122.31391,0.0,,,37,14,5,
316026058,2025-01-08T00:00:16Z,49.09228,-123.0918,0.0,,,37,10,4,
367490030,2025-01-08T00:00:16Z,29.79718,-85.95976,8.9,286.9,,30,28,8,
368206690,2025-01-08T00:00:18Z,33.91748,-78.02938,0.0,321.2,,36,13,8,
367688580,2025-01-08T00:01:26Z,29.72759,-95.02612,5.3,127.5,130,52,22,10,2.9
338450237,2025-01-08T00:00:19Z,40.54265,-74.14129,0.0,334.0,310,37,16,5,
368097190,2025-01-08T00:01:27Z,30.05815,-91.27536,0.0,244.2,313,52,207,12,3.0
368170890,2025-01-08T00:02:30Z,29.80034,-95.07831,6.4,248.7,248,31,23,11,
338229018,2025-01-08T00:00:26Z,35.90023,-75.66546,0.0,95.0,,37,16,5,
367124390,2025-01-08T00:02:33Z,48.71724,-122.72668,8.4,340.9,343,54,36,9,3.0
316022036,2025-01-08T00:00:29Z,49.19651,-123.13543,0.0,200.3,,31,11,4,0.4
338142024,2025-01-08T00:00:31Z,32.71144,-117.23272,0.1,,138,37,10,6,
368295280,2025-01-08T00:00:36Z,47.67827,-122.40938,0.0,223.4,201,37,11,4,
367047120,2025-01-08T00:00:39Z,45.64747,-122.73985,0.0,104.0,108,52,28,10,3.8
339000001,2025-01-08T00:00:42Z,26.34293,-80.07728,0.0,,,37,32,7,
316013215,2025-01-08T00:02:33Z,44.52849,-88.00974,0.0,286.8,7,81,130,20,6.9
368116110,2025-01-08T00:02:35Z,27.76056,-82.63595,0.0,,,37,18,6,
367547820,2025-01-08T00:01:06Z,18.2291,-65.62016,3.5,238.1,231,60,48,14,
367004560,2025-01-08T00:01:10Z,29.62897,-89.91206,0.1,16.5,,31,14,11,3.0
338693000,2025-01-08T00:01:16Z,47.62832,-122.38378,,,358,30,67,15,4.5
367638120,2025-01-08T00:01:19Z,29.97238,-90.3992,0.0,277.0,255,52,52,15,3.3
563027500,2025-01-08T00:01:06Z,29.11108,-94.57474,0.0,270.6,37,80,230,32,7.8
367505650,2025-01-08T00:01:24Z,38.409,-90.321,0.0,111.0,24,31,349,33,2.9
368023440,2025-01-08T00:00:45Z,29.73904,-93.88735,0.0,0.0,,30,29,9,
244730000,2025-01-08T00:01:28Z,30.40523,-81.58105,13.3,132.3,132,70,173,25,8.2
368018330,2025-01-08T00:00:47Z,25.98876,-80.08553,6.0,184.3,,36,,,
367463740,2025-01-08T00:00:50Z,41.66276,-87.5777,0.0,106.5,273,52,33,10,4.3
368129630,2025-01-08T00:01:32Z,29.93028,-89.98497,8.4,119.7,,52,20,8,3.5
311000187,2025-01-08T00:01:36Z,37.90782,-122.36352,0.0,270.5,169,70,200,36,8.8
338412932,2025-01-08T00:00:55Z,48.52762,-123.00014,0.0,,,37,4,4,
316001244,2025-01-08T00:01:36Z,49.12439,-123.08405,0.0,328.2,60,60,50,15,2.8
368125170,2025-01-08T00:00:57Z,47.62968,-122.38875,0.0,,,37,11,4,
367005250,2025-01-08T00:00:49Z,27.45671,-80.32263,0.0,270.4,,32,20,8,1.7
316036228,2025-01-08T00:01:14Z,42.53915,-80.01601,10.3,30.8,22,70,194,21,7.4
316037255,2025-01-08T00:00:55Z,49.29144,-123.12513,0.0,344.0,,37,18,6,
368385290,2025-01-08T00:01:04Z,30.75792,-88.0498,0.0,290.7,209,31,19,8,
311033200,2025-01-08T00:01:23Z,37.30715,-77.26676,0.0,283.8,69,70,179,28,6.2
311000112,2025-01-08T00:01:26Z,33.55241,-119.51893,11.0,295.8,297,80,276,48,11.8
367439490,2025-01-08T00:01:27Z,48.75573,-122.5094,0.0,,,37,17,6,
368611000,2025-01-08T00:01:33Z,29.32745,-94.77724,9.2,16.6,,70,33,9,
368112020,2025-01-08T00:01:03Z,32.42995,-80.67525,0.0,,,36,12,7,
368307550,2025-01-08T00:01:13Z,27.83795,-97.5058,0.0,14.7,306,52,26,9,3.4
352003813,2025-01-08T00:00:59Z,29.91452,-85.74133,0.1,63.0,342,70,190,32,7.7
368200120,2025-01-08T00:01:08Z,47.63309,-122.33945,0.0,194.5,,37,16,5,
338475455,2025-01-08T00:01:00Z,32.72557,-117.19091,0.0,,,37,20,6,
367059880,2025-01-08T00:00:39Z,32.09742,-81.11068,0.0,336.4,45,90,72,17,5.9
305598000,2025-01-08T00:00:48Z,26.90025,-96.0436,12.2,326.3,327,70,146,18,6.4
368325750,2025-01-08T00:00:40Z,44.33677,-68.31907,0.4,,,36,20,6,
366749460,2025-01-08T00:00:03Z,37.24771,-76.50436,0.0,253.3,,60,19,6,
368142910,2025-01-08T00:00:02Z,29.92337,-93.88159,0.0,316.5,305,31,19,8,
311001451,2025-01-08T00:00:10Z,26.08722,-80.18287,0.0,,,37,,,
368326370,2025-01-08T00:00:16Z,26.22028,-80.10227,0.0,,,36,14,8,
368347210,2025-01-08T00:00:14Z,48.75739,-122.50599,0.0,,,36,11,4,
477965900,2025-01-08T00:00:15Z,38.74865,-73.96198,7.0,11.3,353,70,272,43,12.9
338248272,2025-01-08T00:00:22Z,41.59014,-71.28369,0.0,146.4,8,34,12,4,
378111901,2025-01-08T00:00:24Z,18.35401,-64.60178,0.2,333.6,,36,17,9,
338321468,2025-01-08T00:00:04Z,40.91111,-72.6515,0.0,,,36,12,5,
338491029,2025-01-08T00:00:26Z,34.24457,-119.26085,0.0,63.4,,36,12,4,
368231310,2025-01-08T00:00:28Z,47.64685,-122.34321,0.0,160.3,137,37,25,6,
367157470,2025-01-08T00:00:29Z,48.60988,-123.15433,0.0,324.8,311,37,20,5,
338300637,2025-01-08T00:00:30Z,35.03622,-76.68952,0.1,183.3,,37,15,3,
367693470,2025-01-08T00:01:06Z,26.26742,-80.08469,0.0,274.6,5,30,25,7,2.0
353992000,2025-01-08T00:00:33Z,29.31187,-94.572,0.0,257.0,24,80,160,27,7.6
367560980,2025-01-08T00:00:35Z,27.62703,-82.56345,0.0,28.3,262,31,30,13,5.3
366939710,2025-01-08T00:01:11Z,40.64114,-74.12964,0.0,31.3,217,52,31,10,4.5
338425366,2025-01-08T00:01:01Z,38.77709,-76.56282,0.1,165.6,,37,16,5,
367092870,2025-01-08T00:01:14Z,37.69357,-76.4903,0.0,,,37,,,
368276480,2025-01-08T00:01:12Z,29.68898,-91.21472,0.1,7.0,11,32,20,10,
367404860,2025-01-08T00:01:03Z,33.98331,-118.45592,0.0,,,69,27,10,2.9
368106830,2025-01-08T00:01:04Z,27.8247,-97.19236,0.3,261.1,150,52,30,13,6.4
316030409,2025-01-08T00:01:23Z,48.66969,-123.40496,0.0,166.6,156,37,26,8,2.2
367496750,2025-01-08T00:02:34Z,30.55641,-91.2431,4.1,342.1,,32,59,15,3.3
368216230,2025-01-08T00:02:35Z,29.56383,-94.44998,3.5,79.4,87,57,24,10,3.1
368106830,2025-01-08T00:02:27Z,27.82471,-97.19205,0.6,74.7,68,52,30,13,6.4
367491710,2025-01-08T00:00:37Z,30.37111,-88.56448,0.0,,,31,16,8,2.5
316005416,2025-01-08T00:01:15Z,49.15534,-123.00626,0.0,87.9,63,31,26,7,4.0
366952790,2025-01-08T00:01:16Z,40.68207,-74.03322,13.0,33.0,26,60,95,22,4.1
366838990,2025-01-08T00:00:08Z,47.65,-122.32659,5.3,31.3,,52,21,8,9.0
368357570,2025-01-08T00:00:00Z,39.25797,-76.55594,0.0,320.5,177,52,26,11,
367689010,2025-01-08T00:00:04Z,30.03382,-90.61125,3.7,230.7,,52,24,9,3.4
367395270,2025-01-08T00:00:17Z,29.30862,-94.82148,0.0,240.3,190,52,26,10,3.2
366773040,2025-01-08T00:01:05Z,47.52712,-122.44126,15.1,276.4,278,60,100,24,
367108460,2025-01-08T00:01:01Z,37.85805,-122.4808,0.0,329.5,,37,27,6,3.0
316024235,2025-01-08T00:00:12Z,49.16998,-123.88814,2.6,127.1,,31,15,6,3.6
319091800,2025-01-08T00:00:32Z,23.42309,-81.25829,10.6,270.3,268,82,186,32,9.0
366996290,2025-01-08T00:00:33Z,29.73296,-95.02063,0.0,32.0,21,52,21,9,2.8
303275000,2025-01-08T00:00:49Z,21.31001,-157.86854,0.0,319.1,152,31,34,10,5.0
368209880,2025-01-08T00:01:10Z,29.7737,-93.34138,0.0,0.2,88,52,30,12,6.0
366951230,2025-01-08T00:00:09Z,30.04512,-90.5405,0.0,79.1,275,31,489,55,3.5
367181750,2025-01-08T00:01:03Z,37.02307,-76.34305,0.0,269.9,,30,29,8,
367635490,2025-01-08T00:01:09Z,40.64425,-74.02848,0.1,,,55,18,6,
339378000,2025-01-08T00:00:16Z,26.1085,-80.11265,0.0,62.9,220,37,46,8,2.8
368107760,2025-01-08T00:00:37Z,29.93207,-90.0617,0.0,336.7,23,65,95,22,
367585170,2025-01-08T00:00:39Z,27.86423,-97.04803,0.0,314.0,21,31,116,34,3.1
538008501,2025-01-08T00:00:50Z,29.87901,-89.94951,0.0,145.2,110,80,183,32,8.4
367456640,2025-01-08T00:01:15Z,29.76504,-91.73909,0.0,190.9,210,31,205,18,3.1
367779980,2025-01-08T00:00:09Z,48.68056,-123.41521,0.0,301.8,,37,24,7,1.7
367023390,2025-01-08T00:00:09Z,30.03567,-90.69582,0.1,272.0,,30,15,5,
316005607,2025-01-08T00:00:15Z,48.92607,-123.71384,0.1,0.0,353,31,15,7,2.4
368031660,2025-01-08T00:00:10Z,41.70475,-71.16453,0.0,26.0,144,52,26,8,4.0
368391490,2025-01-08T00:00:16Z,30.67249,-88.03465,0.0,,,52,16,6,
368292770,2025-01-08T00:00:23Z,38.9637,-76.48145,0.0,,,60,20,8,2.0
367546860,2025-01-08T00:00:06Z,35.08311,-90.14173,0.0,291.8,,31,16,8,
367147860,2025-01-08T00:00:49Z,40.67009,-74.08316,0.0,236.4,268,31,30,11,4.3
367795910,2025-01-08T00:01:14Z,40.82386,-73.78844,0.1,352.0,,31,23,6,2.8
366838990,2025-01-08T00:01:18Z,47.6513,-122.32533,4.3,34.2,,52,21,8,9.0
338060204,2025-01-08T00:01:13Z,34.16667,-119.22653,0.0,,,37,26,7,
367146170,2025-01-08T00:01:14Z,29.96865,-93.85972,0.0,258.5,212,31,81,12,2.9
366966550,2025-01-08T00:01:19Z,34.24274,-119.26406,0.0,341.7,,30,22,8,
538011204,2025-01-08T00:01:24Z,29.94374,-90.22305,0.0,163.7,350,70,200,24,7.2
368286850,2025-01-08T00:00:04Z,30.42111,-91.20392,0.0,156.1,18,31,27,10,3.3
367140820,2025-01-08T00:00:07Z,38.4809,-82.63192,4.4,110.8,115,31,348,33,2.8
319016600,2025-01-08T00:00:03Z,18.33617,-64.92112,0.0,272.8,223,37,45,9,
366823870,2025-01-08T00:00:02Z,29.8168,-90.00593,0.0,280.2,,30,12,4,
367455580,2025-01-08T00:00:10Z,33.7485,-118.21116,0.0,56.2,59,80,184,32,11.7
257682000,2025-01-08T00:00:00Z,41.51588,-71.40603,0.0,73.5,14,80,149,31,5.8
367515320,2025-01-08T00:00:06Z,29.83465,-90.05993,0.0,19.5,,52,20,8,3.2
316030628,2025-01-08T00:00:05Z,48.69531,-123.41024,11.7,214.6,212,60,107,24,4.6
229677000,2025-01-08T00:00:12Z,29.06565,-94.63311,0.2,187.1,43,70,180,30,6.6
403660000,2025-01-08T00:00:40Z,29.35182,-94.74132,0.0,223.0,59,80,183,35,9.3
477142100,2025-01-08T00:00:34Z,27.69025,-96.34977,1.5,34.1,53,80,333,60,15.8
316006345,2025-01-08T00:01:09Z,49.47744,-123.48493,0.0,325.6,,52,12,4,3.0
366979360,2025-01-08T00:00:28Z,46.08973,-122.92897,0.0,296.6,105,31,30,12,
367615320,2025-01-08T00:00:37Z,39.11858,-84.70752,0.0,299.9,,31,20,8,2.5
366921780,2025-01-08T00:00:49Z,29.32082,-94.78517,0.0,158.1,,52,27,11,5.0
366999711,2025-01-08T00:00:14Z,37.81052,-122.36067,0.1,176.6,,90,26,6,1.7
316030628,2025-01-08T00:01:06Z,48.69284,-123.41184,7.5,190.4,188,60,107,24,4.6
538006907,2025-01-08T00:01:07Z,33.77203,-76.79747,12.6,238.3,239,80,133,23,7.2
368280050,2025-01-08T00:01:10Z,30.06752,-91.28787,0.0,73.2,289,52,115,18,3.1
366855060,2025-01-08T00:01:13Z,33.97192,-118.44655,0.0,201.9,,30,23,8,
366709770,2025-01-08T00:00:10Z,48.50731,-122.67681,0.0,205.1,215,60,100,24,
366978440,2025-01-08T00:00:08Z,46.75387,-92.09402,0.0,,,52,30,9,4.1
255806489,2025-01-08T00:00:47Z,33.75429,-118.27539,0.0,312.6,330,70,299,48,14.1
636024021,2025-01-08T00:00:50Z,38.02903,-121.8499,0.0,95.0,123,70,190,29,9.7
366709770,2025-01-08T00:01:20Z,48.50731,-122.67681,0.0,205.1,215,60,100,24,
538070187,2025-01-08T00:00:32Z,27.76063,-82.63503,,,23,37,47,9,2.3
367704150,2025-01-08T00:01:13Z,33.75438,-118.17269,8.1,294.4,,60,24,5,
369080000,2025-01-08T00:01:15Z,47.58887,-122.35044,0.1,96.0,359,31,31,11,4.3
367677630,2025-01-08T00:01:15Z,30.01991,-93.99066,0.3,170.5,342,52,28,10,3.1
367378670,2025-01-08T00:01:15Z,45.25828,-85.18347,0.0,210.0,,52,22,6,3.1
366896390,2025-01-08T00:01:18Z,36.83669,-76.26841,0.0,242.5,,33,49,20,3.0
367617020,2025-01-08T00:01:24Z,41.61479,-71.40691,0.0,202.3,303,52,30,12,
368381790,2025-01-08T00:01:23Z,29.68036,-89.96699,0.1,314.0,320,52,30,10,
367773360,2025-01-08T00:01:09Z,29.79326,-95.06676,0.0,218.3,29,52,20,10,2.5
338165129,2025-01-08T00:01:30Z,46.30422,-124.03714,0.0,169.6,,30,,,
367121010,2025-01-08T00:01:29Z,45.86213,-84.47838,10.9,263.2,264,70,305,32,7.5
636018238,2025-01-08T00:01:02Z,47.26101,-122.38229,0.0,39.9,312,70,200,32,8.9
368152730,2025-01-08T00:01:17Z,40.70403,-73.97672,0.1,39.5,110,60,26,10,
366982270,2025-01-08T00:02:34Z,39.3737,-74.42755,0.0,180.2,,52,22,8,2.8
369970657,2025-01-08T00:02:28Z,35.07449,-90.12736,0.0,292.4,191,31,34,11,
338131263,2025-01-08T00:02:27Z,32.77399,-79.92437,0.0,,,37,20,6,
376544002,2025-01-08T00:00:18Z,49.2902,-123.06047,0.0,,149,,,,
368293040,2025-01-08T00:01:19Z,26.35734,-97.3536,0.0,207.2,260,52,24,13,2.6
374518000,2025-01-08T00:00:35Z,37.21032,-76.0821,0.1,262.3,304,70,199,32,6.5
366996040,2025-01-08T00:01:20Z,38.72753,-82.18671,2.3,150.8,170,31,105,22,3.1
368149440,2025-01-08T00:00:38Z,30.02853,-95.15091,0.0,,,79,10,5,
368290350,2025-01-08T00:00:43Z,29.14795,-90.20229,0.0,276.0,254,39,73,17,3.5
368170070,2025-01-08T00:01:23Z,47.6449,-122.31368,0.0,323.5,150,37,5,1,
373017000,2025-01-08T00:01:05Z,49.2909,-123.19147,0.0,177.6,82,70,228,37,6.9
367088210,2025-01-08T00:01:24Z,30.42523,-88.51185,0.0,21.7,47,30,50,10,
367387420,2025-01-08T00:01:05Z,42.26358,-70.92174,10.0,145.8,148,60,33,7,2.4
368342250,2025-01-08T00:01:26Z,30.11441,-90.97383,0.0,311.7,112,57,91,12,2.9
636023379,2025-01-08T00:01:08Z,31.83138,-117.85114,16.8,8.4,7,73,366,51,14.8
319237000,2025-01-08T00:01:08Z,26.06011,-80.13363,0.0,229.3,176,37,40,8,2.7
352002373,2025-01-08T00:00:56Z,27.47416,-96.24377,13.3,292.8,293,80,183,32,8.2
338472366,2025-01-08T00:01:27Z,27.74799,-82.72194,0.4,2.3,,37,17,4,
367093510,2025-01-08T00:01:14Z,30.39321,-81.40444,0.0,211.8,,52,32,14,6.0
368381660,2025-01-08T00:01:10Z,30.1321,-90.9205,0.0,160.0,,31,17,6,2.0
367362460,2025-01-08T00:01:28Z,30.04918,-90.53809,0.0,,,52,20,8,2.9
368165580,2025-01-08T00:01:17Z,30.07499,-93.33986,4.2,215.7,216,57,205,22,
368333870,2025-01-08T00:01:11Z,47.58942,-122.34971,0.1,51.0,177,52,25,13,5.2
212370000,2025-01-08T00:01:26Z,29.84425,-85.82425,11.1,6.0,4,70,100,17,5.3
368119060,2025-01-08T00:00:02Z,39.04223,-84.39987,0.0,73.9,,57,279,31,3.0
376544002,2025-01-08T00:01:38Z,49.2902,-123.06047,0.0,,155,,,,
368352260,2025-01-08T00:00:02Z,32.72459,-117.22603,0.1,,,60,26,8,
367539090,2025-01-08T00:01:29Z,41.7963,-73.94965,0.0,256.7,222,52,132,24,6.8
368149320,2025-01-08T00:01:30Z,48.75691,-122.50592,0.0,,,36,10,2,
368201010,2025-01-08T00:01:35Z,26.7928,-80.05139,0.0,,,37,21,4,
368342060,2025-01-08T00:00:16Z,39.12107,-76.44735,0.0,,,99,1,5,
368253850,2025-01-08T00:00:18Z,26.7856,-80.04,0.7,,,37,7,22,
232035644,2025-01-08T00:00:30Z,25.70509,-80.25492,0.0,,,36,13,8,
366983480,2025-01-08T00:00:34Z,30.05419,-90.56774,0.1,167.6,,52,32,8,3.8
367758160,2025-01-08T00:00:34Z,40.71053,-74.04481,0.0,158.6,92,36,16,4,
368360480,2025-01-08T00:00:35Z,18.34257,-64.7906,0.1,,,36,16,8,
368886000,2025-01-08T00:00:08Z,39.88477,-75.18475,0.0,,356,40,103,29,4.2
338124433,2025-01-08T00:00:34Z,30.33357,-81.61223,0.0,288.3,,31,17,8,
338143066,2025-01-08T00:00:35Z,27.77686,-82.42447,0.0,340.3,,37,15,6,
367177370,2025-01-08T00:00:11Z,42.60941,-73.76237,0.0,321.9,6,31,29,10,4.0
367523270,2025-01-08T00:00:39Z,27.72614,-82.47238,0.0,16.6,110,37,17,6,
368366750,2025-01-08T00:00:24Z,31.14815,-81.49829,0.0,161.1,161,60,74,17,2.1
368046190,2025-01-08T00:00:44Z,47.62947,-122.3934,0.0,,,37,13,4,
369970316,2025-01-08T00:00:42Z,38.98359,-76.46836,0.0,241.1,,35,32,10,
367491410,2025-01-08T00:00:49Z,47.65593,-122.38107,0.0,,,30,19,6,
367051910,2025-01-08T00:00:44Z,47.65596,-122.37763,0.0,,,30,18,6,
367769740,2025-01-08T00:00:55Z,33.97306,-118.45027,0.0,268.2,82,36,10,4,
338106688,2025-01-08T00:00:57Z,47.80659,-122.39492,0.0,,,37,9,2,
319272700,2025-01-08T00:01:38Z,19.19045,-68.26933,11.7,293.6,290,37,,,2.4
338212269,2025-01-08T00:00:56Z,25.31065,-80.29893,0.0,150.4,164,37,12,3,
367012380,2025-01-08T00:01:01Z,46.02736,-122.86916,0.0,123.6,,60,18,6,
366485000,2025-01-08T00:01:15Z,47.66286,-122.38817,0.0,243.4,123,30,39,9,4.0
368120430,2025-01-08T00:01:06Z,41.48805,-71.32194,0.0,46.7,,30,21,7,
338141808,2025-01-08T00:01:01Z,37.50155,-122.48116,0.0,0.0,,37,12,4,
367061580,2025-01-08T00:01:03Z,32.72351,-117.17453,0.0,,,60,56,20,
368347000,2025-01-08T00:01:14Z,32.72372,-117.22708,0.0,,,60,21,7,
367022790,2025-01-08T00:01:19Z,40.65525,-74.08521,0.0,260.7,114,52,25,9,3.0
367663890,2025-01-08T00:00:10Z,29.9811,-93.88213,0.0,302.6,97,31,24,10,2.9
316040057,2025-01-08T00:01:14Z,48.66933,-123.40667,0.0,,,36,15,4,
367726210,2025-01-08T00:00:14Z,32.08185,-81.09022,0.0,46.0,287,60,53,19,2.7
368331060,2025-01-08T00:01:15Z,25.70404,-80.25096,0.0,,,37,10,3,
368347850,2025-01-08T00:01:18Z,26.28478,-80.08314,0.0,,,37,26,12,
367020910,2025-01-08T00:00:16Z,25.73139,-80.16216,0.1,227.5,248,27,31,13,2.0
367469050,2025-01-08T00:00:02Z,36.85267,-76.30625,9.0,128.1,,52,25,8,
373879000,2025-01-08T00:00:04Z,45.9649,-122.81778,12.2,316.4,312,70,178,29,10.3
366998040,2025-01-08T00:00:03Z,29.73912,-95.11547,5.1,246.5,,31,146,12,2.9
367637190,2025-01-08T00:00:13Z,29.77703,-92.1762,0.0,143.4,,60,47,9,
368041480,2025-01-08T00:01:04Z,46.08335,-122.90597,7.6,126.0,125,52,35,14,6.3
538008122,2025-01-08T00:00:28Z,37.17995,-76.12677,0.3,203.9,295,70,196,32,6.4
366795290,2025-01-08T00:01:09Z,47.57085,-122.18905,0.0,304.3,,37,22,6,1.7
316047351,2025-01-08T00:00:24Z,49.27374,-123.13926,0.0,323.5,356,30,13,4,
367130910,2025-01-08T00:01:26Z,41.45558,-70.5994,0.0,286.9,84,60,78,20,4.0
367594490,2025-01-08T00:00:40Z,31.9806,-81.05585,0.0,279.2,187,37,24,7,2.4
636017335,2025-01-08T00:00:48Z,28.90927,-89.3265,0.2,172.7,50,80,145,24,6.6
366997610,2025-01-08T00:00:54Z,29.56883,-90.37559,0.0,292.3,,31,15,5,2.4
368208080,2025-01-08T00:01:05Z,34.96677,-76.80719,6.2,215.0,32,60,56,14,
367086370,2025-01-08T00:01:12Z,29.94424,-91.84204,0.0,332.2,,31,18,7,2.0
367036000,2025-01-08T00:01:01Z,29.72963,-95.02195,0.0,289.6,214,81,205,23,9.1
367013000,2025-01-08T00:01:06Z,26.83654,-80.05707,0.0,226.2,55,37,272,7,1.7
563146800,2025-01-08T00:01:10Z,29.95626,-90.14804,11.0,88.5,108,79,180,28,10.7
367518780,2025-01-08T00:01:11Z,47.5494,-122.61629,0.2,213.8,181,60,20,6,1.0
367469050,2025-01-08T00:01:12Z,36.85089,-76.30333,9.0,127.9,,52,25,8,
366977480,2025-01-08T00:01:09Z,30.45801,-91.19223,0.0,89.2,,31,15,7,
367179990,2025-01-08T00:01:16Z,40.67486,-74.13384,6.5,26.1,17,52,32,10,5.0
367513230,2025-01-08T00:01:09Z,45.63788,-122.72832,0.1,215.6,117,52,30,12,4.3
368163520,2025-01-08T00:01:14Z,30.12811,-90.92383,6.3,329.2,331,52,128,39,3.3
367479990,2025-01-08T00:01:15Z,47.62061,-122.51507,0.0,169.1,24,60,83,20,
366961230,2025-01-08T00:01:27Z,30.4507,-91.1928,0.1,118.6,329,52,17,7,2.2
368083470,2025-01-08T00:01:09Z,30.47122,-91.19349,0.0,30.8,358,52,124,34,2.9
368129710,2025-01-08T00:01:04Z,27.83167,-97.49939,0.0,295.6,126,57,116,33,3.4
367765240,2025-01-08T00:01:19Z,37.77737,-122.29912,0.0,102.8,92,60,41,12,2.1
338511878,2025-01-08T00:01:20Z,29.95242,-90.06252,0.0,285.1,,,30,16,
300000000,2025-01-08T00:01:32Z,29.85404,-89.98159,0.0,,,99,,,
339232000,2025-01-08T00:01:24Z,18.46976,-64.58116,8.3,261.6,,37,37,8,1.9
367668520,2025-01-08T00:01:31Z,29.61847,-90.3506,4.1,31.1,31,31,21,7,2.8
367558150,2025-01-08T00:01:26Z,29.95649,-90.3005,0.1,46.3,221,31,113,18,3.4
311000991,2025-01-08T00:01:19Z,46.26267,-126.96012,10.1,274.8,280,70,229,32,13.1
368857000,2025-01-08T00:01:20Z,34.90931,-75.67197,11.6,52.5,51,55,68,14,4.0
366811580,2025-01-08T00:01:27Z,40.66248,-74.06187,0.1,289.5,,52,29,9,
368398890,2025-01-08T00:01:21Z,26.11694,-80.10827,0.0,251.3,,,,,
563073700,2025-01-08T00:01:28Z,26.28924,-79.78373,1.3,31.7,61,71,299,40,11.4
368282150,2025-01-08T00:01:23Z,43.6574,-70.24757,0.0,,,52,35,10,4.5
566453000,2025-01-08T00:01:28Z,26.96676,-96.49414,2.3,192.1,129,80,274,49,9.1
367766000,2025-01-08T00:01:26Z,27.75965,-82.63198,0.0,169.9,89,33,34,16,4.5
636017072,2025-01-08T00:01:27Z,33.81963,-76.95987,11.6,51.7,50,70,180,30,10.0
636015150,2025-01-08T00:01:28Z,38.56509,-74.54305,2.9,172.1,219,80,228,42,8.0
367462360,2025-01-08T00:01:25Z,36.72725,-76.25759,3.0,114.4,,31,18,7,3.0
366995290,2025-01-08T00:01:10Z,30.0593,-93.37805,0.1,57.7,111,52,25,10,3.1
367328540,2025-01-08T00:01:29Z,30.04546,-93.728,0.0,283.8,167,31,21,8,3.0
367108030,2025-01-08T00:00:08Z,32.08564,-80.99067,0.0,0.2,157,52,30,11,
367508440,2025-01-08T00:00:09Z,29.79031,-95.0783,0.0,298.3,14,52,24,12,2.9
368077290,2025-01-08T00:00:09Z,29.99392,-93.91051,0.0,21.7,44,32,22,10,3.1
303200000,2025-01-08T00:01:13Z,37.79478,-122.28575,0.0,0.9,90,32,21,7,3.0
367576060,2025-01-08T00:01:14Z,39.27406,-76.59922,0.0,207.6,200,52,23,10,4.6
367057650,2025-01-08T00:01:20Z,30.6918,-91.34767,8.1,174.7,172,31,483,55,3.2
367789330,2025-01-08T00:01:10Z,28.66682,-96.00801,0.0,284.2,,31,15,6,
366945050,2025-01-08T00:02:30Z,30.39808,-81.55192,0.1,232.6,,52,28,8,5.0
636016288,2025-01-08T00:01:50Z,29.61776,-89.89387,0.1,264.2,298,70,199,32,7.4
368234960,2025-01-08T00:00:14Z,30.28808,-88.13159,8.9,67.0,,52,18,8,
538071939,2025-01-08T00:00:15Z,25.78333,-80.21623,0.0,300.8,284,90,50,9,2.8
338363598,2025-01-08T00:00:19Z,26.77699,-80.05146,0.0,,,33,17,8,
367084960,2025-01-08T00:00:19Z,41.39861,-71.06418,7.2,35.9,,30,28,8,
368205740,2025-01-08T00:00:21Z,47.67779,-122.40761,0.0,197.8,23,37,12,4,
368245860,2025-01-08T00:00:21Z,31.13188,-81.40878,1.9,150.8,,30,28,8,
368273720,2025-01-08T00:00:26Z,34.71122,-76.64338,0.0,115.4,97,36,17,5,
368184180,2025-01-08T00:00:27Z,47.62084,-122.5217,0.0,,,37,8,4,
367388660,2025-01-08T00:00:29Z,21.32701,-158.12028,0.0,71.7,,37,18,6,
338072862,2025-01-08T00:00:28Z,47.79474,-122.49753,0.0,,,37,19,5,
338439758,2025-01-08T00:00:32Z,26.28499,-80.08341,0.0,,,37,27,8,
312345678,2025-01-08T00:00:36Z,30.28549,-87.56181,0.0,,,37,18,6,
368025250,2025-01-08T00:00:41Z,37.78024,-122.3506,0.1,224.3,348,31,162,24,4.9
338242249,2025-01-08T00:00:39Z,32.72656,-117.19965,0.0,220.9,,36,16,4,
338072085,2025-01-08T00:00:49Z,41.6625,-71.44426,0.0,100.2,,37,24,8,
368211260,2025-01-08T00:00:51Z,26.27654,-80.08342,0.0,201.7,,37,30,6,
368238130,2025-01-08T00:00:45Z,33.45972,-117.69572,0.1,,,37,16,4,
338405272,2025-01-08T00:00:46Z,27.80374,-80.45072,0.1,173.4,292,36,11,3,
338186779,2025-01-08T00:00:58Z,30.28394,-87.56278,0.6,344.2,,37,16,,
316046194,2025-01-08T00:00:52Z,48.85822,-123.49948,0.0,,,37,12,5,
367029490,2025-01-08T00:00:52Z,24.89538,-82.20104,2.3,104.8,,30,24,7,
368172350,2025-01-08T00:00:53Z,26.77832,-80.04068,0.2,,169,37,24,18,
316028837,2025-01-08T00:00:56Z,48.75589,-122.50972,0.0,117.3,,37,14,4,
368331420,2025-01-08T00:01:08Z,37.92143,-122.36709,7.6,189.7,188,33,12,4,
367506340,2025-01-08T00:01:08Z,47.39396,-122.46408,0.0,212.6,,37,10,3,
366896060,2025-01-08T00:01:12Z,29.72084,-93.86459,0.0,331.9,237,50,21,7,
366996140,2025-01-08T00:01:13Z,29.7665,-95.10105,0.0,282.4,328,52,19,9,2.1
316003878,2025-01-08T00:00:09Z,41.68641,-83.47409,0.0,318.4,230,52,159,24,6.0
368099210,2025-01-08T00:00:43Z,48.11673,-122.75056,0.0,335.1,,37,15,4,
338346168,2025-01-08T00:00:43Z,47.33621,-122.59023,0.3,63.8,,37,14,5,
368112250,2025-01-08T00:00:49Z,36.96942,-76.41488,0.0,,,30,28,8,
367783220,2025-01-08T00:00:50Z,26.10018,-80.11729,0.0,102.4,175,37,38,8,2.4
367717060,2025-01-08T00:00:53Z,24.53312,-81.77054,0.0,200.8,,30,27,8,
368006020,2025-01-08T00:01:05Z,36.93081,-76.33125,0.0,329.4,272,95,35,13,
368018340,2025-01-08T00:00:14Z,45.60644,-122.66411,0.0,60.4,,37,11,4,
338200324,2025-01-08T00:00:14Z,38.97337,-76.2426,0.0,134.4,,37,18,10,
367719780,2025-01-08T00:01:19Z,43.6517,-70.25353,0.1,246.5,,30,28,8,
367634160,2025-01-08T00:01:05Z,37.86509,-122.4924,0.0,195.7,,36,17,4,
367743820,2025-01-08T00:00:28Z,21.31734,-157.87924,0.0,345.9,,30,24,7,
338467631,2025-01-08T00:01:05Z,37.78014,-122.25469,0.0,186.2,,37,11,4,
368170590,2025-01-08T00:01:07Z,30.43633,-86.58496,0.0,8.7,,37,14,5,
339000105,2025-01-08T00:00:59Z,26.11358,-80.12561,0.0,,,37,16,8,
367182320,2025-01-08T00:01:00Z,37.859,-122.4815,0.0,,,36,13,4,
368094570,2025-01-08T00:00:08Z,47.65778,-122.37949,0.0,,224,30,17,6,
368350630,2025-01-08T00:00:17Z,26.28485,-80.08194,0.0,,,36,14,8,
378113883,2025-01-08T00:00:23Z,18.38561,-64.70147,0.1,,,37,18,9,
338377954,2025-01-08T00:00:23Z,33.91796,-78.02772,0.0,179.9,,37,12,3,
232028016,2025-01-08T00:00:25Z,37.51363,-122.19409,0.1,248.8,,96,23,6,
367177660,2025-01-08T00:00:25Z,45.60731,-122.67803,0.0,214.1,,60,13,5,
367787990,2025-01-08T00:00:27Z,47.63005,-122.33207,1.3,325.6,,37,21,8,
368112640,2025-01-08T00:00:27Z,17.84528,-65.92405,4.2,209.5,,36,16,5,
338459316,2025-01-08T00:00:31Z,39.14062,-76.25097,0.0,133.0,317,37,14,4,
367488010,2025-01-08T00:00:32Z,47.72294,-122.6409,0.0,224.0,,37,19,6,
339000065,2025-01-08T00:00:34Z,26.71504,-80.04824,0.0,275.0,181,37,30,6,
368276440,2025-01-08T00:00:39Z,40.58795,-80.23776,0.0,213.7,,31,15,6,2.0
367542970,2025-01-08T00:00:43Z,48.75738,-122.50584,0.0,344.6,,37,14,,
368355000,2025-01-08T00:00:45Z,48.62068,-123.0022,0.0,,,60,14,5,
316001255,2025-01-08T00:00:48Z,49.00602,-123.12905,0.0,328.2,7,60,130,24,4.1
338466927,2025-01-08T00:00:48Z,27.88094,-82.53226,0.0,,,36,16,3,
368282380,2025-01-08T00:00:57Z,47.52006,-122.30822,0.0,,,37,12,5,
368327460,2025-01-08T00:00:49Z,47.75583,-122.2622,0.0,285.2,,37,9,3,
367999660,2025-01-08T00:01:00Z,18.28294,-65.63703,0.0,338.3,,36,12,7,
338320694,2025-01-08T00:01:01Z,33.9755,-118.44947,0.0,231.8,,36,20,5,
367338000,2025-01-08T00:00:56Z,29.13765,-90.20248,0.0,112.1,338,70,92,20,
367316630,2025-01-08T00:01:12Z,30.70471,-88.03945,0.0,314.3,349,52,28,10,
367401940,2025-01-08T00:00:00Z,47.5962,-122.24468,0.0,189.3,,37,12,8,
366435740,2025-01-08T00:00:00Z,46.16783,-123.91434,0.0,,,30,21,7,4.0
338319888,2025-01-08T00:00:02Z,40.80412,-124.17617,2.5,198.6,,37,8,4,
563198500,2025-01-08T00:00:03Z,34.46225,-121.12607,7.4,110.0,107,71,272,43,13.0
368160320,2025-01-08T00:00:05Z,33.97639,-118.444,0.0,,,36,16,9,
368346080,2025-01-08T00:00:03Z,41.40624,-71.2408,2.2,279.7,285,53,21,6,
338199468,2025-01-08T00:00:04Z,27.37099,-82.61907,0.0,,,37,14,4,
366989120,2025-01-08T00:00:04Z,29.65186,-91.10321,0.0,281.7,,60,53,10,1.4
338518362,2025-01-08T00:00:06Z,33.92655,-78.18874,2.5,75.0,,33,11,4,
367361210,2025-01-08T00:00:09Z,29.3186,-94.78633,0.0,236.7,46,31,110,18,3.0
367791180,2025-01-08T00:00:09Z,33.72216,-118.2813,0.0,,,37,13,4,
368177030,2025-01-08T00:00:51Z,47.99476,-122.22544,7.4,187.2,,60,13,6,
338395826,2025-01-08T00:00:54Z,34.2447,-119.2621,0.2,,,37,12,3,
367648510,2025-01-08T00:00:48Z,47.63379,-122.33885,0.0,308.7,,37,21,,
368243590,2025-01-08T00:01:01Z,38.99963,-76.45105,0.0,,,37,15,5,
368345340,2025-01-08T00:01:02Z,45.60795,-122.67614,0.0,,33,37,12,4,
339301000,2025-01-08T00:01:02Z,32.71012,-117.23327,0.0,77.3,,37,,,
338434362,2025-01-08T00:00:55Z,33.91772,-78.02774,0.0,176.5,,37,13,5,
367607810,2025-01-08T00:01:05Z,37.91229,-122.34676,0.0,49.2,,36,9,,
338441677,2025-01-08T00:01:06Z,27.6884,-82.72279,0.5,195.9,,37,16,5,
369275000,2025-01-08T00:01:00Z,33.4301,-118.50739,0.0,11.2,,30,17,5,
338460434,2025-01-08T00:01:11Z,32.71606,-117.226,0.0,,,36,12,4,
367693850,2025-01-08T00:01:13Z,43.65782,-70.24826,0.0,265.5,,52,40,13,4.5
338254272,2025-01-08T00:01:02Z,33.92076,-78.06188,0.0,120.4,,37,13,4,
368124440,2025-01-08T00:01:14Z,26.08595,-80.18392,0.0,,,37,21,4,
311001430,2025-01-08T00:01:03Z,25.77518,-80.14253,0.3,88.8,,37,,,
367153070,2025-01-08T00:00:02Z,39.45589,-124.58458,9.5,339.4,338,31,37,12,5.0
368192040,2025-01-08T00:00:09Z,47.40052,-122.32965,0.0,,,37,12,4,
371883000,2025-01-08T00:00:23Z,33.04012,-126.40828,11.0,126.5,123,70,190,32,11.1
366875850,2025-01-08T00:00:26Z,48.0623,-123.03815,0.0,204.8,,37,15,4,
338367106,2025-01-08T00:00:03Z,27.49999,-82.57425,0.0,,,37,15,5,
367419590,2025-01-08T00:00:39Z,21.28704,-157.8431,0.0,156.8,61,37,24,6,2.0
367797960,2025-01-08T00:00:40Z,47.65842,-122.26827,0.0,216.7,208,37,11,2,
367767350,2025-01-08T00:00:43Z,33.20943,-117.39627,0.1,206.2,,36,14,4,
338413925,2025-01-08T00:00:44Z,37.91244,-122.34633,0.1,135.7,,36,8,2,
367625790,2025-01-08T00:00:45Z,33.60951,-117.89125,,,16,37,22,,
339163000,2025-01-08T00:00:52Z,26.10423,-80.12103,0.0,266.4,,37,48,8,1.8
338319871,2025-01-08T00:01:05Z,33.72157,-118.28057,0.0,58.6,,37,18,6,
367686340,2025-01-08T00:00:59Z,26.05882,-80.14333,0.0,165.8,,37,18,5,
368134020,2025-01-08T00:01:10Z,35.08746,-90.10653,0.0,34.2,98,57,219,18,2.9
368209160,2025-01-08T00:01:01Z,29.54772,-95.02634,0.0,,,37,14,4,
367185330,2025-01-08T00:01:02Z,30.41292,-88.87932,0.0,120.8,,30,25,8,
368241490,2025-01-08T00:00:17Z,24.58338,-81.7805,0.6,,,37,15,5,
367190630,2025-01-08T00:00:06Z,41.72425,-87.54003,0.0,213.1,,31,22,6,
338498039,2025-01-08T00:00:40Z,38.97331,-76.24241,0.0,,,37,11,7,
367625230,2025-01-08T00:00:49Z,40.10246,-74.04362,0.0,173.0,,30,26,7,
368159560,2025-01-08T00:00:46Z,36.80218,-121.78491,0.0,,,37,11,5,
338473091,2025-01-08T00:00:59Z,26.78086,-80.04032,0.0,,,37,20,12,
368174290,2025-01-08T00:00:53Z,18.31103,-64.83257,0.0,,,36,15,5,
368250590,2025-01-08T00:01:25Z,41.63477,-70.90878,0.0,220.7,81,30,20,6,
366984250,2025-01-08T00:01:26Z,30.14231,-91.00195,8.0,214.4,230,31,350,33,2.8
367004970,2025-01-08T00:01:29Z,30.73425,-88.04118,0.0,,,31,18,7,
338139535,2025-01-08T00:01:10Z,34.16776,-119.2244,0.0,282.2,,37,16,3,
368083260,2025-01-08T00:01:31Z,48.00268,-122.22012,0.0,,,36,12,4,
367697560,2025-01-08T00:01:34Z,47.67921,-122.40792,0.0,190.0,,36,14,5,
367749050,2025-01-08T00:01:13Z,30.50853,-88.02134,8.3,195.7,,52,15,6,
368100440,2025-01-08T00:01:35Z,48.57332,-122.77998,20.9,141.2,,60,12,4,
338310207,2025-01-08T00:01:38Z,47.58713,-122.66304,0.0,,,37,7,2,
338347484,2025-01-08T00:00:17Z,33.45974,-117.69372,0.0,,,37,15,,
503009750,2025-01-08T00:00:17Z,32.63087,-117.13311,0.0,,,36,13,7,
368032330,2025-01-08T00:00:22Z,48.98769,-122.76953,0.0,,,36,10,4,
338175289,2025-01-08T00:00:23Z,32.72601,-117.18956,0.0,331.3,,36,15,4,
338310323,2025-01-08T00:00:24Z,47.68239,-122.40479,0.0,34.1,,36,10,4,
367402860,2025-01-08T00:00:25Z,32.72717,-117.20771,0.0,57.4,,37,22,7,
368263830,2025-01-08T00:00:26Z,26.77825,-80.04,0.0,,,37,17,6,
367627130,2025-01-08T00:00:28Z,33.72582,-118.06201,0.0,68.9,,37,14,4,
538071857,2025-01-08T00:00:31Z,26.0612,-80.13531,0.0,,,36,16,12,
338345761,2025-01-08T00:00:30Z,32.71304,-117.23092,0.0,,,37,17,6,
367727250,2025-01-08T00:00:32Z,45.60228,-122.6586,0.0,8.1,,36,16,5,
338018378,2025-01-08T00:00:37Z,29.73004,-84.9848,0.0,57.0,,37,19,6,
338495119,2025-01-08T00:00:48Z,26.89507,-80.07178,0.0,,,37,21,5,
338926424,2025-01-08T00:00:50Z,21.30658,-157.87168,0.0,189.3,152,55,46,7,3.0
368029740,2025-01-08T00:00:47Z,48.49296,-122.67709,0.0,13.0,,36,14,4,
538011221,2025-01-08T00:00:47Z,30.9466,-81.1686,0.0,283.8,13,70,199,32,9.2
366941210,2025-01-08T00:00:49Z,43.0284,-87.92587,0.0,216.3,271,40,59,18,2.7
366605190,2025-01-08T00:00:54Z,45.60137,-122.65221,0.0,0.0,,36,13,6,
368092580,2025-01-08T00:01:09Z,40.69338,-74.01485,0.1,1.2,,60,39,12,2.0
368136570,2025-01-08T00:01:08Z,31.15888,-81.49953,0.0,159.7,,37,11,3,
636023345,2025-01-08T00:01:11Z,48.61033,-125.72286,10.5,110.2,112,71,255,40,12.6
367057330,2025-01-08T00:01:15Z,29.93994,-90.17866,0.0,356.3,316,52,48,14,3.0
367771390,2025-01-08T00:01:15Z,26.71628,-80.04947,0.0,120.8,,37,28,4,
367013240,2025-01-08T00:01:15Z,29.9584,-90.15321,0.0,326.8,,52,17,8,9.0
338456424,2025-01-08T00:01:14Z,36.83109,-75.97577,0.0,98.0,,37,18,5,
367059190,2025-01-08T00:01:22Z,40.8075,-124.16594,0.0,142.2,,30,16,4,
316009457,2025-01-08T00:01:13Z,48.26088,-88.78789,11.1,96.3,96,70,223,23,7.2
123456789,2025-01-08T00:01:05Z,26.11065,-80.15753,0.0,,,37,25,10,
368208250,2025-01-08T00:01:22Z,29.99697,-90.42134,0.0,301.9,284,57,207,12,3.0
368071350,2025-01-08T00:00:27Z,30.14564,-85.72788,0.0,,,37,19,5,
367368000,2025-01-08T00:00:34Z,18.33584,-64.92058,0.3,,,37,32,7,
368160150,2025-01-08T00:00:58Z,18.45906,-66.08977,0.0,,,37,22,5,
367104070,2025-01-08T00:01:07Z,34.38324,-119.50912,0.3,225.2,,60,33,15,2.4
368269740,2025-01-08T00:01:27Z,35.02059,-90.25889,3.5,94.7,92,52,410,44,3.0
366905340,2025-01-08T00:01:28Z,30.03571,-90.69594,0.0,314.9,,30,19,6,
367170010,2025-01-08T00:01:10Z,29.42259,-94.72121,0.0,57.0,217,31,82,23,3.1
338234738,2025-01-08T00:00:48Z,47.30555,-122.51133,0.4,147.7,,37,14,4,
367502670,2025-01-08T00:01:16Z,32.50042,-80.78394,0.0,,,52,19,8,
367190630,2025-01-08T00:01:16Z,41.72424,-87.54003,0.0,222.8,,31,22,6,
367000110,2025-01-08T00:01:17Z,40.6431,-74.07074,0.0,190.0,88,69,63,14,2.2
368226970,2025-01-08T00:01:17Z,33.74043,-118.27822,0.0,165.4,,51,32,8,5.0
338444213,2025-01-08T00:01:04Z,37.78421,-122.26777,0.0,,,36,10,3,
368069000,2025-01-08T00:01:05Z,33.97764,-118.45493,2.7,40.8,,36,22,6,
367448040,2025-01-08T00:01:19Z,37.82736,-122.43408,3.9,316.8,,36,16,4,
368065260,2025-01-08T00:01:23Z,29.73744,-93.88277,0.0,143.1,,30,30,8,
338167897,2025-01-08T00:01:23Z,37.76576,-122.28269,0.0,,,37,22,6,
368232670,2025-01-08T00:01:24Z,26.35856,-80.07255,0.0,334.0,340,37,22,5,
366776910,2025-01-08T00:01:13Z,27.92889,-82.42718,0.0,254.1,,30,20,6,
339459000,2025-01-08T00:01:14Z,26.09085,-80.17462,0.0,246.9,179,37,47,8,2.6
366997930,2025-01-08T00:01:03Z,29.941,-90.359,0.0,197.0,7,31,81,11,3.2
367161940,2025-01-08T00:01:17Z,43.17415,-124.98045,6.0,350.6,359,31,31,9,4.5
367787650,2025-01-08T00:00:44Z,29.90614,-90.10398,0.0,160.8,256,31,115,18,3.1
368111370,2025-01-08T00:00:54Z,29.57678,-90.60822,0.0,347.8,87,32,34,10,3.9
367401030,2025-01-08T00:01:09Z,33.74875,-118.20965,0.0,275.4,320,31,30,12,5.5
368024740,2025-01-08T00:01:09Z,33.74722,-118.21563,0.0,33.9,,50,21,6,
338490727,2025-01-08T00:01:15Z,32.63938,-117.22873,14.0,9.4,,50,15,4,
367427060,2025-01-08T00:01:22Z,21.35191,-157.96194,0.1,138.6,224,90,67,18,
368288820,2025-01-08T00:01:25Z,30.49481,-81.30742,8.6,20.8,19,40,22,8,2.5
367076410,2025-01-08T00:01:28Z,41.49081,-71.32665,0.0,219.5,,50,17,6,
367672370,2025-01-08T00:01:10Z,29.99295,-90.40786,0.0,295.5,298,31,211,18,3.1
367078250,2025-01-08T00:01:19Z,40.64649,-74.17151,9.4,89.2,88,52,29,8,4.8
441357000,2025-01-08T00:01:19Z,33.84185,-119.09927,0.7,140.0,227,70,184,30,8.1
367755650,2025-01-08T00:01:21Z,30.12972,-91.32233,0.0,217.3,350,52,26,11,3.4
368092840,2025-01-08T00:01:21Z,29.92658,-90.19977,0.0,261.4,328,57,124,18,3.1
368352550,2025-01-08T00:01:07Z,29.83482,-92.29907,0.0,272.4,,90,15,6,
538005215,2025-01-08T00:00:53Z,28.90772,-95.16994,0.1,214.8,29,80,142,24,5.5
367434220,2025-01-08T00:01:04Z,40.73159,-74.02305,14.6,184.1,,60,25,8,2.0
367146540,2025-01-08T00:00:40Z,28.92764,-95.54288,0.0,277.4,,31,14,5,1.1
367502170,2025-01-08T00:01:08Z,29.91833,-90.14107,0.0,238.0,347,31,114,17,2.7
367177840,2025-01-08T00:01:05Z,39.8803,-75.15145,7.5,87.7,85,52,30,8,3.9
319233100,2025-01-08T00:01:26Z,25.75542,-80.1409,0.0,,,37,28,5,
368064130,2025-01-08T00:01:27Z,29.77194,-95.10198,0.0,,,52,16,7,
367473820,2025-01-08T00:01:27Z,30.70535,-88.0396,0.0,181.9,,52,30,8,4.0
367456960,2025-01-08T00:01:28Z,38.70053,-90.18316,1.6,209.1,205,31,317,34,2.9
367306860,2025-01-08T00:01:28Z,30.38826,-81.54487,0.0,319.3,,52,28,8,5.0
368274610,2025-01-08T00:02:29Z,40.48269,-80.05689,0.0,183.1,127,52,20,9,
338427785,2025-01-08T00:02:28Z,27.16405,-82.47765,0.1,,,37,9,3,
338216331,2025-01-08T00:00:09Z,47.6442,-122.31485,0.0,199.8,,37,11,7,
367459070,2025-01-08T00:00:12Z,47.62046,-122.5224,0.0,176.2,,36,18,5,
368394850,2025-01-08T00:00:13Z,18.34382,-64.98098,0.0,233.1,,36,14,8,
338190057,2025-01-08T00:00:20Z,48.10701,-122.78138,0.0,,,30,17,,
367440840,2025-01-08T00:00:22Z,47.65609,-122.38106,0.0,,,30,17,4,
319291200,2025-01-08T00:00:23Z,26.71702,-80.04756,0.0,,,37,,24,
368391040,2025-01-08T00:00:26Z,27.7724,-82.62936,0.0,,,37,12,4,
357984000,2025-01-08T00:00:36Z,30.3827,-81.63042,0.0,340.0,301,70,189,32,9.8
338397869,2025-01-08T00:00:33Z,32.71427,-117.22973,0.0,241.0,140,37,15,4,
636016430,2025-01-08T00:01:27Z,37.29417,-75.27101,5.3,33.0,17,79,280,32,11.2
368078670,2025-01-08T00:00:39Z,29.76384,-95.06982,0.0,12.3,350,52,119,34,3.1
366849480,2025-01-08T00:00:50Z,29.48259,-89.13564,2.5,75.4,,30,25,8,
367587420,2025-01-08T00:01:27Z,29.9739,-90.3994,0.0,,347,52,30,12,2.7
366938710,2025-01-08T00:00:26Z,41.45484,-82.73302,0.0,146.4,16,70,222,23,7.6
538011237,2025-01-08T00:01:09Z,23.07722,-79.4905,12.9,112.5,108,80,183,32,11.6
477004700,2025-01-08T00:00:31Z,49.28892,-123.09485,0.0,164.2,112,71,261,32,12.2
319199300,2025-01-08T00:01:29Z,26.10173,-80.11816,0.0,185.3,166,37,44,7,2.2
316041691,2025-01-08T00:01:07Z,49.31228,-123.17238,8.4,68.0,68,52,18,8,0.1
367761630,2025-01-08T00:01:14Z,29.29834,-94.85041,0.1,,,99,8,3,
338308619,2025-01-08T00:00:44Z,24.57647,-81.7089,0.0,,,37,18,10,
636020333,2025-01-08T00:01:08Z,25.05129,-79.68377,15.1,12.7,10,70,229,32,14.0
367315220,2025-01-08T00:00:21Z,45.64702,-84.47253,0.0,169.1,209,30,31,12,3.4
367633260,2025-01-08T00:01:13Z,30.08772,-90.90673,0.0,135.6,333,52,18,12,2.7
368009790,2025-01-08T00:00:51Z,30.38911,-86.3286,0.0,89.9,,37,22,7,
367031390,2025-01-08T00:01:10Z,36.83885,-76.29137,0.0,146.9,141,52,24,10,3.3
367602530,2025-01-08T00:01:07Z,30.40459,-81.54721,0.6,49.6,104,52,29,10,
367531640,2025-01-08T00:01:14Z,40.62946,-74.07175,0.0,,,51,10,4,
367122360,2025-01-08T00:01:16Z,47.6291,-122.33295,0.0,,,60,32,7,1.2
368071000,2025-01-08T00:00:24Z,29.12263,-90.21023,0.0,256.7,237,60,70,17,3.2
367683680,2025-01-08T00:01:26Z,34.19168,-77.95611,6.1,4.0,,90,8,4,
368157160,2025-01-08T00:00:54Z,26.49841,-82.01129,0.0,267.7,,52,22,12,2.7
367314420,2025-01-08T00:01:27Z,29.94348,-90.01386,0.0,306.1,216,31,116,34,3.0
338326316,2025-01-08T00:00:55Z,29.54675,-95.03991,0.0,,,36,15,5,
367106750,2025-01-08T00:00:05Z,29.9677,-93.86023,0.0,275.4,332,52,25,12,3.0
338553000,2025-01-08T00:00:56Z,26.34265,-80.07731,0.0,,,37,23,6,
636020363,2025-01-08T00:00:03Z,30.08556,-88.37731,0.9,132.2,77,80,182,32,8.4
367162270,2025-01-08T00:00:04Z,29.7495,-95.06388,5.4,338.2,343,52,24,10,2.7
367338610,2025-01-08T00:01:10Z,40.63674,-74.07308,0.1,326.2,,31,7,6,2.0
255806355,2025-01-08T00:01:31Z,29.13366,-94.3369,11.0,306.2,306,89,144,23,9.2
368064690,2025-01-08T00:01:19Z,40.94938,-73.07341,0.0,341.0,311,52,30,10,4.0
372956000,2025-01-08T00:01:19Z,33.61557,-120.727,7.7,93.0,91,80,174,28,10.6
366996910,2025-01-08T00:01:28Z,30.18582,-91.01354,0.0,358.8,329,52,21,9,2.6
371128000,2025-01-08T00:01:29Z,29.95113,-90.02268,10.0,296.9,296,70,229,32,7.3
367515330,2025-01-08T00:02:32Z,30.04508,-90.54907,0.0,294.3,,31,17,8,
367309120,2025-01-08T00:00:04Z,30.32336,-81.62644,0.0,271.5,189,52,36,11,
368344610,2025-01-08T00:00:07Z,41.61254,-71.40892,0.0,312.8,208,40,30,11,
345090012,2025-01-08T00:00:51Z,29.55792,-90.72123,0.0,261.8,,70,76,27,3.6
367004850,2025-01-08T00:00:10Z,30.56829,-88.02643,5.4,343.3,340,31,30,12,
366264360,2025-01-08T00:01:01Z,46.18814,-123.86175,0.0,260.8,307,30,30,10,4.0
339188000,2025-01-08T00:00:59Z,26.71366,-80.04806,0.0,180.5,180,37,50,9,2.4
367314420,2025-01-08T00:00:16Z,29.94348,-90.01386,0.0,10.1,216,31,116,34,3.0
369040000,2025-01-08T00:01:02Z,47.7632,-125.6161,9.4,31.7,33,80,183,32,10.8
368216140,2025-01-08T00:01:11Z,28.33479,-80.66138,0.0,,,99,,,
368231390,2025-01-08T00:01:02Z,30.06415,-90.85806,0.2,264.0,272,52,30,14,4.6
367384710,2025-01-08T00:01:31Z,27.49996,-82.57308,0.0,268.6,,37,24,7,1.5
366772750,2025-01-08T00:01:06Z,48.54584,-122.93437,15.8,44.4,45,60,119,22,5.6
249353000,2025-01-08T00:00:04Z,18.33719,-64.92248,0.1,,,36,25,16,
368124040,2025-01-08T00:00:39Z,27.82342,-97.19324,0.0,87.4,194,57,103,17,2.8
316002742,2025-01-08T00:01:17Z,49.52713,-123.47806,0.0,238.1,,31,26,8,4.0
249658000,2025-01-08T00:01:01Z,29.31281,-94.78841,0.0,151.2,234,80,180,27,9.1
367508280,2025-01-08T00:01:13Z,29.94225,-90.37826,10.1,115.4,113,52,45,12,3.1
366968070,2025-01-08T00:01:18Z,47.63246,-122.32904,0.0,,,36,34,9,4.9
636093306,2025-01-08T00:00:02Z,32.11057,-81.12277,5.3,146.8,147,71,336,43,12.7
366904380,2025-01-08T00:01:22Z,30.31772,-81.32693,3.4,49.7,41,32,33,10,4.6
316003677,2025-01-08T00:00:08Z,49.17005,-122.92455,0.0,282.3,227,52,24,9,1.5
368207410,2025-01-08T00:00:35Z,47.66607,-122.38838,0.0,345.5,,37,15,5,
367362960,2025-01-08T00:00:03Z,30.04801,-90.53351,2.5,261.5,278,31,146,22,2.8
477991446,2025-01-08T00:00:43Z,26.08577,-80.1839,0.0,155.1,,37,19,8,
368222780,2025-01-08T00:00:44Z,47.66036,-122.37021,0.0,,,37,12,4,
338143254,2025-01-08T00:00:43Z,37.78112,-122.3864,0.0,291.7,,37,14,5,
338425617,2025-01-08T00:00:49Z,38.04532,-122.15564,0.0,,,37,19,5,
367006980,2025-01-08T00:01:23Z,37.79881,-122.39451,0.0,212.6,,60,67,23,2.1
368112260,2025-01-08T00:00:44Z,34.72117,-76.67064,0.0,351.5,,30,24,8,
215741000,2025-01-08T00:00:38Z,16.51175,-66.56383,1.1,278.0,175,89,124,18,4.9
366902350,2025-01-08T00:01:29Z,40.70295,-74.0066,3.3,222.1,,60,26,10,2.0
338182965,2025-01-08T00:01:01Z,48.38344,-122.51113,0.0,252.3,,37,25,6,
367748320,2025-01-08T00:01:12Z,30.39019,-91.21341,0.0,348.6,,31,248,32,3.0
367599850,2025-01-08T00:01:11Z,30.04836,-90.59819,0.0,200.7,243,31,24,12,3.4
366920560,2025-01-08T00:01:31Z,36.96829,-76.41439,0.0,236.8,,30,23,7,
367622850,2025-01-08T00:00:48Z,29.11916,-90.21149,0.0,45.4,142,70,62,13,3.2
367700540,2025-01-08T00:00:13Z,47.53755,-122.24467,0.0,,,37,27,4,
367373660,2025-01-08T00:01:18Z,39.57012,-76.09995,0.0,154.4,,52,19,8,
367659160,2025-01-08T00:01:17Z,38.87431,-77.02147,0.0,291.0,,60,32,8,1.2
367163760,2025-01-08T00:01:14Z,29.35301,-94.78176,11.6,185.0,,60,77,20,4.0
271042996,2025-01-08T00:01:13Z,29.99175,-90.41289,14.2,110.0,110,84,120,20,5.3
338926456,2025-01-08T00:01:04Z,46.19047,-123.82487,0.0,94.5,84,55,46,7,
367653290,2025-01-08T00:01:14Z,34.824,-90.44408,4.8,61.8,72,31,126,18,3.0
316038603,2025-01-08T00:00:55Z,48.65187,-123.44699,0.0,342.7,218,51,19,6,1.8
366495000,2025-01-08T00:00:10Z,30.42551,-88.0144,12.0,186.2,186,80,187,32,11.1
256490000,2025-01-08T00:01:12Z,36.24558,-74.80298,15.9,139.7,138,73,270,42,13.1
367434320,2025-01-08T00:00:06Z,30.70505,-88.03954,0.0,0.0,,52,29,12,4.5
368042970,2025-01-08T00:00:01Z,36.96659,-76.41405,0.0,211.2,,50,19,6,2.0
367414810,2025-01-08T00:00:39Z,28.96816,-95.28576,0.0,139.7,,70,44,11,3.0
367601620,2025-01-08T00:01:14Z,29.76546,-95.09877,2.0,314.7,324,52,24,12,3.1
367378120,2025-01-08T00:00:04Z,30.39431,-91.221,0.0,119.3,,31,19,8,4.0
369301000,2025-01-08T00:01:21Z,47.62631,-122.38276,0.0,64.7,92,30,80,16,
367586370,2025-01-08T00:00:45Z,28.565,-90.8028,0.0,297.6,,99,36,20,3.5
245347000,2025-01-08T00:01:52Z,39.24705,-76.53849,0.0,194.0,194,70,142,21,8.2
367064160,2025-01-08T00:01:26Z,41.63019,-70.90517,0.0,,,50,14,6,2.5
367035820,2025-01-08T00:00:14Z,47.63041,-122.33085,0.0,267.4,,37,34,6,9.0
367015310,2025-01-08T00:01:14Z,30.65728,-88.04317,0.0,106.0,,31,16,7,
367161620,2025-01-08T00:01:22Z,43.23427,-86.26014,0.0,181.3,,60,19,9,0.2
366874650,2025-01-08T00:01:22Z,30.40007,-88.26079,0.0,281.5,,60,43,10,20.5
367001950,2025-01-08T00:01:15Z,29.68502,-91.1505,0.0,271.3,,31,20,8,2.1
338178871,2025-01-08T00:00:15Z,37.78012,-122.38523,0.1,230.1,,36,11,4,
366963250,2025-01-08T00:01:18Z,30.11056,-91.01485,0.0,349.9,84,52,42,12,3.0
367657730,2025-01-08T00:00:45Z,39.10907,-84.69838,0.0,,,31,20,7,1.9
367050280,2025-01-08T00:00:17Z,46.16718,-123.91729,0.0,298.2,,30,22,8,
367685470,2025-01-08T00:01:24Z,38.42716,-82.59677,0.0,,,31,16,5,2.1
338131000,2025-01-08T00:00:47Z,29.3508,-94.7689,0.0,321.3,49,31,150,24,5.2
368205890,2025-01-08T00:00:24Z,25.97539,-80.1316,0.0,,,37,26,6,
368205000,2025-01-08T00:00:53Z,47.64631,-122.33998,0.0,325.5,219,75,60,14,4.0
311000341,2025-01-08T00:01:23Z,24.89464,-79.96404,14.4,199.5,202,60,326,55,8.6
368334140,2025-01-08T00:00:05Z,30.25135,-88.08086,0.0,138.5,178,,16,6,
366772760,2025-01-08T00:01:02Z,47.60587,-122.48406,14.4,90.8,86,60,140,28,5.8
367560890,2025-01-08T00:02:33Z,29.6267,-89.92066,1.5,7.9,,31,17,7,
369493720,2025-01-08T00:00:10Z,41.37828,-71.51205,0.0,14.0,,51,14,4,1.0
368183000,2025-01-08T00:01:23Z,43.06784,-82.41443,10.7,5.5,5,70,193,21,8.1
368349000,2025-01-08T00:00:13Z,30.27669,-88.03546,1.8,13.0,12,30,108,24,16.7
367107680,2025-01-08T00:00:06Z,29.32018,-94.60489,0.2,,,60,31,7,2.0
316025866,2025-01-08T00:00:14Z,49.2,-123.08934,0.0,205.7,,52,22,5,5.1
367523350,2025-01-08T00:00:03Z,30.01331,-90.76189,6.4,254.5,257,31,348,33,3.0
367467120,2025-01-08T00:01:04Z,33.84184,-118.39216,0.0,294.4,,60,18,4,2.5
367760890,2025-01-08T00:01:26Z,26.09197,-80.11796,2.1,208.5,266,52,30,13,6.0
367003540,2025-01-08T00:01:17Z,29.83868,-93.95295,8.0,9.7,11,31,116,34,2.9
367682610,2025-01-08T00:00:06Z,40.64105,-74.12946,0.1,213.2,216,52,28,12,5.2
367617840,2025-01-08T00:00:27Z,47.64464,-122.316,0.0,54.1,,37,11,4,
367719670,2025-01-08T00:00:31Z,33.60964,-117.89685,0.1,318.9,,37,16,5,
355716000,2025-01-08T00:01:09Z,49.33115,-123.24742,0.1,346.1,80,70,199,32,8.5
477168600,2025-01-08T00:01:10Z,30.12939,-91.0153,0.0,162.9,68,70,180,28,6.3
367015090,2025-01-08T00:01:30Z,26.10245,-80.12269,0.4,189.8,,50,12,4,
338358749,2025-01-08T00:00:34Z,21.28541,-157.84184,0.0,,,36,14,4,
367728870,2025-01-08T00:01:19Z,29.83683,-89.99412,0.0,35.1,36,52,155,24,7.8
368126620,2025-01-08T00:00:29Z,30.04254,-90.47193,0.0,8.7,,57,232,33,3.9
366939820,2025-01-08T00:01:07Z,40.64639,-74.11041,9.1,74.4,79,52,34,13,4.3
368073550,2025-01-08T00:01:16Z,29.81676,-90.00583,0.0,280.1,,60,15,5,1.0
366603000,2025-01-08T00:00:56Z,30.1055,-93.3062,0.0,279.1,53,54,64,14,4.0
367310510,2025-01-08T00:01:18Z,29.99276,-90.44011,0.7,153.0,,52,23,10,
368106490,2025-01-08T00:01:21Z,29.78472,-91.81108,3.5,123.9,120,57,204,22,3.1
367378170,2025-01-08T00:01:10Z,29.24421,-95.01127,6.0,227.2,,31,32,11,2.6
367556330,2025-01-08T00:00:42Z,30.21102,-93.25712,0.0,327.4,107,52,28,11,
367063240,2025-01-08T00:01:22Z,46.48543,-84.29986,5.5,291.1,309,60,33,12,2.0
367174060,2025-01-08T00:01:13Z,41.63333,-70.90635,0.0,32.7,82,69,71,18,3.2
368079130,2025-01-08T00:01:08Z,45.73564,-122.84993,0.3,249.5,,37,15,5,
319795000,2025-01-08T00:01:10Z,26.11232,-80.10866,0.0,320.6,10,37,43,9,2.4
319060200,2025-01-08T00:01:14Z,34.80647,-76.68096,0.0,289.1,77,37,21,6,2.3
368184980,2025-01-08T00:01:11Z,29.74778,-95.09833,0.0,82.5,49,52,20,10,3.1
368161580,2025-01-08T00:01:08Z,29.92241,-89.93274,2.6,28.6,319,57,20,9,3.0
367637960,2025-01-08T00:00:09Z,30.11258,-90.96573,0.0,358.5,113,31,361,,3.1
367057720,2025-01-08T00:01:20Z,38.57061,-90.22863,0.0,244.7,49,31,350,56,3.0
305063000,2025-01-08T00:00:14Z,48.13038,-123.42118,0.0,93.9,3,70,138,21,7.0
338465166,2025-01-08T00:00:58Z,26.09144,-80.17144,0.0,,,37,21,6,
477468400,2025-01-08T00:00:09Z,18.42888,-66.10594,0.0,314.5,58,89,176,28,7.9
256276000,2025-01-08T00:00:15Z,29.74359,-93.8713,0.0,36.8,226,80,290,44,11.2
366734000,2025-01-08T00:00:48Z,33.74405,-118.22667,0.0,0.0,11,70,209,32,7.1
367512520,2025-01-08T00:01:02Z,30.34497,-88.50425,0.0,309.6,89,52,31,12,2.6
366963860,2025-01-08T00:01:17Z,30.04764,-90.47597,0.1,37.4,,52,20,8,3.3
368172490,2025-01-08T00:01:07Z,36.90675,-76.0885,0.1,26.5,256,50,16,6,
368092790,2025-01-08T00:01:31Z,29.94429,-91.84206,0.0,289.2,,31,18,7,
338382414,2025-01-08T00:00:57Z,32.71464,-117.23327,0.0,100.9,115,37,12,5,
367379320,2025-01-08T00:00:09Z,42.35569,-71.04918,0.0,41.3,277,40,37,10,2.0
367515280,2025-01-08T00:00:17Z,29.3614,-94.80644,4.5,186.0,187,31,114,32,3.1
367772180,2025-01-08T00:00:23Z,29.78761,-95.06859,0.0,269.4,332,52,26,10,3.0
367515670,2025-01-08T00:01:21Z,38.0143,-123.16434,9.3,342.5,344,32,37,11,4.5
368806000,2025-01-08T00:00:14Z,20.03221,-155.83022,0.0,220.4,170,35,83,18,4.0
369970323,2025-01-08T00:00:20Z,38.98373,-76.46813,0.1,248.4,,35,32,,
338361459,2025-01-08T00:00:28Z,34.40631,-119.68943,0.0,,,36,13,4,
367069420,2025-01-08T00:01:09Z,36.83908,-76.29134,0.1,307.1,214,31,32,13,4.5
636015902,2025-01-08T00:01:27Z,48.16207,-125.92582,10.2,238.0,237,70,190,32,12.2
368103560,2025-01-08T00:00:15Z,29.94299,-90.17482,0.0,288.1,222,57,172,22,2.9
367005470,2025-01-08T00:01:18Z,30.03844,-94.0463,0.0,,42,31,111,8,3.0
367573610,2025-01-08T00:01:30Z,27.82241,-97.4299,0.0,298.4,,31,133,22,2.6
367479080,2025-01-08T00:01:11Z,29.16075,-89.38348,0.0,,,31,8,5,2.0
367614020,2025-01-08T00:01:26Z,43.37218,-124.21042,0.0,230.7,,31,22,6,3.0
367603210,2025-01-08T00:01:22Z,29.8203,-93.97199,0.0,189.7,58,31,114,34,2.9
369204000,2025-01-08T00:01:11Z,29.12935,-90.20132,0.0,200.9,338,70,92,20,3.8
366958910,2025-01-08T00:00:36Z,29.7244,-95.2721,0.0,192.3,23,31,118,34,2.9
368115570,2025-01-08T00:00:31Z,32.71407,-117.22994,0.0,,,37,18,4,
316026464,2025-01-08T00:01:01Z,49.2045,-123.11362,4.9,81.4,75,52,11,4,3.6
308416000,2025-01-08T00:01:27Z,18.61184,-65.5792,16.1,99.9,100,60,294,32,8.6
368012890,2025-01-08T00:01:27Z,35.52588,-89.95449,0.0,83.2,,31,20,9,3.0
368317230,2025-01-08T00:00:35Z,48.49317,-122.68055,0.0,240.5,,37,21,6,
367574180,2025-01-08T00:01:01Z,26.73662,-80.04211,0.0,269.9,,37,22,,1.7
256000826,2025-01-08T00:01:12Z,26.77875,-80.05022,0.0,206.0,,37,23,7,2.4
311064200,2025-01-08T00:01:37Z,36.64563,-75.477,0.6,236.1,317,70,229,32,7.5
369230000,2025-01-08T00:01:12Z,40.88152,-73.93435,0.0,,14,52,32,12,4.6
368388750,2025-01-08T00:01:22Z,30.5319,-88.10792,0.0,36.8,280,,30,13,
368140290,2025-01-08T00:00:09Z,47.70564,-122.63584,0.0,252.3,,37,17,4,
367597650,2025-01-08T00:01:13Z,40.73558,-73.94681,0.0,5.0,22,80,89,22,6.0
366826000,2025-01-08T00:01:19Z,26.07432,-80.0222,0.8,242.3,281,80,182,32,11.1
367591810,2025-01-08T00:01:15Z,29.78715,-95.08303,0.0,304.5,292,52,26,12,3.1
338256000,2025-01-08T00:01:23Z,32.6956,-117.15363,0.0,,,37,52,9,2.6
563020800,2025-01-08T00:01:16Z,24.39473,-80.094,14.4,231.2,230,80,159,24,6.8
367754810,2025-01-08T00:00:08Z,33.76374,-118.22048,7.7,158.1,,31,18,8,2.8
367614030,2025-01-08T00:01:23Z,43.34656,-124.32049,0.0,235.4,,31,20,6,3.0
367348000,2025-01-08T00:00:54Z,40.45482,-74.05381,0.0,166.6,28,79,206,33,9.8
477655900,2025-01-08T00:01:16Z,36.81197,-75.73689,9.2,300.8,303,70,294,32,11.1
338167473,2025-01-08T00:00:13Z,48.57735,-122.78345,36.7,139.4,138,37,9,,
367702780,2025-01-08T00:01:03Z,45.5879,-122.77066,1.8,6.4,202,52,24,8,
368394280,2025-01-08T00:01:29Z,30.21758,-91.31751,0.0,163.2,349,,20,8,
368398010,2025-01-08T00:01:24Z,27.26822,-97.41238,5.2,195.6,194,31,23,10,2.6
367740670,2025-01-08T00:01:10Z,27.84395,-97.07003,0.0,306.6,,60,48,16,3.3
367053620,2025-01-08T00:01:11Z,29.60287,-89.86641,0.0,281.4,,30,14,5,
367005280,2025-01-08T00:01:14Z,29.8758,-91.21012,5.6,355.6,0,31,20,8,2.0
367551270,2025-01-08T00:01:05Z,30.29039,-91.22135,0.0,46.8,,31,17,8,
563233800,2025-01-08T00:01:05Z,28.89168,-94.33149,0.4,224.6,11,71,300,48,13.7
367019070,2025-01-08T00:00:58Z,44.38464,-124.32943,0.4,,,30,20,6,
367579920,2025-01-08T00:01:09Z,29.5359,-90.76411,4.2,66.8,48,31,115,34,3.0
563188100,2025-01-08T00:00:27Z,41.28989,-72.90765,0.0,100.7,97,70,179,32,8.6
367164650,2025-01-08T00:01:25Z,27.19608,-97.42823,5.5,194.4,190,31,23,9,3.0
316001252,2025-01-08T00:00:30Z,48.81663,-123.33382,12.2,4.6,1,60,96,21,3.7
367536560,2025-01-08T00:00:20Z,48.50807,-122.70627,5.6,31.9,,30,19,8,
316028711,2025-01-08T00:00:23Z,48.84748,-123.49391,0.0,,,52,10,4,
367652820,2025-01-08T00:00:08Z,41.63614,-70.90799,0.0,326.4,,30,28,8,
338339611,2025-01-08T00:00:09Z,33.46025,-117.69435,0.0,,101,37,11,4,
367590460,2025-01-08T00:01:10Z,30.4002,-81.43293,0.1,111.3,126,52,17,6,2.3
368312000,2025-01-08T00:01:09Z,47.63074,-122.34017,0.0,14.1,,37,20,7,2.0
367749970,2025-01-08T00:01:13Z,29.94393,-90.37098,0.2,348.0,,52,20,10,2.9
368254730,2025-01-08T00:00:10Z,47.62962,-122.39359,0.0,,,37,10,3,
368232030,2025-01-08T00:00:13Z,31.10186,-87.97213,0.0,,,33,30,12,
319202100,2025-01-08T00:01:26Z,26.89449,-80.07129,0.0,67.9,151,37,19,6,2.7
368211990,2025-01-08T00:01:05Z,40.66235,-74.13885,4.4,13.1,18,52,23,8,3.0
367552680,2025-01-08T00:00:18Z,35.10563,-90.08446,0.0,184.1,277,31,30,10,2.7
366961220,2025-01-08T00:01:09Z,30.43487,-91.21577,2.2,123.7,122,31,87,12,2.9
367461550,2025-01-08T00:01:08Z,39.09382,-84.50171,0.0,110.1,,60,53,13,2.5
368926001,2025-01-08T00:01:25Z,38.58891,-90.20642,0.0,302.1,,33,82,14,2.4
367309860,2025-01-08T00:00:17Z,36.93086,-76.33085,0.0,263.1,266,52,30,10,5.0
316014836,2025-01-08T00:01:39Z,49.22537,-122.78346,11.0,240.9,239,31,15,6,3.3
366751060,2025-01-08T00:01:13Z,38.04825,-121.83746,4.2,155.3,,60,30,10,2.0
368353260,2025-01-08T00:00:56Z,29.60912,-90.71034,0.0,,,31,13,8,
367326360,2025-01-08T00:01:09Z,47.66349,-122.39233,0.0,256.8,183,30,35,10,4.0
368203810,2025-01-08T00:00:20Z,47.64095,-122.34188,0.0,,,37,15,5,
538007036,2025-01-08T00:02:31Z,29.96006,-90.29668,0.0,146.7,229,70,229,32,14.3
316011515,2025-01-08T00:01:10Z,49.00576,-123.27835,19.6,8.5,7,35,33,8,2.6
367397320,2025-01-08T00:00:32Z,47.33393,-122.57757,0.0,0.0,,37,19,6,2.0
368077920,2025-01-08T00:01:11Z,36.00927,-75.96301,5.7,38.4,23,52,22,10,2.2
368381360,2025-01-08T00:00:18Z,35.44359,-89.99455,3.4,9.4,,33,50,10,
636017922,2025-01-08T00:00:24Z,27.91003,-82.43988,0.0,246.8,156,79,100,16,6.0
366853410,2025-01-08T00:01:08Z,40.70273,-74.00642,2.4,231.2,,60,21,6,2.0
368060960,2025-01-08T00:00:25Z,37.90835,-122.38345,0.0,182.3,,36,12,3,
368278180,2025-01-08T00:01:14Z,38.47049,-90.28263,0.0,,,52,20,8,
368202670,2025-01-08T00:00:27Z,33.59009,-78.37468,6.9,233.4,,36,13,4,
367508680,2025-01-08T00:00:36Z,29.12205,-90.20672,0.0,279.3,,31,29,8,3.3
311805000,2025-01-08T00:01:10Z,18.18244,-64.60731,10.4,95.9,94,60,279,32,7.8
212505000,2025-01-08T00:01:12Z,32.00794,-119.42696,0.5,321.7,313,80,273,48,15.6
367515850,2025-01-08T00:00:02Z,39.99967,-75.06166,0.0,358.2,201,52,30,12,4.3
367493000,2025-01-08T00:00:09Z,40.61373,-73.14916,1.7,324.6,293,90,148,28,8.5
367684370,2025-01-08T00:01:01Z,39.10871,-84.69816,0.0,,,31,19,7,
538007558,2025-01-08T00:01:09Z,42.77287,-127.83294,12.7,74.2,75,70,199,32,8.4
366553750,2025-01-08T00:01:13Z,29.92239,-90.07121,0.1,247.0,,90,26,8,
367361960,2025-01-08T00:01:30Z,39.27473,-76.5885,0.0,189.9,205,80,184,24,
368075180,2025-01-08T00:01:11Z,29.82963,-93.96226,0.0,116.9,172,52,23,11,3.1
538010202,2025-01-08T00:00:26Z,33.75748,-118.26271,0.0,216.1,38,70,199,32,12.3
636017611,2025-01-08T00:01:10Z,29.93468,-90.05868,9.2,198.1,197,70,190,24,6.8
368036520,2025-01-08T00:01:11Z,35.1246,-90.11774,4.3,124.9,118,57,355,,3.4
367328790,2025-01-08T00:00:12Z,30.74843,-91.59173,4.0,313.0,327,31,146,24,3.1
538090363,2025-01-08T00:00:48Z,27.80181,-96.91382,0.1,308.1,50,80,228,32,12.2
368184410,2025-01-08T00:01:18Z,29.83912,-90.04059,0.0,235.5,,52,23,9,
367598280,2025-01-08T00:00:17Z,29.56489,-90.73211,0.0,250.7,,52,17,8,2.4
367638170,2025-01-08T00:01:21Z,38.855,-90.11893,0.0,141.0,300,31,349,33,2.8
316050493,2025-01-08T00:00:27Z,48.65028,-123.55084,0.0,,,37,13,4,
368381310,2025-01-08T00:00:27Z,29.16834,-89.25769,20.6,351.0,348,50,15,6,
367589320,2025-01-08T00:00:43Z,29.31214,-94.80461,0.0,314.7,1,20,44,31,3.1
367574880,2025-01-08T00:01:07Z,30.76744,-88.02645,6.6,46.0,47,52,18,8,
367412560,2025-01-08T00:00:59Z,38.78757,-82.21875,5.0,10.1,15,31,343,33,3.2
368139720,2025-01-08T00:01:12Z,30.37099,-88.56431,0.0,319.1,228,52,99,10,3.1
316006724,2025-01-08T00:01:14Z,49.08568,-123.11034,0.0,262.7,,30,23,7,3.0
367166430,2025-01-08T00:01:14Z,29.42918,-94.71598,0.0,302.9,239,31,211,17,2.8
338483048,2025-01-08T00:00:40Z,30.68288,-81.52988,0.0,,,36,15,5,2.0
366917530,2025-01-08T00:01:23Z,41.45578,-70.59948,0.0,238.0,85,60,72,16,10.0
367496240,2025-01-08T00:01:05Z,41.15637,-73.87554,22.9,265.1,,60,26,9,3.0
367368820,2025-01-08T00:01:23Z,43.65798,-70.24788,0.0,176.0,317,52,28,12,
538009117,2025-01-08T00:01:07Z,29.83265,-93.96497,0.0,190.9,126,80,185,32,8.5
367526740,2025-01-08T00:01:24Z,29.63928,-91.32493,5.5,276.6,,31,209,18,3.1
338199855,2025-01-08T00:01:07Z,21.32872,-158.11957,0.0,,74,60,10,3,
367604920,2025-01-08T00:01:24Z,30.4729,-91.19358,0.0,,0,30,213,18,2.7
367100370,2025-01-08T00:01:23Z,38.78273,-75.12033,0.1,174.5,,50,15,4,
367653470,2025-01-08T00:01:25Z,29.734,-95.05184,7.3,122.8,122,52,25,11,2.6
311000859,2025-01-08T00:01:15Z,29.74443,-95.1057,0.0,29.0,40,70,200,32,10.2
311046100,2025-01-08T00:00:11Z,30.05344,-90.58442,0.0,178.2,260,70,190,29,6.3
367653490,2025-01-08T00:01:10Z,29.25809,-89.35564,0.0,269.9,,31,30,14,2.2
366938730,2025-01-08T00:01:27Z,41.65689,-87.32258,0.0,249.0,347,70,305,32,8.0
316044832,2025-01-08T00:00:08Z,49.32088,-123.15838,6.6,110.0,,52,13,6,2.3
367598990,2025-01-08T00:02:30Z,29.6852,-91.10007,0.0,311.2,,60,30,8,2.0
367498820,2025-01-08T00:01:27Z,39.19881,-76.52751,0.0,227.2,,31,22,8,2.5
477929100,2025-01-08T00:00:13Z,32.11874,-124.05098,16.4,140.6,137,70,366,51,15.1
367463020,2025-01-08T00:01:15Z,29.35442,-90.24915,0.0,314.6,,30,33,7,
367074940,2025-01-08T00:00:48Z,29.15714,-89.34906,0.0,354.4,86,52,20,8,2.2
367352250,2025-01-08T00:01:18Z,30.42292,-91.20331,0.0,340.0,,52,16,8,2.9
367199310,2025-01-08T00:01:10Z,33.76304,-118.19944,0.1,268.9,,40,42,12,3.7
267188530,2025-01-08T00:01:05Z,35.08989,-90.10751,0.0,81.7,,31,20,8,
367341190,2025-01-08T00:01:17Z,40.54392,-74.24743,0.0,187.8,53,31,108,31,4.4
538070721,2025-01-08T00:01:06Z,19.43412,-67.08362,12.4,101.2,103,60,55,10,
368157150,2025-01-08T00:01:24Z,34.00117,-77.95311,0.0,37.7,25,33,61,24,
368096750,2025-01-08T00:01:27Z,42.6138,-70.65398,0.0,,,30,25,7,12.2
367597640,2025-01-08T00:02:34Z,40.70249,-73.97049,0.1,113.0,130,80,89,22,5.0
563194900,2025-01-08T00:01:15Z,33.70345,-120.355,14.1,273.3,274,70,336,51,14.9
368173190,2025-01-08T00:00:38Z,29.74921,-95.10222,0.0,223.8,17,57,211,12,3.1
338353911,2025-01-08T00:00:41Z,25.31939,-80.2775,0.0,,,37,17,5,
367003480,2025-01-08T00:01:13Z,27.57953,-97.26895,4.8,206.4,206,31,114,34,2.9
368299790,2025-01-08T00:00:47Z,29.71959,-81.12269,7.6,150.6,,36,14,7,
367455690,2025-01-08T00:01:15Z,46.25887,-123.54796,10.5,258.5,,30,20,6,
367493000,2025-01-08T00:01:19Z,40.61415,-73.14961,1.5,321.0,293,90,148,28,8.5
338311634,2025-01-08T00:00:57Z,26.26761,-80.08344,0.0,214.4,,37,18,5,
367658440,2025-01-08T00:01:20Z,29.83793,-90.06262,4.0,210.4,212,31,24,9,3.1
367057410,2025-01-08T00:01:22Z,30.31732,-91.32316,0.0,307.0,167,31,230,23,2.9
366999859,2025-01-08T00:01:02Z,35.37095,-120.85864,0.0,117.5,,51,14,4,1.4
368203670,2025-01-08T00:01:10Z,27.87487,-97.04402,0.0,3.7,182,31,23,11,3.1
368321640,2025-01-08T00:01:23Z,27.82111,-97.20833,0.0,310.6,86,52,115,34,2.8
338155473,2025-01-08T00:01:05Z,30.25026,-81.71362,0.0,81.1,,37,23,3,
367534840,2025-01-08T00:01:18Z,28.88596,-95.41934,0.0,247.8,59,52,28,11,3.1
338313063,2025-01-08T00:01:05Z,38.83801,-76.54449,0.0,,,36,17,5,
367561320,2025-01-08T00:01:05Z,29.65609,-94.96967,0.0,307.1,,31,20,8,2.3
636018137,2025-01-08T00:01:13Z,29.861,-93.93832,0.0,40.0,40,79,193,28,8.8
367389220,2025-01-08T00:00:58Z,28.38751,-80.5053,0.3,351.0,,30,30,8,
311036900,2025-01-08T00:01:23Z,30.07468,-88.09516,0.0,199.0,334,33,194,30,8.6
367608860,2025-01-08T00:00:07Z,47.97455,-122.34919,0.0,344.4,327,60,110,25,
636016975,2025-01-08T00:01:04Z,34.66525,-75.7294,16.4,48.5,48,70,140,22,6.2
368077830,2025-01-08T00:01:24Z,29.46726,-94.85093,5.0,338.7,341,31,21,7,
368106960,2025-01-08T00:00:07Z,47.39404,-122.463,0.0,,,37,3,,
367538940,2025-01-08T00:00:08Z,29.78313,-95.09675,0.1,56.0,159,30,205,18,3.1
368078680,2025-01-08T00:00:34Z,29.89542,-92.47309,6.1,99.4,100,52,211,11,3.1
367312380,2025-01-08T00:00:17Z,30.05288,-90.55521,0.0,254.2,,51,,,
367762920,2025-01-08T00:00:11Z,30.0363,-90.84059,0.0,,,33,20,10,
386115820,2025-01-08T00:00:37Z,29.91765,-81.30813,0.0,,,36,13,5,
366971980,2025-01-08T05:27:07Z,37.80169,-122.34376,12.5,119.3,116,52,30,10,5.4
339000034,2025-01-08T00:00:09Z,26.05882,-80.13645,0.0,262.3,178,37,35,7,1.7
367471940,2025-01-08T00:00:38Z,38.18679,-121.66196,0.0,263.8,270,67,25,11,
367305420,2025-01-08T00:02:27Z,18.44852,-66.08926,0.0,280.1,,52,33,11,
636015112,2025-01-08T00:00:47Z,28.85214,-90.12334,0.2,156.0,57,90,189,32,16.0
368096750,2025-01-08T00:02:36Z,42.61379,-70.65396,0.0,,,30,25,7,12.2
368315870,2025-01-08T00:00:41Z,18.45947,-66.08825,0.0,,,37,23,6,
367199580,2025-01-08T00:00:07Z,28.15593,-82.75955,0.0,,,30,23,7,
367004280,2025-01-08T00:00:03Z,30.16111,-90.99708,0.0,108.7,,31,16,7,2.4
316033399,2025-01-08T00:01:13Z,49.29079,-123.06057,0.0,269.0,324,31,20,10,
538007258,2025-01-08T00:00:06Z,18.03765,-68.23194,12.2,209.8,210,70,200,32,10.6
368044470,2025-01-08T00:00:03Z,29.24367,-95.22223,0.0,345.2,38,52,91,18,3.0
636022776,2025-01-08T00:01:21Z,34.04827,-76.04499,16.0,43.4,47,70,222,30,9.7
538010765,2025-01-08T00:00:16Z,29.92327,-89.93093,0.0,242.0,284,70,225,32,14.2
338421899,2025-01-08T00:00:46Z,33.9729,-118.45187,0.0,265.3,,37,,,
338384136,2025-01-08T00:00:42Z,30.39754,-88.86058,0.1,,,30,20,5,
367474720,2025-01-08T00:00:29Z,29.45755,-94.67226,5.8,71.3,,31,17,7,2.8
369713000,2025-01-08T00:01:16Z,32.76215,-117.23656,0.6,,,30,23,7,
565699000,2025-01-08T00:01:18Z,19.42344,-68.37787,13.0,106.9,108,81,120,19,7.1
368142930,2025-01-08T00:00:26Z,29.80535,-93.95426,0.6,221.2,,60,18,4,
338627000,2025-01-08T00:00:40Z,21.30998,-157.8686,0.0,209.3,157,32,37,11,4.0
338452663,2025-01-08T00:00:43Z,37.87107,-122.49745,0.0,,,36,,,
368039990,2025-01-08T00:00:45Z,28.62077,-80.80969,0.0,37.2,,36,15,2,
255915794,2025-01-08T00:00:41Z,29.74536,-95.28542,0.0,126.4,154,80,159,27,7.8
367798420,2025-01-08T00:01:06Z,40.68009,-74.04009,21.7,206.3,209,60,26,8,2.0
311000732,2025-01-08T00:00:56Z,49.30853,-123.10812,0.0,326.7,256,70,229,32,10.4
368074180,2025-01-08T00:00:00Z,35.1305,-90.07374,4.4,51.0,38,57,476,43,3.6
367481310,2025-01-08T00:00:22Z,28.94699,-86.61786,12.2,115.3,114,82,204,26,6.0
338444000,2025-01-08T00:00:57Z,30.38865,-86.32875,0.0,287.3,,37,29,7,
249639000,2025-01-08T00:01:25Z,18.1765,-64.27675,11.9,89.7,91,60,264,32,8.0
367744120,2025-01-08T00:01:13Z,29.90497,-90.11606,0.0,264.1,,52,19,9,3.0
316001731,2025-01-08T00:00:00Z,49.20047,-123.0894,0.0,331.3,268,32,24,8,3.4
368192230,2025-01-08T00:01:11Z,29.6722,-94.21889,6.7,244.1,,52,23,11,3.0
367505060,2025-01-08T00:01:09Z,29.70612,-95.03767,0.0,328.8,193,31,28,10,3.0
303158000,2025-01-08T00:01:32Z,47.65783,-122.36874,0.0,260.0,142,30,40,9,4.0
356068000,2025-01-08T00:01:13Z,41.16101,-71.01614,0.1,204.7,200,79,140,50,9.5
367504970,2025-01-08T00:00:40Z,29.73318,-95.13337,0.0,172.2,279,31,120,34,2.5
367692620,2025-01-08T00:01:14Z,32.58352,-117.39513,7.4,246.1,246,30,23,8,
636092995,2025-01-08T00:01:05Z,18.83562,-67.8524,16.9,47.1,46,79,209,30,9.9
368222260,2025-01-08T00:00:01Z,29.66411,-94.97542,15.6,165.0,163,60,15,4,
366755020,2025-01-08T00:00:01Z,32.69686,-117.15264,0.0,111.8,250,52,30,11,5.2
367042160,2025-01-08T00:00:04Z,29.94214,-90.22329,0.5,174.6,,31,19,8,3.4
440292000,2025-01-08T00:00:04Z,31.54951,-117.74951,1.9,80.9,233,70,200,32,8.9
366778450,2025-01-08T00:01:13Z,37.94454,-122.50795,4.6,132.6,314,40,41,12,3.8
369970406,2025-01-08T00:00:07Z,32.70611,-117.18879,0.3,,,90,333,,
368350660,2025-01-08T00:01:01Z,25.7918,-80.15793,0.0,65.1,334,37,14,4,
367590950,2025-01-08T00:00:58Z,29.11796,-90.20686,0.0,,,60,40,9,
368093970,2025-01-08T00:00:14Z,36.80841,-76.28602,0.0,29.4,69,52,143,24,
368053730,2025-01-08T00:01:17Z,37.79054,-122.29188,0.0,256.7,256,60,44,12,2.1
368306120,2025-01-08T00:01:13Z,48.51972,-122.62199,0.0,,,37,11,4,
577482000,2025-01-08T00:00:21Z,29.64664,-91.10525,0.0,4.5,25,70,71,17,3.1
367098340,2025-01-08T00:01:07Z,25.24434,-81.70832,32.2,357.1,355,60,50,11,
338498643,2025-01-08T00:00:37Z,25.30935,-80.2884,0.0,,,37,12,5,
311001241,2025-01-08T00:00:37Z,25.78671,-80.17977,0.4,,,37,28,8,
316001821,2025-01-08T00:00:24Z,49.28649,-123.09793,0.0,182.2,354,30,39,8,
316001701,2025-01-08T00:01:19Z,43.80694,-82.56276,11.6,172.2,173,70,222,24,8.1
368269610,2025-01-08T00:01:23Z,36.92002,-76.18218,0.0,218.3,93,70,87,18,5.1
368869000,2025-01-08T00:01:24Z,36.91598,-76.17169,0.1,121.3,,35,154,20,6.5
316001434,2025-01-08T00:00:31Z,43.29876,-79.80297,0.0,49.7,,51,45,10,2.8
367743760,2025-01-08T00:01:22Z,30.1153,-90.9964,0.0,8.1,275,31,67,18,2.9
563232300,2025-01-08T00:00:43Z,33.76263,-118.27275,0.0,316.7,198,70,333,48,14.2
367750740,2025-01-08T00:01:12Z,45.62178,-122.67563,0.0,,280,52,19,6,3.5
368091590,2025-01-08T00:01:05Z,25.76784,-80.14417,9.4,297.1,122,69,46,,
316009547,2025-01-08T00:01:16Z,48.92555,-123.71389,0.0,9.8,89,60,52,16,2.0
367597250,2025-01-08T00:00:40Z,29.75057,-95.09989,0.0,242.0,238,31,203,17,2.6
367331110,2025-01-08T00:01:20Z,29.74448,-93.8688,0.0,54.0,316,52,32,14,7.3
367411370,2025-01-08T00:00:50Z,29.13999,-90.21305,0.0,238.5,,70,68,13,7.0
368083770,2025-01-08T00:01:21Z,46.10794,-122.95906,0.0,,,31,15,4,3.1
367641850,2025-01-08T00:01:02Z,33.72227,-118.21433,14.5,248.0,249,60,29,6,
367304380,2025-01-08T00:01:23Z,30.39075,-81.47603,0.0,289.8,,52,20,9,2.4
366960890,2025-01-08T00:01:14Z,34.17943,-77.95795,3.2,2.3,14,52,29,10,4.9
367702220,2025-01-08T00:01:25Z,29.77878,-92.18136,0.0,3.3,284,31,205,23,3.1
368139320,2025-01-08T00:01:14Z,36.90688,-76.08954,0.0,109.2,,50,16,5,
366887300,2025-01-08T00:01:16Z,47.26951,-122.3979,0.0,129.7,317,52,39,11,5.4
368274610,2025-01-08T00:00:40Z,40.48269,-80.0569,0.0,189.9,128,52,20,9,
316016328,2025-01-08T00:01:25Z,49.14998,-122.99928,0.0,214.8,152,52,13,6,2.5
367557020,2025-01-08T00:00:40Z,43.83073,-124.1921,2.0,192.5,,30,21,7,
338139461,2025-01-08T00:01:37Z,36.84958,-76.31529,0.0,256.6,,52,17,7,2.5
338228393,2025-01-08T00:00:41Z,34.40572,-119.68983,0.0,177.6,,37,23,6,
368201210,2025-01-08T00:01:04Z,30.20083,-91.11501,0.0,244.6,237,52,18,8,
367716190,2025-01-08T00:01:34Z,41.90663,-80.7948,0.0,222.9,,31,23,8,3.6
368005850,2025-01-08T00:01:04Z,26.09325,-80.12272,7.6,261.1,258,50,15,4,1.5
366841020,2025-01-08T00:01:08Z,30.06209,-91.28043,0.0,97.3,,52,17,7,
367704260,2025-01-08T00:01:21Z,30.03868,-90.67852,0.0,,,60,16,4,
366959840,2025-01-08T00:00:43Z,29.35986,-94.90569,0.0,284.2,179,52,23,9,2.9
367472580,2025-01-08T00:01:10Z,29.91908,-90.07904,0.1,333.1,251,52,27,10,4.3
338295000,2025-01-08T00:01:25Z,40.81197,-73.97328,0.1,112.5,18,70,248,32,5.5
366914410,2025-01-08T00:01:40Z,21.35955,-157.94218,0.0,215.7,,52,30,10,
367037240,2025-01-08T00:00:15Z,46.16811,-123.91424,0.0,205.9,,30,21,6,0.2
367707480,2025-01-08T00:01:25Z,44.12949,-125.13069,9.8,359.3,357,52,160,24,6.4
311001176,2025-01-08T00:01:18Z,28.96533,-93.25272,0.1,227.0,34,80,244,42,11.6
368001230,2025-01-08T00:00:43Z,25.92959,-80.14137,0.0,203.5,,37,24,6,
368144240,2025-01-08T00:01:01Z,48.51293,-122.60599,0.1,261.3,,37,20,6,
248983000,2025-01-08T00:01:48Z,26.09993,-80.11787,0.0,,,37,85,14,4.0
368217490,2025-01-08T00:01:07Z,29.83798,-93.95667,0.0,291.4,181,52,26,11,5.0
367560990,2025-01-08T00:01:11Z,27.92217,-82.44623,0.0,3.9,45,52,30,8,6.0
367042160,2025-01-08T00:01:14Z,29.94216,-90.22329,0.1,266.5,,31,19,8,3.4
367450580,2025-01-08T00:01:38Z,46.16871,-123.914,0.0,235.4,94,30,23,7,3.4
309046000,2025-01-08T00:01:11Z,36.93643,-124.72642,13.8,134.3,135,71,316,46,13.0
368105620,2025-01-08T00:01:14Z,30.04694,-90.59825,1.2,28.3,28,31,26,10,2.9
368178130,2025-01-08T00:01:11Z,36.8593,-76.34341,0.0,52.2,173,52,24,10,3.1
368222260,2025-01-08T00:01:03Z,29.65985,-94.9737,15.6,144.9,137,60,15,4,
319284800,2025-01-08T00:01:15Z,26.10921,-80.1175,0.0,202.0,120,37,50,9,2.3
366996080,2025-01-08T00:01:25Z,29.57713,-90.60858,0.0,223.6,89,52,37,11,2.8
338245285,2025-01-08T00:00:49Z,47.30381,-122.51079,0.0,174.3,,37,100,4,
316034963,2025-01-08T00:01:19Z,49.20679,-123.86905,6.8,67.0,71,52,16,6,3.6
366930730,2025-01-08T00:01:22Z,43.97272,-82.58579,9.6,341.3,340,70,302,32,8.3
367548230,2025-01-08T00:01:25Z,29.94612,-90.30487,0.1,228.1,,31,17,9,3.3
671087100,2025-01-08T00:01:24Z,18.4629,-66.10297,0.0,44.3,,70,70,18,4.0
367334040,2025-01-08T00:01:10Z,32.7246,-117.22371,0.0,244.0,181,37,21,6,2.0
368090030,2025-01-08T00:01:30Z,29.64658,-90.27382,6.8,256.4,,57,79,12,2.5
367564260,2025-01-08T00:00:55Z,47.56252,-122.62079,0.0,35.1,,37,17,5,
368367040,2025-01-08T00:00:47Z,29.41694,-94.82826,7.2,155.4,154,,20,9,3.0
374996000,2025-01-08T00:01:32Z,39.90364,-75.12736,0.0,122.0,16,70,142,22,7.7
368018050,2025-01-08T00:00:17Z,26.2223,-80.10992,0.0,257.7,,37,10,4,1.0
368127180,2025-01-08T00:00:57Z,29.70473,-95.04585,0.0,233.4,181,57,114,34,3.1
367590780,2025-01-08T00:01:09Z,42.6289,-73.75416,0.0,221.0,15,52,182,24,
368071290,2025-01-08T00:01:09Z,40.71093,-74.04927,0.0,,,60,28,8,
368102290,2025-01-08T00:01:29Z,29.64512,-91.10616,0.0,229.5,208,33,95,22,3.0
368291410,2025-01-08T00:01:12Z,27.94022,-82.45508,0.0,242.1,,60,22,8,1.0
368011980,2025-01-08T00:00:22Z,26.89394,-80.07134,0.0,295.2,164,37,32,8,2.2
338393461,2025-01-08T00:00:48Z,25.94017,-80.13753,0.0,278.0,356,37,14,6,
304822000,2025-01-08T00:00:06Z,26.06579,-80.11566,0.0,346.6,,70,53,11,2.0
367470340,2025-01-08T00:01:13Z,32.72685,-117.20705,0.0,273.9,266,37,23,6,
338922000,2025-01-08T00:00:08Z,48.73451,-122.68609,0.0,80.0,,90,53,10,3.7
366988470,2025-01-08T00:00:29Z,29.56128,-90.70363,0.0,285.0,,31,16,8,
338386072,2025-01-08T00:00:56Z,35.10222,-77.04127,0.0,,,37,,6,
366960460,2025-01-08T00:01:14Z,29.8306,-93.95445,6.4,22.4,,31,19,8,
367787640,2025-01-08T00:00:30Z,29.93673,-90.33037,0.0,162.3,258,31,115,17,3.1
367477880,2025-01-08T00:00:57Z,34.52271,-76.38043,6.3,211.9,,30,30,8,
369970145,2025-01-08T00:01:02Z,39.02063,-74.29774,9.2,216.6,220,90,64,15,5.9
319720000,2025-01-08T00:00:22Z,32.71003,-117.23365,0.0,263.2,,37,29,6,2.6
338236712,2025-01-08T00:00:52Z,26.83214,-80.05525,0.0,,,37,20,6,
368219290,2025-01-08T00:01:07Z,29.38447,-94.7694,0.3,56.4,50,31,26,6,2.8
367575130,2025-01-08T00:01:11Z,35.08281,-90.14185,0.0,278.2,,31,21,8,2.7
367397990,2025-01-08T00:01:06Z,29.58625,-93.26582,18.6,23.0,,60,42,8,2.0
368138170,2025-01-08T00:01:26Z,30.15568,-85.66712,0.0,38.8,317,57,211,16,3.1
367704590,2025-01-08T00:01:09Z,29.96574,-90.23331,0.0,284.0,31,31,21,9,2.8
367437420,2025-01-08T00:01:10Z,29.24225,-95.22046,0.1,325.8,7,31,21,8,2.7
366959350,2025-01-08T00:01:20Z,29.95509,-90.06217,0.0,188.3,,69,71,12,2.2
367551860,2025-01-08T00:01:11Z,42.75925,-70.18567,6.4,236.8,,30,19,5,
338416093,2025-01-08T00:01:05Z,37.5589,-76.31907,0.0,,,37,12,4,
367650000,2025-01-08T00:01:20Z,47.63452,-122.32797,0.0,,191,30,35,11,4.2
319221100,2025-01-08T00:01:09Z,18.10057,-64.54981,10.6,288.1,291,37,44,8,2.1
366961670,2025-01-08T00:00:28Z,29.68556,-94.95861,0.0,,,52,16,7,
369493484,2025-01-08T00:00:34Z,45.57053,-122.7229,0.0,64.4,,90,30,7,
246547000,2025-01-08T00:01:26Z,29.31312,-94.78757,0.0,313.0,54,70,132,16,8.3
366902320,2025-01-08T00:01:28Z,40.77077,-74.0054,22.2,13.9,,60,26,9,2.0
477006500,2025-01-08T00:01:26Z,34.22293,-120.06516,8.8,104.5,105,70,368,51,14.9
367105180,2025-01-08T00:01:28Z,30.34935,-88.50553,0.0,305.6,193,31,120,34,2.8
367474890,2025-01-08T00:01:06Z,29.14826,-89.3471,0.0,258.0,,52,16,6,1.6
636024233,2025-01-08T00:00:47Z,39.70986,-75.5124,0.0,336.4,198,70,190,32,11.6
368210940,2025-01-08T00:01:08Z,40.69907,-74.0413,0.0,282.3,,60,23,7,
367098070,2025-01-08T00:01:12Z,40.6447,-74.03842,0.9,80.1,27,52,30,10,3.4
368145870,2025-01-08T00:01:11Z,29.78043,-95.07653,0.0,292.0,217,52,123,12,3.1
368024780,2025-01-08T00:01:10Z,38.59435,-90.19711,5.5,32.0,36,31,20,7,3.0
367122610,2025-01-08T00:00:30Z,41.51557,-88.08958,0.0,,30,52,16,6,2.0
232047535,2025-01-08T00:01:22Z,33.33053,-124.91489,12.3,146.8,148,70,190,32,11.7
368363010,2025-01-08T00:01:23Z,44.10649,-69.1076,0.0,180.5,181,65,32,8,2.5
368224850,2025-01-08T00:01:02Z,40.6052,-74.04527,33.2,177.1,177,65,43,12,3.0
367337690,2025-01-08T00:01:11Z,29.74849,-95.29227,0.3,186.7,,60,33,8,
367143160,2025-01-08T00:01:12Z,33.96174,-77.94015,0.0,,,69,51,13,2.0
339137000,2025-01-08T00:01:12Z,26.26762,-80.08085,0.1,123.7,189,37,36,8,2.5
368004560,2025-01-08T00:01:12Z,29.8489,-90.02511,0.0,286.4,,30,21,8,
636024494,2025-01-08T00:01:14Z,29.95252,-90.22474,9.4,330.5,330,70,183,33,7.8
366998840,2025-01-08T00:01:18Z,33.75478,-118.26393,2.9,39.2,39,52,30,11,4.2
367733230,2025-01-08T00:01:26Z,38.40055,-82.5602,0.0,,,52,16,7,2.3
338424477,2025-01-08T00:01:10Z,38.67597,-77.25188,0.0,174.1,,37,18,6,
368084470,2025-01-08T00:01:14Z,30.06933,-90.89492,0.0,314.0,,31,24,19,3.0
367352240,2025-01-08T00:01:21Z,30.41913,-91.20366,0.0,345.6,,52,16,6,2.4
367505870,2025-01-08T00:01:27Z,29.99827,-90.8348,0.0,314.1,351,31,116,34,2.8
368335430,2025-01-08T00:01:14Z,29.93537,-90.32127,7.2,60.4,48,52,26,10,3.0
367314110,2025-01-08T00:01:11Z,39.87431,-75.20905,0.0,231.8,,31,16,6,0.3
378113414,2025-01-08T00:01:14Z,26.08888,-80.17557,0.0,,6,37,33,7,
368054210,2025-01-08T00:01:28Z,37.65867,-76.44062,0.0,184.1,190,99,28,8,3.0
316047881,2025-01-08T00:01:27Z,48.43032,-123.37584,0.0,305.3,305,79,24,11,3.8
366966210,2025-01-08T00:01:16Z,36.93083,-76.33032,0.0,266.4,272,31,30,12,4.8
367533020,2025-01-08T00:01:10Z,30.44958,-91.19279,0.1,70.9,1,31,361,,3.6
367108840,2025-01-08T00:00:27Z,29.82224,-92.13322,0.0,259.6,,30,49,10,3.5
303849000,2025-01-08T00:01:18Z,20.39427,-156.31505,11.6,81.1,81,80,191,30,9.7
367474560,2025-01-08T00:01:09Z,29.78574,-95.09519,0.0,18.8,0,31,22,10,
367469690,2025-01-08T00:01:17Z,29.79295,-92.14317,0.0,266.6,,60,19,5,
367493370,2025-01-08T00:02:29Z,29.78953,-95.07538,0.6,12.9,,31,117,34,3.1
367474570,2025-01-08T00:01:18Z,38.11202,-90.25056,0.0,281.5,,31,22,9,
368338770,2025-01-08T00:01:14Z,29.61103,-94.99059,0.0,331.3,225,52,30,13,6.8
538006053,2025-01-08T00:01:24Z,37.17197,-123.41033,1.4,134.5,43,80,184,27,10.8
366695940,2025-01-08T00:01:28Z,42.37988,-71.04247,0.1,57.2,,52,30,8,4.4
367377380,2025-01-08T00:01:18Z,42.35556,-71.04968,0.0,303.5,279,60,30,12,2.7
367162840,2025-01-08T00:01:09Z,30.0099,-93.97257,0.0,142.2,242,31,27,9,2.7
403538000,2025-01-08T00:00:47Z,28.66496,-94.7609,0.3,168.3,52,80,333,60,11.0
367307690,2025-01-08T00:01:22Z,35.84322,-75.62267,0.0,,,30,15,5,
366986670,2025-01-08T00:01:08Z,29.8001,-95.06145,0.0,300.6,,52,16,6,2.1
367011510,2025-01-08T00:01:19Z,30.39547,-91.20944,0.7,180.3,,52,20,8,2.7
367457250,2025-01-08T00:01:05Z,29.31632,-94.65809,28.4,120.6,118,50,22,6,
367339130,2025-01-08T00:01:26Z,29.707,-92.24773,7.6,190.1,187,70,50,12,3.0
378112993,2025-01-08T00:01:23Z,18.33665,-64.92478,0.1,6.8,,36,23,10,
367011830,2025-01-08T00:01:28Z,38.42372,-82.59896,0.0,220.9,150,31,31,10,2.8
636023250,2025-01-08T00:01:27Z,37.79718,-122.32612,3.3,110.3,105,74,366,51,12.2
367011510,2025-01-08T00:02:30Z,30.3952,-91.20941,0.8,173.2,,52,20,8,2.7
367513050,2025-01-08T00:01:23Z,42.37993,-71.04288,0.0,181.3,,52,27,8,4.0
212237000,2025-01-08T00:02:33Z,45.90232,-122.80674,11.1,169.9,169,70,225,32,7.8
367657110,2025-01-08T00:00:10Z,29.12109,-90.19912,0.0,246.2,338,70,95,20,5.2
367129650,2025-01-08T00:02:29Z,29.99696,-89.99384,1.0,87.7,75,31,44,11,3.0
538003893,2025-01-08T00:00:38Z,27.85027,-97.23563,0.0,264.0,,99,67,,
367152990,2025-01-08T00:02:29Z,29.47001,-91.276,7.0,9.9,,90,14,18,3.0
366961470,2025-01-08T00:00:46Z,35.67872,-89.94736,0.5,195.9,158,31,483,54,3.4
368005880,2025-01-08T00:01:07Z,29.95415,-90.29768,3.8,214.6,207,52,20,10,2.9
367419340,2025-01-08T00:01:10Z,38.04001,-122.1378,0.0,287.2,53,52,30,12,6.0
316015050,2025-01-08T00:01:00Z,42.69769,-80.18836,0.1,150.9,289,82,144,23,7.8
367151450,2025-01-08T00:01:17Z,29.32727,-94.77397,0.0,95.9,,60,75,20,3.5
367615770,2025-01-08T00:01:13Z,29.93747,-90.3257,0.0,306.8,259,31,125,33,2.5
316001269,2025-01-08T00:01:20Z,48.89317,-123.27461,20.1,44.0,40,60,167,26,4.4
368389210,2025-01-08T00:01:25Z,26.69656,-97.44528,6.3,162.3,161,57,115,18,2.9
367664870,2025-01-08T00:01:21Z,35.08302,-90.14168,0.0,272.1,,31,20,8,
368286340,2025-01-08T00:01:02Z,45.64336,-122.75261,0.0,157.5,,52,26,12,
368102370,2025-01-08T00:00:11Z,38.53855,-90.25584,0.0,126.3,,52,21,,
368317880,2025-01-08T00:01:07Z,24.6545,-81.84512,10.2,81.7,76,60,74,17,2.0
366972000,2025-01-08T00:01:09Z,45.56635,-122.72672,0.0,126.7,125,33,110,20,9.0
338926417,2025-01-08T00:00:47Z,29.33259,-94.77329,0.0,0.0,120,55,44,8,3.0
367563090,2025-01-08T00:01:06Z,48.75604,-122.50989,0.0,,,99,17,4,
338401516,2025-01-08T00:01:11Z,28.61743,-80.80033,0.0,,,37,17,5,2.0
303442000,2025-01-08T00:00:09Z,48.11563,-122.50213,8.4,131.2,,52,24,8,3.0
367325760,2025-01-08T00:01:28Z,29.94354,-90.01413,0.1,2.8,,31,33,9,3.1
368254630,2025-01-08T00:01:12Z,29.65379,-90.10707,0.0,,,52,15,6,
368063440,2025-01-08T00:01:07Z,37.84848,-122.39315,29.3,165.3,165,60,42,12,
369053000,2025-01-08T00:01:15Z,39.65484,-74.07742,0.8,25.1,340,90,99,18,6.5
366990570,2025-01-08T00:01:14Z,41.50079,-74.00455,0.0,287.3,,60,21,7,3.0
636017692,2025-01-08T00:01:06Z,37.22048,-76.12267,0.0,213.7,305,70,225,32,7.1
367740820,2025-01-08T00:00:10Z,45.64329,-122.75286,0.0,237.5,,60,13,4,1.0
367646810,2025-01-08T00:00:19Z,37.79483,-122.28805,0.0,91.8,91,52,148,24,4.6
367635000,2025-01-08T00:01:30Z,30.39183,-81.55354,0.0,262.6,339,80,130,20,4.9
367546880,2025-01-08T00:01:25Z,30.00035,-89.98859,0.0,272.5,,31,81,22,2.9
338215609,2025-01-08T00:01:27Z,35.87547,-75.66132,0.0,128.6,,33,14,4,
368151810,2025-01-08T00:01:16Z,47.60132,-122.33907,0.0,46.7,58,40,41,11,1.7
366954180,2025-01-08T00:01:28Z,30.01594,-90.72968,0.0,0.0,,52,18,8,2.7
368186160,2025-01-08T00:00:51Z,26.71533,-80.04867,0.1,257.0,349,37,28,7,
368063440,2025-01-08T05:27:07Z,37.84848,-122.39315,29.3,165.3,165,60,42,12,
367388520,2025-01-08T00:01:07Z,38.12212,-75.13705,9.0,204.4,208,97,40,11,2.8
367740820,2025-01-08T00:01:11Z,45.64328,-122.75287,0.0,233.3,,60,13,4,1.0
366999597,2025-01-08T00:01:15Z,42.61038,-70.65891,0.0,40.3,,51,14,4,1.0
366953930,2025-01-08T00:01:18Z,40.8057,-73.80618,0.1,77.9,344,52,27,16,4.0
367565450,2025-01-08T00:01:39Z,47.70472,-122.62486,0.0,262.6,357,37,15,5,2.0
366873510,2025-01-08T00:01:28Z,21.27053,-157.93212,11.0,78.8,,52,40,10,5.5
338324000,2025-01-08T00:00:13Z,43.36098,-124.20448,0.0,0.0,80,70,75,16,3.5
369500000,2025-01-08T00:01:04Z,26.44539,-80.06549,0.0,294.3,179,37,35,7,2.0
338546000,2025-01-08T00:01:17Z,47.6302,-122.38388,0.0,91.2,0,30,99,21,8.7
563064900,2025-01-08T00:01:21Z,29.7449,-95.09631,0.0,150.9,318,80,179,27,8.7
367338290,2025-01-08T00:01:29Z,37.8228,-122.41914,10.1,312.1,,60,40,10,
367293000,2025-01-08T00:00:37Z,28.4149,-80.622,0.0,0.0,,55,64,9,4.0
367481630,2025-01-08T00:01:18Z,38.5888,-90.19783,0.0,63.0,52,31,22,5,2.7
367389230,2025-01-08T00:01:04Z,48.52022,-122.62405,7.7,335.8,339,60,38,13,2.5
338439617,2025-01-08T00:01:20Z,32.114,-81.12489,0.2,,,,9,6,
367744470,2025-01-08T00:01:17Z,32.69402,-117.15224,0.0,251.5,221,31,30,8,10.0
338663000,2025-01-08T00:01:06Z,28.99276,-90.16858,0.1,221.2,53,70,73,17,5.0
367566130,2025-01-08T00:00:04Z,29.70537,-91.22288,0.0,262.4,,52,14,6,3.0
367702060,2025-01-08T00:01:15Z,29.9927,-90.43318,0.1,43.0,271,31,231,22,2.9
368096770,2025-01-08T00:01:24Z,30.19781,-91.32229,0.0,229.8,195,52,302,18,2.9
303408000,2025-01-08T00:01:29Z,26.11532,-80.10807,0.0,325.4,,37,27,8,
366990570,2025-01-08T00:00:04Z,41.50076,-74.00453,0.0,300.0,,60,21,7,3.0
368237220,2025-01-08T00:01:25Z,38.5389,-90.25115,0.0,271.6,27,57,357,33,2.8
368242070,2025-01-08T00:01:32Z,26.77628,-80.04015,0.0,140.0,,37,21,,
367777470,2025-01-08T00:01:16Z,47.63393,-122.32844,0.0,139.3,128,70,45,15,2.0
316018031,2025-01-08T00:01:12Z,41.83314,-82.18419,10.2,264.8,266,70,222,23,7.4
368119660,2025-01-08T00:00:42Z,40.66749,-74.00638,0.0,93.0,12,57,138,20,4.6
367162640,2025-01-08T00:01:33Z,48.4926,-122.68239,2.0,122.0,109,37,14,4,
367405840,2025-01-08T00:00:49Z,29.14547,-90.21162,0.0,312.3,59,52,28,10,8.0
367056452,2025-01-08T00:00:07Z,48.51293,-122.64478,0.0,268.6,243,30,37,8,3.4
255806492,2025-01-08T00:01:26Z,48.22444,-123.60709,6.3,84.7,90,71,300,48,10.2
338473878,2025-01-08T00:01:33Z,21.28506,-157.84118,0.0,,,36,14,4,
316023437,2025-01-08T00:00:03Z,49.19308,-122.9204,0.0,233.0,,90,,,
366998170,2025-01-08T00:00:14Z,40.64323,-74.11606,0.0,249.1,336,52,41,12,7.9
367599750,2025-01-08T00:01:33Z,47.67876,-122.40868,0.1,282.1,,36,17,4,
367488490,2025-01-08T00:01:13Z,29.73546,-95.05235,6.0,306.2,307,31,31,14,2.7
366793760,2025-01-08T00:01:14Z,32.72325,-117.17466,0.0,244.0,,60,49,12,3.3
367670110,2025-01-08T00:01:13Z,29.83414,-90.06057,0.0,286.7,140,52,49,15,2.9
316023833,2025-01-08T00:00:07Z,49.2865,-123.09802,0.0,169.5,354,30,43,10,5.8
367641540,2025-01-08T00:00:38Z,28.90112,-95.37556,6.0,238.5,233,31,207,18,2.6
636023896,2025-01-08T00:00:07Z,34.17866,-77.95783,3.2,6.5,0,70,183,32,8.5
368264040,2025-01-08T00:01:17Z,29.93452,-89.99915,0.0,263.0,,31,24,8,
368045410,2025-01-08T00:00:38Z,27.8403,-97.06876,1.0,185.2,,60,46,16,
367685950,2025-01-08T00:01:27Z,29.70602,-95.03709,0.0,358.0,190,52,32,12,2.7
316014850,2025-01-08T00:01:04Z,49.16418,-123.92744,0.0,4.6,338,54,25,10,2.5
636015956,2025-01-08T00:01:18Z,38.17916,-74.64207,15.8,195.3,197,70,170,26,9.0
338347072,2025-01-08T00:01:14Z,47.64123,-122.33052,0.0,,,37,10,3,
368340820,2025-01-08T00:01:15Z,26.09174,-80.17044,0.0,,,37,21,6,
316016150,2025-01-08T00:01:15Z,48.85163,-123.4974,0.0,,356,60,12,4,
366998050,2025-01-08T00:01:27Z,29.96859,-93.85957,0.0,280.7,214,52,24,12,2.9
367726950,2025-01-08T00:01:12Z,30.08104,-93.32756,0.0,,265,31,114,34,3.0
367062810,2025-01-08T00:00:10Z,35.20774,-75.70337,0.0,,,60,43,14,
368120080,2025-01-08T00:00:09Z,29.60223,-89.86127,0.0,303.0,,50,10,8,
366999758,2025-01-08T00:00:07Z,39.37781,-74.42383,0.0,,,51,14,4,1.4
367452990,2025-01-08T00:00:06Z,29.56476,-90.73055,0.0,,,31,29,9,
368285560,2025-01-08T00:01:40Z,32.71271,-117.23078,0.0,,,37,11,5,
367568020,2025-01-08T00:00:12Z,42.60925,-73.76254,0.1,130.4,,52,30,8,3.4
235108582,2025-01-08T00:01:06Z,33.97198,-118.44939,0.0,301.6,359,37,86,14,4.3
368138720,2025-01-08T00:01:18Z,47.64825,-122.32554,0.0,,,37,10,3,
367771350,2025-01-08T00:00:55Z,29.03284,-89.49344,2.7,263.2,,30,25,7,4.0
366768030,2025-01-08T00:01:11Z,33.37895,-118.30688,27.1,21.2,,40,41,11,3.0
368084630,2025-01-08T00:01:41Z,47.62898,-122.3939,0.0,,,36,11,3,
367675880,2025-01-08T00:00:45Z,28.50785,-96.79953,0.0,256.8,339,52,206,17,3.0
357456000,2025-01-08T00:01:28Z,29.47636,-93.92365,6.9,73.5,71,90,80,16,4.4
370852000,2025-01-08T00:01:14Z,36.9609,-75.98872,9.5,325.2,319,70,200,32,8.1
338429153,2025-01-08T00:00:25Z,37.67609,-122.38011,0.0,,,37,9,3,
367744990,2025-01-08T00:01:29Z,29.40534,-89.14316,0.1,283.8,,30,29,8,2.8
366926920,2025-01-08T00:00:31Z,40.64084,-74.12892,0.0,294.4,1,52,34,12,4.8
367307280,2025-01-08T00:01:19Z,30.18386,-85.73376,0.0,293.7,,60,26,12,
369293000,2025-01-08T00:01:07Z,29.13231,-90.21848,0.0,88.3,256,70,95,20,6.4
367071450,2025-01-08T00:00:32Z,39.37438,-74.42086,0.0,87.2,,30,24,7,
538006805,2025-01-08T00:01:21Z,24.57553,-79.8774,12.0,232.2,230,82,169,25,9.3
228408700,2025-01-08T00:01:21Z,26.34225,-79.37764,19.9,356.7,355,80,293,46,11.5
367302540,2025-01-08T00:00:15Z,32.69057,-80.22367,0.0,283.1,162,52,40,11,
368070380,2025-01-08T00:01:05Z,45.60757,-122.67757,1.7,81.1,,60,13,4,
367616870,2025-01-08T00:00:34Z,25.95402,-80.12894,0.0,151.9,,37,14,4,
367344710,2025-01-08T00:00:28Z,33.61478,-117.91462,0.1,234.2,30,37,40,8,2.2
368096150,2025-01-08T00:00:46Z,26.10239,-80.11653,0.0,232.4,,37,34,8,
368085790,2025-01-08T00:00:03Z,29.74146,-95.10864,6.9,246.8,248,52,84,10,2.5
367463060,2025-01-08T00:01:13Z,47.33186,-122.50783,0.1,285.0,15,60,83,20,
367003920,2025-01-08T00:01:17Z,29.95248,-90.14434,6.8,320.5,318,31,285,33,2.7
367366340,2025-01-08T00:01:25Z,30.11692,-90.99684,3.6,278.4,,52,22,11,
367573920,2025-01-08T00:01:19Z,37.24837,-76.50443,0.1,343.4,,30,12,4,1.5
368222890,2025-01-08T00:01:17Z,30.11492,-90.98218,0.0,303.5,281,57,24,10,
368099320,2025-01-08T00:01:25Z,30.02194,-93.98753,0.0,266.2,,57,116,18,2.8
368207550,2025-01-08T00:00:46Z,26.09775,-80.16698,0.0,195.4,39,37,29,7,
369970571,2025-01-08T00:01:24Z,40.17186,-74.0001,7.5,11.2,10,33,50,20,1.5
368131020,2025-01-08T00:00:49Z,47.63013,-122.33111,0.0,197.3,,37,13,4,
367756280,2025-01-08T00:01:05Z,32.08202,-81.06495,0.1,154.4,273,31,26,11,
368327980,2025-01-08T00:01:29Z,40.72979,-73.93753,1.3,318.9,,52,75,26,
367174670,2025-01-08T00:01:26Z,27.67428,-82.59125,5.2,218.3,220,52,29,10,4.2
368133450,2025-01-08T00:01:20Z,33.76321,-118.26103,1.4,330.9,335,31,27,10,3.3
368380060,2025-01-08T00:01:11Z,29.90552,-90.08171,0.0,133.5,67,57,20,9,
368315150,2025-01-08T00:01:22Z,29.95685,-90.2321,0.0,26.0,,31,19,7,2.9
366999597,2025-01-08T00:00:04Z,42.61039,-70.65892,0.0,40.3,,51,14,4,1.0
367665960,2025-01-08T00:00:58Z,30.5671,-88.09289,0.0,233.0,,37,17,5,
235085287,2025-01-08T00:01:05Z,17.2332,-64.50622,9.8,98.9,98,36,56,12,4.0
367005190,2025-01-08T00:00:26Z,29.8354,-92.30159,3.9,318.6,,31,23,9,3.1
338444085,2025-01-08T00:00:59Z,37.18392,-76.42274,0.0,,,37,17,4,
338397963,2025-01-08T00:01:01Z,28.17727,-82.83792,0.4,301.5,,36,12,4,
368136950,2025-01-08T00:01:02Z,33.7482,-118.21105,0.0,17.9,330,52,27,12,
338211917,2025-01-08T00:00:53Z,25.72629,-80.23387,0.0,183.6,,37,,,
369494404,2025-01-08T00:01:25Z,42.07119,-73.93664,0.0,182.7,258,51,15,5,1.0
368253470,2025-01-08T00:01:06Z,29.96924,-90.25846,0.0,348.8,275,79,92,20,3.8
367165450,2025-01-08T00:01:12Z,40.67906,-74.14602,0.0,240.3,130,32,34,24,5.0
367653620,2025-01-08T00:01:09Z,25.77331,-80.17596,0.1,251.9,301,52,28,12,5.0
316023833,2025-01-08T00:01:17Z,49.2865,-123.098,0.0,169.5,355,30,43,10,5.8
311001249,2025-01-08T00:01:31Z,47.61345,-122.35359,0.1,186.4,87,40,51,12,2.5
367515090,2025-01-08T00:01:13Z,41.70443,-71.16437,0.0,278.1,,31,21,7,3.1
338362117,2025-01-08T00:01:04Z,47.62951,-122.39055,0.0,,,37,13,4,
368392310,2025-01-08T00:01:25Z,26.8419,-80.06637,4.9,358.8,0,52,21,9,2.5
367074530,2025-01-08T00:01:11Z,41.64735,-70.92095,0.0,79.8,,30,26,12,
368346760,2025-01-08T00:02:00Z,39.98202,-124.1934,,,146,52,20,10,
368259470,2025-01-08T00:02:29Z,30.46808,-91.19286,0.0,,352,57,24,8,3.1
368321140,2025-01-08T00:01:00Z,26.11712,-80.10831,0.0,,,37,112,7,
367784560,2025-01-08T00:01:12Z,42.25404,-70.91975,,,189,60,26,8,1.5
368173810,2025-01-08T00:01:05Z,38.43114,-82.6007,5.8,238.1,227,57,111,18,2.3
366991740,2025-01-08T00:02:35Z,29.32012,-94.78519,0.0,155.3,305,50,21,6,2.0
338396377,2025-01-08T00:01:09Z,47.62784,-122.38811,0.0,,,37,22,6,
338449627,2025-01-08T00:01:00Z,28.4085,-80.68026,0.1,,,36,14,4,
366893270,2025-01-08T00:01:05Z,36.9372,-76.04253,20.3,256.0,,50,17,5,5.0
367508630,2025-01-08T00:01:27Z,40.7046,-73.97243,0.3,195.6,,51,10,4,
367025330,2025-01-08T00:01:28Z,32.72307,-117.22665,0.0,,,60,24,8,2.0
367165130,2025-01-08T00:01:29Z,39.71964,-75.49641,0.0,321.9,233,52,24,8,
367174670,2025-01-08T00:00:17Z,27.67559,-82.59011,5.2,219.7,221,52,29,10,4.2
367420850,2025-01-08T00:00:19Z,48.50309,-122.60207,0.0,,177,37,19,5,1.9
303639000,2025-01-08T00:01:14Z,47.6095,-122.2104,0.0,237.8,307,37,41,8,3.0
367638020,2025-01-08T00:00:19Z,29.97379,-90.39958,0.0,170.0,346,31,357,,3.4
366920310,2025-01-08T00:00:20Z,40.64432,-74.03359,0.2,328.4,269,52,28,10,4.6
338075797,2025-01-08T00:01:09Z,32.78302,-79.95828,0.0,257.0,,37,14,5,1.5
636015164,2025-01-08T00:00:27Z,30.07865,-90.90457,0.1,254.0,333,80,147,25,9.4
367469190,2025-01-08T00:01:13Z,39.09342,-84.50225,0.0,31.1,,60,31,11,3.0
538006805,2025-01-08T00:00:12Z,24.57798,-79.874,12.0,231.3,230,82,169,25,9.3
368205350,2025-01-08T00:01:05Z,29.61437,-95.01022,0.0,149.0,270,31,62,26,2.5
367598960,2025-01-08T00:00:39Z,39.07399,-84.61347,0.0,339.0,90,31,355,34,3.2
368351160,2025-01-08T00:01:12Z,29.7442,-93.86842,0.0,324.4,131,96,,,
367668760,2025-01-08T00:01:10Z,30.05839,-90.84588,0.0,59.0,323,31,290,33,2.9
366598000,2025-01-08T00:00:45Z,30.10542,-93.30608,0.0,119.6,51,1,70,15,4.3
368027230,2025-01-08T00:01:14Z,47.95092,-122.29722,0.0,248.6,158,60,110,25,
367186370,2025-01-08T00:01:13Z,40.69495,-74.1433,0.0,263.6,293,31,24,8,3.7
368323790,2025-01-08T00:00:35Z,28.87319,-95.44006,1.5,231.6,69,52,105,18,2.8
367015930,2025-01-08T00:00:48Z,29.26551,-89.3533,0.1,245.8,,52,18,6,2.0
368047220,2025-01-08T00:01:18Z,30.13183,-91.02514,2.1,254.8,,52,23,9,
367775170,2025-01-08T00:01:04Z,18.28796,-65.63566,0.1,,,37,24,7,
367768670,2025-01-08T00:01:04Z,25.72511,-80.23279,0.0,56.2,,36,,,
367642530,2025-01-08T00:01:10Z,47.26224,-122.43209,0.0,262.6,159,31,24,10,
367332840,2025-01-08T00:01:19Z,29.81438,-93.34664,0.0,299.0,175,70,50,10,2.5
367389480,2025-01-08T00:01:07Z,39.36752,-74.39561,0.0,93.1,237,52,18,6,3.0
366298000,2025-01-08T00:01:10Z,47.66345,-122.39088,0.0,356.3,179,30,39,10,4.0
367658000,2025-01-08T00:01:09Z,47.62933,-122.38386,0.1,260.5,1,30,55,12,4.3
316009843,2025-01-08T00:01:11Z,49.31152,-123.10688,0.0,345.8,,52,13,6,3.5
367007870,2025-01-08T00:01:19Z,20.60695,-156.51573,7.6,319.0,316,52,33,11,
368004120,2025-01-08T00:01:10Z,40.70371,-73.9955,0.1,24.1,213,60,26,8,2.0
366880750,2025-01-08T00:01:17Z,36.90684,-76.08901,0.1,171.3,,50,17,5,1.5
368151830,2025-01-08T00:01:22Z,47.61708,-122.51128,0.0,219.7,,37,13,4,
413770000,2025-01-08T00:01:25Z,48.59082,-125.7458,2.1,348.0,47,80,245,42,10.1
367160030,2025-01-08T00:01:23Z,29.3146,-94.77877,0.0,,,60,32,8,
316027782,2025-01-08T00:01:24Z,48.65322,-123.39344,0.0,3.7,,37,14,4,
338384000,2025-01-08T00:01:10Z,47.63484,-122.32873,0.0,83.2,283,30,64,13,5.2
367387860,2025-01-08T00:01:26Z,29.95159,-90.38704,0.0,337.4,,31,18,8,2.8
368160970,2025-01-08T00:01:26Z,30.07658,-90.90888,0.7,331.1,,31,30,10,3.0
538006275,2025-01-08T00:01:13Z,23.69963,-83.09871,14.2,100.6,98,70,200,32,12.9
368373270,2025-01-08T00:01:26Z,31.15622,-81.49951,0.0,,,37,10,4,
367539060,2025-01-08T00:01:13Z,30.3734,-91.24033,0.2,295.7,33,30,115,18,2.6
246648000,2025-01-08T00:02:01Z,24.19753,-82.09989,17.2,233.2,238,69,285,32,8.1
368312940,2025-01-08T00:00:15Z,41.59019,-70.88429,9.1,330.9,337,31,24,7,
367119810,2025-01-08T00:01:08Z,29.36162,-94.77916,0.0,318.5,,60,72,20,3.3
367606860,2025-01-08T00:01:17Z,29.96654,-93.85792,0.0,302.0,193,52,28,7,2.2
366341000,2025-01-08T00:01:28Z,48.50983,-122.58012,0.0,217.2,99,52,209,23,6.7
367479630,2025-01-08T00:01:28Z,39.88017,-75.15312,9.8,87.6,,52,28,12,4.0
636092988,2025-01-08T00:01:27Z,18.73155,-66.18842,10.3,94.2,91,89,155,25,9.0
368110450,2025-01-08T00:01:28Z,26.77586,-80.0511,0.0,81.9,,37,28,6,
367751740,2025-01-08T00:01:30Z,30.36586,-87.26919,0.0,0.0,,36,11,4,
367434000,2025-01-08T00:01:11Z,29.54425,-95.01933,0.0,134.0,,36,14,8,
368180740,2025-01-08T00:01:31Z,48.38143,-122.51003,0.0,210.0,181,37,27,6,
369970319,2025-01-08T00:01:33Z,38.98421,-76.46723,0.0,21.2,,35,33,8,
368360610,2025-01-08T00:01:28Z,29.6006,-89.85175,0.0,263.1,292,52,30,20,
367524420,2025-01-08T00:01:35Z,29.57384,-90.57956,6.5,118.6,117,52,22,10,3.0
367390890,2025-01-08T00:00:57Z,29.72049,-93.86441,0.0,3.3,,70,44,10,2.9
338319127,2025-01-08T00:00:12Z,38.03464,-121.88344,0.0,,,37,15,5,
367482970,2025-01-08T00:01:22Z,30.03855,-90.67868,0.0,,,60,14,5,
538008507,2025-01-08T00:01:11Z,49.33198,-123.21964,0.1,1.5,106,70,229,32,9.1
368130140,2025-01-08T00:01:12Z,30.58164,-88.02849,6.8,355.7,,52,20,6,2.0
219154000,2025-01-08T00:01:29Z,18.88837,-66.34458,11.6,151.0,151,82,145,25,5.8
563889000,2025-01-08T00:01:13Z,37.38363,-124.4929,9.3,261.0,264,80,183,32,8.6
368285040,2025-01-08T00:01:14Z,29.63076,-92.26887,5.3,204.8,196,52,18,9,
366986310,2025-01-08T00:01:30Z,38.58021,-90.21979,0.0,,,31,21,8,2.2
367057670,2025-01-08T00:01:17Z,34.95636,-90.26296,4.7,295.0,301,31,357,,3.0
319937000,2025-01-08T00:01:11Z,26.09758,-80.16368,0.0,106.6,357,37,50,11,2.4
367161000,2025-01-08T00:01:31Z,47.28456,-122.41043,0.0,261.2,132,30,81,15,6.7
316054538,2025-01-08T00:00:28Z,49.29899,-123.02779,0.8,39.2,183,36,,,
538071854,2025-01-08T00:01:13Z,18.6924,-66.65612,11.7,290.0,288,37,60,10,3.4
367130150,2025-01-08T00:00:30Z,32.72448,-117.22617,0.0,,,30,30,8,
367451120,2025-01-08T00:01:14Z,32.83527,-79.94408,0.0,329.4,,31,17,7,3.0
477127900,2025-01-08T00:01:15Z,32.05227,-117.81704,12.2,114.0,113,71,337,48,14.2
368255830,2025-01-08T00:00:33Z,47.60967,-122.21,0.0,,,37,14,5,
367336730,2025-01-08T00:00:34Z,48.75543,-122.50445,0.0,169.2,,30,22,8,
367728240,2025-01-08T00:01:23Z,28.95019,-95.33695,0.0,235.9,86,31,286,17,2.9
374032000,2025-01-08T00:01:03Z,29.68714,-91.21543,0.0,225.0,21,70,81,18,4.2
319011600,2025-01-08T00:00:34Z,26.32493,-80.08741,0.0,,,37,30,12,
368386990,2025-01-08T00:01:10Z,29.73385,-95.13794,0.0,205.1,99,57,114,34,2.8
366941850,2025-01-08T00:01:24Z,29.77164,-94.04119,7.1,231.0,,31,100,18,3.1
338387252,2025-01-08T00:01:11Z,33.98248,-118.45044,0.1,205.7,,99,,,
232046551,2025-01-08T00:01:37Z,24.56468,-81.73687,0.6,,,37,20,10,2.0
367770020,2025-01-08T00:00:34Z,32.71754,-117.22766,0.0,257.4,305,37,20,7,
368334950,2025-01-08T00:01:06Z,37.56067,-76.32029,0.5,,,37,14,4,
367114880,2025-01-08T00:01:25Z,29.89033,-92.43776,4.2,280.9,282,31,205,18,3.0
338254084,2025-01-08T00:00:35Z,48.49688,-122.60819,0.0,99.3,,37,9,4,
367026820,2025-01-08T00:01:34Z,29.56894,-90.37592,0.0,,,70,26,9,
316001633,2025-01-08T00:00:25Z,43.2963,-79.81816,0.3,18.7,311,70,225,24,6.9
316011603,2025-01-08T00:00:33Z,49.22214,-122.83933,0.0,,,31,20,7,1.5
367552330,2025-01-08T00:00:35Z,28.97299,-89.44793,0.5,40.7,,30,23,7,
369131000,2025-01-08T00:00:54Z,40.6478,-74.11795,0.0,297.0,328,52,29,10,3.7
338465868,2025-01-08T00:00:41Z,47.26394,-122.64278,0.0,,,37,13,7,
538008020,2025-01-08T00:01:03Z,46.1668,-123.0859,15.2,307.7,309,70,177,28,7.0
368205880,2025-01-08T00:00:34Z,28.42642,-96.75141,3.2,184.6,,57,94,16,2.1
368392560,2025-01-08T00:01:12Z,29.75435,-92.20451,8.8,57.1,,52,14,14,
338181008,2025-01-08T00:00:39Z,33.71415,-118.06266,0.0,293.1,,37,15,4,
319891000,2025-01-08T00:01:42Z,26.70456,-80.04607,0.0,22.2,0,37,61,12,3.6
367774870,2025-01-08T00:01:10Z,31.15767,-81.49921,0.0,,,36,14,8,
366996310,2025-01-08T00:01:12Z,36.96148,-76.40958,0.1,37.2,,31,18,7,2.6
368102870,2025-01-08T00:02:38Z,25.76404,-80.14158,0.0,0.0,178,52,25,12,3.3
368117610,2025-01-08T00:00:48Z,32.78587,-79.90981,0.0,,,37,,,
367542420,2025-01-08T00:01:13Z,29.90453,-91.21198,0.0,335.3,,30,18,8,2.5
366772780,2025-01-08T00:01:11Z,47.56154,-122.62482,0.0,349.9,326,60,134,26,5.5
368277530,2025-01-08T00:00:39Z,40.54491,-74.24676,0.0,231.1,109,52,22,8,2.8
367191190,2025-01-08T00:01:11Z,40.76998,-73.84977,0.0,199.5,345,31,46,24,4.1
367536120,2025-01-08T00:01:18Z,29.76868,-94.04495,4.8,51.6,51,31,26,9,3.0
319293600,2025-01-08T00:01:25Z,18.66262,-66.92796,12.1,286.3,280,37,40,10,2.0
367533940,2025-01-08T00:01:27Z,30.25421,-88.53342,7.5,93.2,89,31,106,18,2.8
368258880,2025-01-08T00:01:31Z,30.67244,-88.03477,0.0,252.0,,95,10,10,2.0
367536120,2025-01-08T00:02:28Z,29.76966,-94.04354,4.8,51.7,51,31,26,9,3.0
367767260,2025-01-08T00:02:33Z,29.6218,-92.27432,0.0,,,99,13,5,2.0
367756350,2025-01-08T00:00:27Z,32.84875,-79.93612,0.0,118.9,243,52,28,12,5.2
338134000,2025-01-08T00:01:07Z,25.19134,-80.08897,15.1,25.6,24,52,206,24,8.6
338224000,2025-01-08T00:01:02Z,47.58566,-122.41361,22.9,46.7,49,60,31,10,3.1
563161200,2025-01-08T05:27:07Z,35.19135,-121.74565,18.2,328.1,328,71,334,48,11.1
367467230,2025-01-08T00:00:59Z,35.2211,-75.69256,0.1,,,37,14,6,
308015000,2025-01-08T00:01:04Z,48.30277,-123.98237,18.9,290.8,289,71,316,46,13.0
538009984,2025-01-08T00:00:41Z,27.83047,-97.49759,0.0,159.4,127,80,180,29,7.9
368286110,2025-01-08T00:00:51Z,32.72013,-117.22514,0.0,314.7,,37,25,6,
367487570,2025-01-08T00:01:10Z,43.44425,-82.43041,9.0,176.3,176,52,164,16,6.4
338403129,2025-01-08T00:01:01Z,32.70702,-117.16748,0.0,88.0,,37,12,6,
338073397,2025-01-08T00:00:53Z,41.5844,-71.28659,0.1,119.5,,37,,,
368173330,2025-01-08T00:01:07Z,33.43198,-118.50575,0.2,80.7,,36,11,2,
368163410,2025-01-08T00:01:09Z,47.26621,-122.64667,0.0,73.0,24,37,9,4,
563154300,2025-01-08T00:01:10Z,33.75406,-118.26505,2.8,39.3,38,80,220,38,12.8
368201570,2025-01-08T00:01:00Z,29.34857,-94.81945,0.1,175.0,52,52,89,10,3.1
367592640,2025-01-08T00:01:11Z,29.99469,-90.02263,4.0,162.9,,31,21,7,2.8
367414000,2025-01-08T00:01:14Z,37.01692,-76.34678,0.0,73.1,,37,27,6,
369357000,2025-01-08T00:01:20Z,35.86672,-126.83773,19.9,61.6,59,79,237,35,9.5
368332040,2025-01-08T00:01:21Z,47.62986,-122.38997,0.0,,,37,11,4,
316053758,2025-01-08T00:01:23Z,42.61875,-82.52632,6.9,241.6,,99,19,9,
366984320,2025-01-08T00:01:17Z,30.9171,-91.56218,4.8,281.0,275,52,60,18,3.0
367754450,2025-01-08T00:01:12Z,40.73088,-73.93894,2.8,310.9,,31,97,14,3.7
367017960,2025-01-08T00:01:08Z,28.9033,-95.37105,5.5,236.4,237,31,207,18,2.9
366889000,2025-01-08T00:01:09Z,29.314,-94.77926,0.0,,,60,37,7,
367327630,2025-01-08T00:01:26Z,29.98514,-93.80585,4.7,68.9,71,30,207,22,3.1
319982000,2025-01-08T00:01:29Z,25.75626,-80.14064,0.0,8.2,128,37,49,10,2.4
338384172,2025-01-08T00:01:08Z,39.1341,-76.44496,0.0,,,37,11,4,
538009438,2025-01-08T00:01:30Z,30.7174,-88.04182,0.1,138.2,350,70,200,32,9.6
366983830,2025-01-08T00:01:04Z,37.73636,-122.25743,0.4,50.7,51,60,33,10,3.0
368194650,2025-01-08T00:01:29Z,48.75694,-122.50607,0.0,,,36,12,4,
366866280,2025-01-08T00:01:07Z,30.15234,-88.0676,17.4,263.3,,60,48,10,2.0
366969480,2025-01-08T00:01:11Z,37.79979,-122.3309,0.1,19.7,283,52,15,6,
368233560,2025-01-08T00:01:14Z,48.51963,-122.62204,0.1,,,37,12,4,
367057620,2025-01-08T00:01:17Z,31.02089,-91.58475,4.9,62.8,58,31,355,55,2.8
368103590,2025-01-08T00:01:02Z,32.71388,-117.22898,0.0,,,36,13,4,
367143920,2025-01-08T00:01:17Z,38.49465,-90.27608,0.0,182.1,,31,350,33,2.8
367569630,2025-01-08T00:01:03Z,40.63914,-74.15209,0.0,323.2,,33,90,35,
249667000,2025-01-08T00:01:05Z,18.57094,-66.05548,19.2,41.1,42,69,317,48,9.0
367552410,2025-01-08T00:01:17Z,39.9045,-75.13133,3.9,16.0,,31,26,10,
368115890,2025-01-08T00:01:24Z,29.83604,-91.18012,4.3,312.8,,79,45,16,2.4
367058670,2025-01-08T00:01:19Z,30.5665,-88.08916,0.0,0.0,,36,13,5,
367120230,2025-01-08T00:01:25Z,39.8926,-75.19148,0.1,124.2,,52,24,9,3.5
339195000,2025-01-08T00:01:22Z,18.33584,-64.9209,0.0,54.6,225,37,50,10,2.8
368145380,2025-01-08T00:00:09Z,29.63126,-94.96196,7.6,159.2,160,57,132,34,3.4
316051489,2025-01-08T00:00:10Z,48.4256,-123.37171,0.0,16.3,5,36,33,8,13.0
367462360,2025-01-08T00:00:16Z,36.72763,-76.25867,3.0,111.0,,31,18,7,3.0
367082230,2025-01-08T00:00:37Z,47.015,-91.67137,0.0,277.5,297,79,222,24,7.2
431113000,2025-01-08T00:00:58Z,38.89262,-76.4046,0.0,62.6,318,70,300,50,12.0
368088610,2025-01-08T00:01:06Z,37.92443,-122.42578,31.7,351.6,349,60,44,12,1.9
316020345,2025-01-08T00:00:52Z,49.54152,-124.28105,8.6,296.0,296,52,28,11,5.1
367660050,2025-01-08T00:01:23Z,39.92906,-75.13204,0.0,41.0,,52,18,8,2.0
368340980,2025-01-08T00:01:05Z,39.37604,-74.42576,5.4,238.0,238,,18,7,
367484260,2025-01-08T00:01:24Z,29.99405,-93.91069,0.0,347.8,42,52,29,12,3.1
367188610,2025-01-08T00:01:24Z,27.94187,-82.44898,0.0,243.5,,60,41,8,2.0
367002210,2025-01-08T00:00:25Z,46.9597,-123.8489,1.4,113.0,125,31,29,9,5.5
367047150,2025-01-08T00:01:29Z,45.56525,-122.73399,0.0,337.5,138,52,34,12,3.8
367196000,2025-01-08T00:00:36Z,37.79339,-122.29967,0.0,215.3,273,70,262,32,10.0
368315650,2025-01-08T00:01:15Z,29.13911,-90.20522,0.0,170.4,160,70,61,14,
367505670,2025-01-08T00:01:17Z,38.43882,-90.28435,0.0,95.0,12,31,472,44,3.2
338330801,2025-01-08T00:00:37Z,48.53849,-123.0148,0.6,,,37,11,3,
368153670,2025-01-08T00:00:38Z,37.85847,-122.48127,0.0,,,37,9,2,
367799330,2025-01-08T00:00:37Z,29.99508,-93.91172,0.0,80.0,39,52,18,10,2.2
538009340,2025-01-08T00:01:04Z,29.16988,-89.25783,9.5,342.1,341,70,227,36,7.9
477714700,2025-01-08T00:01:19Z,49.30281,-123.05117,0.0,18.2,295,70,200,32,6.5
368073320,2025-01-08T00:01:08Z,33.73611,-120.28123,7.1,96.6,101,31,39,11,7.3
255806450,2025-01-08T00:01:32Z,18.12433,-67.69723,10.8,179.0,178,70,180,30,7.2
316021279,2025-01-08T00:01:14Z,48.4324,-123.42731,0.0,0.0,138,31,30,10,
367400840,2025-01-08T00:01:33Z,30.3576,-88.50679,,,90,79,47,13,3.5
368112840,2025-01-08T00:01:13Z,29.60931,-90.71066,0.0,277.8,,52,17,9,
367129550,2025-01-08T00:00:41Z,34.70193,-76.72548,0.0,171.0,266,37,21,6,
368373020,2025-01-08T00:01:11Z,25.77898,-80.18617,0.0,345.1,,54,15,5,
303104000,2025-01-08T00:01:19Z,28.8885,-89.42985,12.0,350.6,356,80,192,32,10.9
338412592,2025-01-08T00:00:43Z,47.62129,-122.52087,0.0,,,37,8,4,
366941830,2025-01-08T00:01:22Z,29.77539,-95.10141,0.0,255.7,,30,79,16,2.7
366945650,2025-01-08T00:01:26Z,30.07163,-90.90273,4.9,318.9,328,31,427,,3.1
367492660,2025-01-08T00:00:43Z,28.31578,-80.57864,5.7,355.6,,30,31,9,
367649770,2025-01-08T00:01:24Z,41.49162,-81.72091,0.0,,,52,24,6,4.0
338354176,2025-01-08T00:00:44Z,32.79675,-79.78021,0.0,,,37,10,4,
368120090,2025-01-08T00:01:26Z,29.60222,-89.86123,0.0,331.1,,68,10,8,2.0
367714040,2025-01-08T00:00:45Z,37.82945,-76.28357,0.0,52.1,,30,49,11,
316051489,2025-01-08T00:01:29Z,48.4256,-123.37171,0.0,283.5,5,36,33,8,13.0
636017581,2025-01-08T00:00:08Z,40.43274,-73.79367,10.1,126.2,138,73,260,32,8.9
338393673,2025-01-08T00:00:58Z,29.28598,-94.87252,0.0,,,37,,,
368090950,2025-01-08T00:00:51Z,25.77015,-80.14034,1.5,,,37,184,5,
368292450,2025-01-08T00:00:51Z,29.88542,-81.32267,0.0,,,36,15,7,
368309770,2025-01-08T00:01:05Z,47.6663,-122.38798,0.1,,,37,15,6,
368101970,2025-01-08T00:01:02Z,21.35206,-157.96181,0.2,229.2,225,99,8,3,
367709050,2025-01-08T00:01:07Z,47.66703,-122.38888,0.0,265.8,195,30,38,10,
367377760,2025-01-08T00:01:16Z,26.51708,-80.05406,0.0,253.2,,37,24,8,2.0
338102076,2025-01-08T00:01:08Z,34.17472,-119.22899,0.0,212.1,,37,12,4,
352898696,2025-01-08T00:01:06Z,29.60329,-89.84783,12.8,96.2,100,70,199,32,12.0
368344740,2025-01-08T00:01:16Z,30.491,-91.75284,0.0,319.1,350,57,209,18,3.4
367088340,2025-01-08T00:01:21Z,29.82252,-92.13251,0.0,246.4,,30,49,10,3.6
563417000,2025-01-08T00:01:23Z,29.63046,-128.79452,16.2,80.0,82,70,189,30,10.4
368172430,2025-01-08T00:01:07Z,37.3077,-77.08327,8.2,137.5,135,52,30,10,4.2
367637490,2025-01-08T00:01:10Z,29.77441,-95.07801,0.0,173.7,269,31,114,18,0.8
369493103,2025-01-08T00:01:11Z,41.52036,-70.66774,0.0,183.0,,51,14,4,1.4
366939790,2025-01-08T00:01:09Z,40.69726,-74.14928,0.0,288.9,269,52,36,10,4.6
366082000,2025-01-08T00:00:13Z,43.71344,-124.1004,0.0,172.3,,80,183,32,8.2
367531220,2025-01-08T00:01:11Z,46.2,-123.38554,0.0,200.3,,30,29,8,
367508440,2025-01-08T00:01:10Z,29.79029,-95.0783,0.0,308.6,15,52,24,12,2.9
368653000,2025-01-08T00:01:13Z,47.62662,-122.38216,0.0,356.6,177,30,62,12,6.0
338079718,2025-01-08T00:01:30Z,47.64682,-122.32763,0.0,347.6,110,37,22,6,1.5
367175180,2025-01-08T00:01:02Z,41.37914,-71.5111,0.0,,,30,20,5,
367771510,2025-01-08T00:01:12Z,29.65639,-94.6835,0.0,205.3,,31,20,6,
368343370,2025-01-08T00:01:17Z,47.79483,-122.49889,0.0,177.9,52,36,9,3,
366999412,2025-01-08T00:01:12Z,40.68464,-74.07161,0.1,279.0,,70,37,12,2.7
367678390,2025-01-08T00:01:13Z,33.61361,-117.92476,0.1,229.8,,37,22,6,2.0
368142910,2025-01-08T00:01:10Z,29.92337,-93.88159,0.0,308.4,305,31,19,8,
477893400,2025-01-08T00:01:16Z,48.21531,-125.84759,1.9,48.2,255,71,320,46,12.7
368045710,2025-01-08T00:01:15Z,35.43678,-121.18206,8.1,318.9,328,31,35,10,3.3
338327097,2025-01-08T00:01:01Z,30.02692,-90.1168,0.0,246.3,,36,12,3,
368209860,2025-01-08T00:00:17Z,29.77608,-93.34154,0.2,191.9,135,52,30,12,5.7
368013040,2025-01-08T00:01:05Z,35.72566,-122.08053,8.1,150.9,149,31,162,24,5.8
367004760,2025-01-08T00:01:08Z,30.69991,-88.03555,0.0,74.2,251,31,27,10,
367383660,2025-01-08T00:01:18Z,30.283,-91.2069,0.0,307.9,295,31,51,13,2.8
338458000,2025-01-08T00:01:16Z,43.65629,-70.24594,0.0,315.1,316,57,147,24,4.9
636024633,2025-01-08T00:01:19Z,43.20847,-125.04926,11.5,186.1,186,70,200,32,8.5
368279270,2025-01-08T00:01:14Z,30.40108,-86.17111,4.9,114.9,110,52,254,12,2.8
367631890,2025-01-08T00:01:20Z,30.03087,-90.69118,0.0,241.4,,31,99,33,2.6
367516950,2025-01-08T00:01:13Z,41.14312,-73.88443,5.9,335.7,337,31,33,10,4.5
338427889,2025-01-08T00:01:04Z,40.03988,-74.05989,0.0,,,37,17,6,
367504980,2025-01-08T00:01:21Z,29.9655,-90.39777,0.0,160.0,356,31,120,34,3.1
338392972,2025-01-08T00:01:18Z,29.5438,-95.01978,0.0,,346,37,12,4,
367416420,2025-01-08T00:01:24Z,21.31007,-157.86836,0.0,138.1,,52,28,11,
368113990,2025-01-08T00:01:26Z,29.60825,-89.87301,8.1,283.0,284,52,32,12,
538005322,2025-01-08T00:01:27Z,17.50173,-64.7834,0.9,335.0,7,80,183,32,9.2
367308610,2025-01-08T00:01:26Z,32.72136,-117.1899,0.1,205.6,89,32,20,6,3.0
319228100,2025-01-08T00:01:11Z,26.06047,-80.13535,0.0,228.6,,37,33,8,2.8
367549710,2025-01-08T00:01:31Z,27.95298,-82.44178,0.1,293.6,,52,14,6,0.2
368289320,2025-01-08T00:01:27Z,30.7575,-88.05051,0.0,201.0,281,52,20,9,2.2
368102270,2025-01-08T00:01:20Z,38.53942,-90.25513,0.0,212.8,39,52,27,8,
368068030,2025-01-08T00:01:28Z,29.91418,-89.97343,0.3,42.5,49,31,27,9,3.2
316046005,2025-01-08T00:01:21Z,33.72116,-118.27813,0.1,,,37,,,
366961250,2025-01-08T00:01:23Z,30.45072,-91.19418,0.1,102.6,38,31,83,12,
367537710,2025-01-08T00:01:24Z,29.50346,-94.54767,5.1,67.3,67,31,208,18,3.1
338406534,2025-01-08T00:01:24Z,32.72586,-117.19021,0.0,,,37,13,4,
367333570,2025-01-08T00:01:24Z,29.28954,-91.67409,2.7,127.0,,30,25,7,
319676000,2025-01-08T00:01:28Z,18.33634,-64.92122,0.0,263.7,228,37,50,10,2.3
338127501,2025-01-08T00:01:29Z,33.75181,-118.11159,0.0,63.1,,37,7,3,
367547750,2025-01-08T00:01:24Z,30.20477,-91.32064,0.0,327.3,188,31,206,18,3.0
338107461,2025-01-08T00:01:29Z,32.72409,-117.22397,0.0,260.0,,37,20,6,
367512870,2025-01-08T00:01:24Z,29.375,-94.86758,0.0,259.1,283,31,27,9,3.1
368216040,2025-01-08T00:01:26Z,33.92063,-78.06064,0.0,195.9,275,37,21,7,2.2
367311850,2025-01-08T00:01:13Z,27.97689,-82.82445,0.0,,,60,30,10,
366816410,2025-01-08T00:01:22Z,29.79559,-93.3256,0.0,,,31,39,6,3.8
367048000,2025-01-08T00:01:02Z,47.65763,-122.37945,0.0,24.8,,37,25,6,
316001251,2025-01-08T00:01:26Z,49.2682,-123.63935,20.5,81.1,84,60,139,27,5.2
367475780,2025-01-08T00:01:14Z,29.7662,-91.71617,0.0,225.5,,60,26,10,2.0
339809000,2025-01-08T00:01:30Z,26.09282,-80.11491,4.4,74.9,71,37,37,8,2.7
538070454,2025-01-08T00:01:32Z,25.79592,-80.1465,0.0,236.9,1,37,40,6,2.1
538009562,2025-01-08T00:01:18Z,34.69351,-75.00562,17.1,165.4,176,70,192,30,9.7
308329000,2025-01-08T00:01:12Z,27.97489,-94.7514,1.5,145.6,118,80,274,48,16.2
338157686,2025-01-08T00:01:06Z,26.71741,-80.04798,0.0,74.3,,36,15,4,
368392990,2025-01-08T00:01:15Z,28.40912,-80.61572,0.1,261.6,270,52,18,6,
338396711,2025-01-08T00:01:26Z,32.71554,-117.23252,0.0,45.0,130,37,11,6,
367126620,2025-01-08T00:01:24Z,34.22586,-77.9541,0.0,269.5,192,52,31,8,3.0
368270610,2025-01-08T00:01:07Z,26.83433,-82.26015,0.0,,,36,18,9,
232036363,2025-01-08T00:01:22Z,41.17268,-72.52617,15.0,88.3,88,80,183,32,8.3
367012640,2025-01-08T00:01:25Z,39.7168,-75.51661,0.0,260.7,,52,20,8,3.9
369361000,2025-01-08T00:01:25Z,25.09078,-80.44793,0.2,141.1,,36,15,12,
368006890,2025-01-08T00:02:25Z,27.82404,-97.48937,0.0,244.3,219,31,27,10,3.0
367315470,2025-01-08T00:01:26Z,34.71978,-76.69473,0.0,273.9,,31,29,9,
368068030,2025-01-08T00:02:37Z,29.91425,-89.97331,0.5,56.9,49,31,27,9,3.2
368220260,2025-01-08T00:01:27Z,48.06211,-123.0385,0.0,,,37,13,5,
636017581,2025-01-08T00:02:37Z,40.42765,-73.78753,10.1,140.6,145,73,260,32,8.9
367712790,2025-01-08T00:01:28Z,30.08842,-93.29404,0.5,127.2,,52,25,10,
367485260,2025-01-08T00:01:28Z,32.68973,-117.13876,0.0,,,31,16,5,
338468069,2025-01-08T00:01:29Z,48.49323,-122.68128,0.0,229.9,98,37,8,2,
367778160,2025-01-08T00:01:29Z,30.01438,-90.82984,0.0,119.8,,56,14,6,
316044371,2025-01-08T00:01:10Z,42.26338,-83.10545,0.0,34.0,19,70,152,22,5.6
338130079,2025-01-08T00:01:10Z,25.69575,-80.26083,0.0,,,37,23,8,
367778930,2025-01-08T00:01:30Z,33.46016,-117.69777,0.0,152.5,,37,12,6,
338174777,2025-01-08T00:01:34Z,33.97557,-118.45074,0.1,293.8,,36,12,2,
338514896,2025-01-08T00:00:41Z,33.62038,-117.9285,0.0,,106,37,17,4,
367375350,2025-01-08T00:00:41Z,28.64461,-96.54956,0.0,189.0,179,52,33,12,4.6
338471057,2025-01-08T00:00:45Z,31.15419,-81.4997,0.0,,,37,15,4,
367642570,2025-01-08T00:00:55Z,33.73677,-118.27066,0.0,238.3,,30,20,8,
338409835,2025-01-08T00:00:53Z,29.54772,-95.04103,0.0,,,37,15,5,
367508060,2025-01-08T00:00:22Z,32.7266,-117.20766,0.0,0.0,,37,21,6,
368017330,2025-01-08T00:00:25Z,26.94835,-80.08751,0.0,,,36,14,4,
338208078,2025-01-08T00:01:05Z,29.54985,-95.02707,0.1,89.4,,36,14,4,
367754630,2025-01-08T00:00:29Z,29.25754,-91.63623,2.6,300.3,,30,24,8,
367513020,2025-01-08T00:01:24Z,42.38038,-71.04203,0.0,319.1,,31,29,10,4.0
367393030,2025-01-08T00:01:30Z,30.28302,-91.15362,0.0,312.1,268,31,211,18,2.8
367122220,2025-01-08T00:01:31Z,37.80422,-122.36967,3.9,294.9,300,52,23,10,4.0
368050130,2025-01-08T00:01:14Z,32.13074,-81.13595,0.1,196.6,,31,17,8,2.4
338323995,2025-01-08T00:00:30Z,48.06226,-123.03907,0.0,,,37,,,
367146720,2025-01-08T00:00:33Z,32.72275,-117.22626,0.1,,51,30,24,8,
316013411,2025-01-08T00:02:35Z,49.08447,-123.3525,13.7,14.9,21,35,33,8,2.6
367628350,2025-01-08T00:00:34Z,38.94846,-74.90597,0.2,33.7,,30,28,8,
338162692,2025-01-08T00:00:36Z,47.26906,-122.37186,1.9,,,37,20,6,
538070201,2025-01-08T00:02:27Z,26.06043,-80.13103,0.0,110.2,172,37,60,12,
338198348,2025-01-08T00:00:38Z,32.08194,-80.99342,0.1,205.1,,33,25,8,
366979150,2025-01-08T00:01:09Z,30.41422,-91.20628,0.0,295.7,343,31,22,11,3.5
338397233,2025-01-08T00:00:59Z,26.29894,-80.08369,0.0,,,36,18,6,
368039870,2025-01-08T00:01:09Z,41.88879,-87.62135,0.0,84.3,,60,43,9,1.5
367447850,2025-01-08T00:01:29Z,26.74875,-80.04895,0.0,270.9,183,37,55,10,3.1
368257860,2025-01-08T00:00:52Z,26.11337,-80.11982,0.2,,,37,21,6,
367415390,2025-01-08T00:01:12Z,40.73505,-74.02541,1.9,78.3,,60,23,4,2.0
367077760,2025-01-08T00:00:08Z,43.51915,-124.28339,7.3,25.4,,30,15,5,
338168848,2025-01-08T00:00:06Z,37.78479,-122.26779,0.0,239.6,,37,9,8,
339063000,2025-01-08T00:00:14Z,18.33872,-64.92862,0.1,,,37,16,8,
367559790,2025-01-08T00:00:04Z,41.41855,-69.81291,7.7,262.9,,30,28,8,
367639170,2025-01-08T00:00:02Z,40.64456,-74.02904,0.0,,,55,,,
368343980,2025-01-08T00:01:09Z,33.73377,-118.1829,9.2,216.4,,55,10,4,
367161950,2025-01-08T00:00:05Z,40.53752,-74.25345,0.0,2.6,347,52,37,11,
367733390,2025-01-08T00:01:29Z,48.50241,-122.6026,0.0,138.1,,36,14,5,
338316979,2025-01-08T00:01:30Z,32.72681,-117.19931,0.0,,,37,,,
367370380,2025-01-08T00:01:34Z,21.31717,-157.87697,0.0,31.3,,30,26,9,
367007540,2025-01-08T00:02:29Z,27.84299,-97.07583,0.0,,,31,17,7,
367743660,2025-01-08T00:02:30Z,27.81648,-97.42384,0.0,239.9,113,52,26,10,0.5
563053500,2025-01-08T00:00:09Z,48.3362,-123.36683,0.0,62.8,89,80,250,44,8.5
366878290,2025-01-08T00:00:10Z,39.27233,-74.98019,0.0,305.6,,95,35,20,11.0
367691040,2025-01-08T00:00:11Z,48.51373,-122.60801,0.0,,,37,12,4,
367053940,2025-01-08T00:00:02Z,29.23601,-95.21623,0.0,21.1,175,31,23,9,
367087860,2025-01-08T00:00:12Z,38.95859,-74.87665,0.0,290.2,,30,31,8,
367161060,2025-01-08T00:00:04Z,41.31413,-70.64882,1.4,104.2,,30,23,6,
367020820,2025-01-08T00:00:05Z,21.3101,-157.86588,0.0,195.0,253,31,36,9,5.0
367187120,2025-01-08T00:00:08Z,26.77404,-80.04999,0.0,,,53,12,4,
311000905,2025-01-08T00:00:10Z,38.61991,-74.80995,3.7,319.3,317,70,190,32,11.8
367400420,2025-01-08T00:00:13Z,41.17024,-73.17537,0.0,253.3,,60,100,20,3.3
366904890,2025-01-08T00:00:00Z,48.20965,-88.68591,9.5,240.3,242,70,246,24,6.2
367468960,2025-01-08T00:00:19Z,27.62747,-82.56409,0.0,272.0,173,52,25,8,3.4
367441140,2025-01-08T00:00:06Z,32.72284,-117.22639,0.0,,,60,22,8,
338392433,2025-01-08T00:00:19Z,33.76139,-118.18604,0.0,,,37,10,4,
367357000,2025-01-08T00:00:19Z,29.32181,-94.78406,0.0,284.6,125,70,87,18,4.3
367005550,2025-01-08T00:00:20Z,29.30853,-94.81028,0.0,,96,31,205,18,2.9
368573000,2025-01-08T00:00:21Z,32.71141,-117.17368,0.0,,48,30,22,6,
367373390,2025-01-08T00:00:03Z,27.8573,-97.17088,0.0,276.4,,68,33,7,3.0
367386710,2025-01-08T00:00:25Z,41.6358,-70.90793,0.0,167.2,,30,23,7,
368235170,2025-01-08T00:00:29Z,26.78046,-80.04007,0.0,,,37,18,6,
338446063,2025-01-08T00:00:31Z,30.29151,-87.55059,0.0,,,37,19,6,
368117770,2025-01-08T00:00:32Z,34.17141,-119.22752,0.0,,,36,12,8,
368367690,2025-01-08T00:00:34Z,27.33396,-82.54646,0.0,266.5,,37,18,5,
367185320,2025-01-08T00:00:39Z,24.81092,-82.17959,4.0,107.0,,30,27,8,
367167740,2025-01-08T00:00:41Z,32.71822,-117.22693,0.0,261.3,,37,22,7,
338225069,2025-01-08T00:00:39Z,39.28243,-76.41015,0.0,171.3,,37,9,4,
338397741,2025-01-08T00:00:41Z,33.97809,-118.45279,0.0,292.0,266,36,13,4,
338306963,2025-01-08T00:00:40Z,37.80988,-122.42046,0.1,199.3,,30,19,6,
367706030,2025-01-08T00:01:02Z,45.73519,-122.85239,0.0,232.0,,37,14,4,
367731330,2025-01-08T00:01:12Z,29.75465,-90.13412,5.8,36.9,47,31,23,8,9.0
338425363,2025-01-08T00:00:59Z,38.67735,-77.25255,0.0,,,37,11,3,
338364133,2025-01-08T00:01:00Z,47.68329,-122.40488,0.0,216.1,,36,10,4,
368222960,2025-01-08T00:01:00Z,32.45929,-80.00974,5.9,218.4,,36,13,4,
360359580,2025-01-08T00:00:13Z,47.33907,-122.58827,0.0,59.0,,37,14,4,
271042433,2025-01-08T00:00:04Z,35.00617,-75.01145,12.6,225.2,228,79,183,28,9.4
338440303,2025-01-08T00:01:02Z,47.6662,-122.38826,0.0,271.3,,37,11,3,
368035140,2025-01-08T00:00:54Z,40.10256,-74.04301,0.0,299.8,,30,38,10,
338331999,2025-01-08T00:01:04Z,34.25468,-119.26221,2.6,34.1,35,37,10,4,
367183000,2025-01-08T00:00:12Z,48.75899,-122.50463,0.0,,,37,22,6,
368243370,2025-01-08T00:01:05Z,33.76107,-118.19178,0.0,105.6,270,37,24,6,
368100360,2025-01-08T00:00:23Z,48.50319,-122.60717,0.4,45.2,,37,21,6,
338130349,2025-01-08T00:00:24Z,47.29664,-122.42413,0.0,22.5,,37,12,4,
316050838,2025-01-08T00:00:08Z,49.12372,-123.18662,0.1,,,37,,4,
367495030,2025-01-08T00:00:14Z,18.3274,-64.79357,0.0,236.8,,70,39,8,
338387493,2025-01-08T00:00:22Z,32.71746,-117.23057,0.0,,,37,17,4,
229203000,2025-01-08T00:00:22Z,30.17594,-85.72894,0.0,272.0,90,70,186,28,10.4
338194593,2025-01-08T00:00:24Z,32.72629,-117.20946,0.0,57.2,,36,16,5,
338253000,2025-01-08T00:00:25Z,29.29501,-94.85795,0.0,,,60,32,9,
367787670,2025-01-08T00:00:00Z,29.73932,-95.12726,0.0,204.1,6,52,22,10,2.9
368856000,2025-01-08T00:00:01Z,45.68104,-84.30156,0.1,93.0,318,99,68,14,4.0
367740790,2025-01-08T00:00:00Z,37.79221,-122.28596,0.0,84.5,88,80,153,23,4.6
368388590,2025-01-08T00:00:06Z,29.67739,-91.22449,0.0,287.9,40,90,15,7,3.3
368172160,2025-01-08T00:00:27Z,32.72654,-117.19875,0.0,,,37,22,6,
366897560,2025-01-08T00:00:31Z,47.64544,-122.31109,0.0,190.6,,37,15,4,
367129500,2025-01-08T00:00:06Z,30.0589,-90.85358,5.3,287.6,291,31,22,8,3.0
243710131,2025-01-08T00:00:32Z,26.06794,-79.85277,5.4,299.3,,,,,
366562000,2025-01-08T00:00:04Z,37.13057,-124.51744,21.7,69.7,69,70,262,32,10.1
243710108,2025-01-08T00:00:34Z,26.06722,-79.84694,2.2,9.3,,,,,
367308970,2025-01-08T00:00:02Z,29.36473,-94.89019,0.0,330.5,249,31,27,11,3.0
338395155,2025-01-08T00:00:36Z,37.96715,-122.50831,0.0,19.5,,37,10,3,
367301450,2025-01-08T00:00:08Z,45.58098,-122.76029,0.0,244.5,124,31,30,9,2.2
368398240,2025-01-08T00:00:38Z,47.63185,-122.33941,0.0,,,37,18,4,
367409260,2025-01-08T00:00:14Z,42.1408,-80.08418,0.0,217.8,332,30,215,21,6.8
368162390,2025-01-08T00:00:38Z,32.84904,-79.93552,0.0,280.4,328,52,26,11,5.1
338044878,2025-01-08T00:00:39Z,33.76158,-118.18431,0.0,46.3,,37,10,4,
367377390,2025-01-08T00:00:40Z,26.09993,-80.16535,0.1,126.0,,37,18,6,
368259850,2025-01-08T00:00:43Z,41.38068,-71.51222,0.0,190.0,,30,29,6,
338318433,2025-01-08T00:00:42Z,27.33398,-82.54763,0.0,,,37,32,7,
338316496,2025-01-08T00:00:43Z,34.24418,-77.95145,0.1,,,37,14,4,
338434129,2025-01-08T00:00:49Z,47.24817,-122.43172,0.0,,,37,14,5,
368048590,2025-01-08T00:00:53Z,47.65096,-122.31516,0.0,322.5,,37,21,5,
368276180,2025-01-08T00:00:57Z,47.62865,-122.39529,0.0,,,36,13,4,
243710107,2025-01-08T00:00:58Z,26.06363,-79.80373,2.5,6.3,,,,,
338123456,2025-01-08T00:00:50Z,32.7242,-117.22505,0.2,4.6,,37,,,
370573000,2025-01-08T00:00:59Z,32.32815,-117.1142,0.2,285.2,301,89,183,32,11.2
338456092,2025-01-08T00:01:05Z,35.84474,-75.6547,0.0,,,37,,,
368348420,2025-01-08T00:00:58Z,29.54765,-95.03808,0.0,,,37,5,5,
368019160,2025-01-08T00:01:09Z,48.51153,-122.64656,0.0,267.9,,36,15,4,
366993160,2025-01-08T00:01:09Z,48.20696,-122.9447,10.0,274.1,,31,33,9,3.5
367334410,2025-01-08T00:01:11Z,32.69044,-80.22372,0.0,263.4,,67,34,10,
243710121,2025-01-08T00:01:01Z,26.0665,-79.83545,2.3,6.8,,,,,
367437150,2025-01-08T00:00:04Z,29.74255,-95.19737,0.0,285.0,,31,27,9,3.1
215001000,2025-01-08T00:01:12Z,18.19183,-64.66488,12.2,240.7,241,69,190,24,6.0
338591000,2025-01-08T00:00:04Z,30.36617,-91.23399,0.0,185.0,3,52,127,17,3.2
366993160,2025-01-08T00:00:08Z,48.20677,-122.94052,9.9,274.4,,31,33,9,3.5
243710148,2025-01-08T00:00:13Z,26.06776,-79.85226,5.4,300.8,,,,,
368022020,2025-01-08T00:00:14Z,29.31072,-94.79077,0.4,,,30,12,4,
367688310,2025-01-08T00:00:00Z,40.43589,-80.00667,0.0,,,69,24,10,1.5
338433188,2025-01-08T00:00:16Z,26.32431,-80.08933,0.0,,84,37,12,4,
368112080,2025-01-08T00:00:02Z,29.73676,-91.22572,0.0,91.7,5,31,208,23,2.8
338446000,2025-01-08T00:01:16Z,34.14959,-119.20633,0.0,53.3,0,70,166,23,7.4
367104040,2025-01-08T00:00:03Z,33.73502,-118.27079,0.0,45.3,187,60,32,6,
367319310,2025-01-08T00:01:25Z,38.40333,-82.55532,0.0,277.5,,31,19,7,9.0
367015290,2025-01-08T00:00:02Z,30.6548,-88.04368,0.0,269.3,,52,18,8,2.5
367194000,2025-01-08T00:01:27Z,41.79651,-71.38757,0.0,245.0,318,39,100,20,5.0
366942880,2025-01-08T00:00:02Z,29.13232,-90.19306,0.0,153.1,342,33,88,17,
338066000,2025-01-08T00:01:15Z,37.65277,-122.90589,8.6,236.6,238,52,123,14,3.5
367575120,2025-01-08T00:00:04Z,35.08299,-90.1418,0.0,20.1,,31,17,7,
338352228,2025-01-08T00:00:14Z,33.60732,-117.88598,0.1,,,37,,,
367047270,2025-01-08T00:01:18Z,45.64721,-122.74133,0.0,278.5,94,31,89,46,2.2
209838000,2025-01-08T00:00:36Z,27.75732,-96.42949,0.6,188.0,112,80,330,60,19.7
366999522,2025-01-08T00:01:23Z,30.65155,-88.05777,0.4,0.0,,55,50,8,2.0
367473230,2025-01-08T00:00:07Z,36.72445,-76.19585,0.0,247.8,,33,43,11,2.1
316012751,2025-01-08T00:01:27Z,48.75749,-122.50661,0.0,21.0,211,37,22,6,2.5
368259540,2025-01-08T00:00:26Z,30.11208,-90.95588,0.0,356.8,,57,16,6,2.0
368213040,2025-01-08T00:01:29Z,30.33885,-91.32567,0.0,210.0,180,30,205,22,3.0
368161910,2025-01-08T00:00:32Z,26.20722,-97.59493,0.0,307.8,198,57,219,17,3.2
368213040,2025-01-08T00:00:08Z,30.33885,-91.32567,0.0,266.6,180,30,205,22,3.0
367004280,2025-01-08T00:01:13Z,30.16113,-90.99706,0.0,105.0,,31,16,7,2.4
369970258,2025-01-08T00:00:30Z,47.70496,-122.61692,0.0,342.9,294,3,28,6,
338075892,2025-01-08T00:00:11Z,43.65317,-70.25294,0.0,334.6,,90,,,
367452180,2025-01-08T00:01:00Z,43.66325,-70.2282,0.0,218.4,324,31,154,24,3.9
367743710,2025-01-08T00:01:05Z,32.69143,-80.22402,0.0,0.1,165,52,20,8,2.2
366999977,2025-01-08T00:01:06Z,45.80703,-84.43172,0.3,116.7,341,55,42,12,4.0
338048916,2025-01-08T00:00:18Z,18.28906,-65.63455,0.0,,,37,23,6,
366988450,2025-01-08T00:01:06Z,29.93735,-90.00342,0.0,293.1,,31,19,7,2.6
367705180,2025-01-08T00:00:17Z,33.21054,-117.39704,0.0,79.5,,36,11,4,
319515000,2025-01-08T00:01:00Z,29.99544,-90.43269,10.1,268.1,267,80,166,26,9.1
368114530,2025-01-08T00:00:19Z,47.62163,-122.5211,0.0,,,36,12,4,
367105910,2025-01-08T00:00:03Z,38.43048,-82.60231,0.0,,,52,36,10,2.7
368113370,2025-01-08T00:00:04Z,30.20983,-91.03781,0.0,359.3,301,31,26,10,3.4
367733430,2025-01-08T00:00:19Z,47.92232,-122.68867,0.0,,,37,11,3,
538009952,2025-01-08T00:01:07Z,23.80163,-82.06568,20.6,59.6,55,69,242,36,7.9
367404910,2025-01-08T00:00:05Z,29.47317,-94.85357,7.9,335.4,336,31,117,17,3.1
367759740,2025-01-08T00:01:14Z,27.83782,-97.50591,0.0,316.0,307,31,208,18,3.2
316005922,2025-01-08T00:00:19Z,48.42232,-123.36975,0.0,134.3,64,69,27,6,3.6
372934000,2025-01-08T00:00:15Z,47.57707,-122.36125,0.0,14.0,182,73,293,32,12.0
368130920,2025-01-08T00:01:01Z,32.85573,-79.95542,0.0,195.0,219,52,21,8,3.0
338510509,2025-01-08T00:00:23Z,47.69746,-122.34622,0.0,238.0,,37,4,2,
367241000,2025-01-08T00:01:13Z,32.70658,-117.23609,0.0,232.8,128,99,83,16,5.8
367543280,2025-01-08T00:00:27Z,26.0934,-80.17179,0.0,277.7,,37,23,8,1.7
367565110,2025-01-08T00:00:43Z,29.99665,-93.9498,0.0,169.3,,31,205,18,3.1
367067960,2025-01-08T00:01:08Z,30.39307,-81.4054,0.0,357.5,,52,29,11,
477637600,2025-01-08T00:01:10Z,34.26963,-120.29709,9.8,103.5,100,71,335,48,13.1
366954130,2025-01-08T00:01:14Z,29.93628,-89.99896,6.8,292.2,,31,65,18,3.1
368003490,2025-01-08T00:00:30Z,25.31274,-80.28009,0.5,,,37,27,10,
316044056,2025-01-08T00:00:32Z,33.97039,-118.4467,0.0,,,37,13,4,
368027650,2025-01-08T00:00:39Z,30.05447,-88.59235,7.8,214.6,,30,29,8,
338320113,2025-01-08T00:00:43Z,25.32839,-80.26247,0.0,,,37,9,4,
338400249,2025-01-08T00:00:43Z,47.65488,-122.20814,0.0,,,37,12,4,
366988090,2025-01-08T00:01:11Z,29.67515,-91.22766,0.0,285.9,,31,20,7,2.8
368286080,2025-01-08T00:00:41Z,28.69905,-96.22763,0.0,,,30,30,8,
338356082,2025-01-08T00:01:20Z,18.46071,-66.0909,0.0,,,50,15,4,
368115910,2025-01-08T00:00:35Z,48.66975,-123.4075,0.0,220.1,,37,23,6,2.5
368227820,2025-01-08T00:01:24Z,30.035,-93.78498,0.0,,,22,20,8,2.5
367602710,2025-01-08T00:00:46Z,29.14947,-90.20328,0.0,284.6,78,70,39,10,3.3
316022038,2025-01-08T00:00:52Z,49.65558,-123.22024,0.7,248.5,288,52,15,6,
368013670,2025-01-08T00:01:12Z,30.70336,-88.0366,0.0,329.7,,52,20,9,3.4
338225409,2025-01-08T00:00:47Z,33.75731,-118.18727,0.1,311.9,,37,13,4,
367447140,2025-01-08T00:00:57Z,22.07467,-158.62552,5.1,140.6,,30,24,4,
319175300,2025-01-08T00:00:50Z,17.75128,-67.04681,11.8,100.4,,37,12,4,
368008750,2025-01-08T00:01:00Z,33.92959,-77.99679,0.0,165.8,,37,23,5,
368279690,2025-01-08T00:00:52Z,25.63496,-80.29371,0.0,,179,37,21,6,
368228540,2025-01-08T00:02:01Z,24.56495,-81.73658,0.3,,,37,18,5,
366840000,2025-01-08T00:01:02Z,29.12313,-90.21482,0.0,21.7,143,70,89,19,4.5
338494957,2025-01-08T00:00:53Z,27.31587,-82.53907,0.4,,,37,14,6,
368156620,2025-01-08T00:01:06Z,26.76034,-80.04304,0.1,,,36,14,5,
368241780,2025-01-08T00:01:07Z,47.53517,-122.32355,7.5,314.2,,37,14,5,
367151380,2025-01-08T00:01:07Z,34.82671,-90.42418,4.7,80.9,83,31,206,16,2.8
367794470,2025-01-08T00:00:16Z,41.6501,-87.61396,3.9,275.0,275,31,32,9,
367599960,2025-01-08T00:00:22Z,33.72066,-118.27813,0.0,261.6,,37,14,5,
338108493,2025-01-08T00:00:24Z,33.61048,-117.89593,0.0,76.0,,37,12,5,
366773480,2025-01-08T00:00:24Z,33.98067,-118.44911,0.0,271.0,25,37,16,5,
368097160,2025-01-08T00:00:38Z,29.92901,-93.01528,5.2,90.3,,52,114,34,2.6
367504990,2025-01-08T00:00:43Z,29.37256,-94.89172,0.0,309.3,271,31,136,34,2.9
367766740,2025-01-08T00:00:08Z,30.03892,-90.67811,0.0,289.3,,31,20,9,3.0
338393864,2025-01-08T00:00:49Z,32.72635,-117.20285,0.0,222.9,,37,13,5,
338178147,2025-01-08T00:00:54Z,34.40663,-119.68974,0.0,323.4,135,36,14,4,
316047639,2025-01-08T00:00:11Z,49.29873,-123.02856,0.0,255.0,183,70,49,13,2.3
243710135,2025-01-08T00:00:56Z,26.06811,-79.85257,4.4,303.3,,,,,
235098898,2025-01-08T00:00:51Z,18.28855,-65.63438,0.1,61.4,,36,5,,
366798160,2025-01-08T00:00:52Z,39.3724,-74.4196,0.0,9.0,,30,30,8,
338503744,2025-01-08T00:00:55Z,26.83201,-80.05413,0.0,,,37,14,4,
368247710,2025-01-08T00:01:07Z,31.1547,-81.49973,0.0,,178,36,13,4,
316029172,2025-01-08T00:01:07Z,49.51193,-123.27195,11.5,9.9,,60,17,5,
338311087,2025-01-08T00:00:59Z,47.62123,-122.51875,0.0,67.3,,37,14,5,
316023959,2025-01-08T00:01:11Z,42.98382,-82.40971,0.0,206.2,,52,20,10,2.4
369198000,2025-01-08T00:00:10Z,26.89319,-80.07152,0.0,,,37,22,6,
338500454,2025-01-08T00:00:10Z,32.39578,-80.67808,0.0,177.1,,37,5,8,
368159330,2025-01-08T00:00:13Z,25.77982,-80.17317,6.3,114.0,,37,21,6,
338454922,2025-01-08T00:00:13Z,25.46224,-80.33935,0.0,45.2,220,37,14,4,
367145530,2025-01-08T00:00:12Z,43.77165,-124.22994,7.0,188.9,188,30,24,8,
338216333,2025-01-08T00:00:25Z,43.05783,-70.72739,0.1,242.8,,36,12,4,
368051410,2025-01-08T00:00:27Z,48.49363,-122.68312,0.0,141.7,,37,14,5,
367560350,2025-01-08T00:00:27Z,41.81907,-70.51905,4.8,185.6,,30,22,5,
316041231,2025-01-08T00:00:29Z,49.29296,-123.12788,0.1,218.7,,37,25,6,
338398166,2025-01-08T00:00:33Z,37.76712,-122.28591,0.0,6.7,,36,16,5,
368068470,2025-01-08T00:00:41Z,36.85239,-76.29816,0.1,187.2,,36,15,10,
368337780,2025-01-08T00:00:40Z,25.3118,-80.28039,0.0,104.2,,37,26,8,
367585910,2025-01-08T00:00:00Z,29.32175,-94.782,0.7,186.3,117,70,97,20,5.8
440292000,2025-01-08T00:01:12Z,31.54958,-117.7489,1.7,81.5,236,70,200,32,8.9
368170680,2025-01-08T00:00:02Z,29.60847,-95.02437,0.0,,,52,10,8,
316001731,2025-01-08T00:01:20Z,49.20047,-123.08934,0.0,320.4,268,32,24,8,3.4
366902570,2025-01-08T00:00:07Z,27.69353,-82.71969,0.0,272.5,116,50,19,6,1.5
366948020,2025-01-08T00:01:24Z,42.61117,-73.76005,0.0,187.6,6,31,122,18,4.6
255806377,2025-01-08T00:00:05Z,38.91649,-76.39873,0.0,172.1,318,71,325,43,13.1
378113359,2025-01-08T00:00:43Z,32.71987,-117.22292,0.2,,,37,10,6,
367396790,2025-01-08T00:00:10Z,37.7974,-122.32773,3.4,109.5,102,52,30,11,
338401453,2025-01-08T00:00:41Z,33.36536,-79.26723,0.0,,,37,19,4,
366935020,2025-01-08T00:00:10Z,40.84245,-72.48641,0.0,68.8,268,31,18,7,
338193516,2025-01-08T00:00:43Z,27.51188,-82.55769,0.1,321.2,,37,12,4,
367513010,2025-01-08T00:01:12Z,42.38027,-71.04293,0.0,2.8,85,52,31,12,5.8
367331760,2025-01-08T00:00:11Z,43.9287,-124.3497,9.3,54.6,55,30,20,8,3.3
367661180,2025-01-08T00:00:53Z,30.10336,-90.96033,0.0,324.8,263,31,116,18,2.8
366950740,2025-01-08T00:00:55Z,29.54219,-90.71305,0.0,319.0,276,60,128,28,2.7
367310520,2025-01-08T00:01:00Z,21.34531,-157.97137,0.0,86.5,79,52,27,10,3.5
563099800,2025-01-08T00:00:56Z,28.58773,-93.47133,15.1,122.8,122,80,230,37,11.3
367771000,2025-01-08T00:01:06Z,33.77376,-118.2188,0.0,26.8,56,52,210,23,8.2
316039572,2025-01-08T00:01:00Z,49.42486,-123.28593,8.1,186.7,187,52,22,9,2.0
367169710,2025-01-08T00:01:11Z,38.63301,-75.61709,0.0,40.6,202,52,32,9,2.8
366990560,2025-01-08T00:00:08Z,40.77644,-74.00984,0.0,279.9,,60,30,8,2.0
636018861,2025-01-08T00:00:08Z,33.61042,-118.03642,0.0,225.0,105,80,228,32,8.5
366986380,2025-01-08T00:01:07Z,45.567,-122.71561,0.0,,308,33,61,18,5.0
565497000,2025-01-08T00:01:09Z,40.54207,-74.02279,9.4,346.8,346,80,183,32,11.0
368074180,2025-01-08T00:01:10Z,35.13149,-90.07258,4.1,49.0,35,57,476,43,3.6
367350050,2025-01-08T00:01:13Z,37.80689,-122.40406,0.0,201.0,,60,38,11,3.3
538007258,2025-01-08T00:01:16Z,18.03422,-68.234,12.2,210.1,210,70,200,32,10.6
367199580,2025-01-08T00:01:26Z,28.15594,-82.75955,0.0,,,30,23,7,
368286780,2025-01-08T00:01:09Z,29.97175,-93.84763,3.9,247.4,247,31,87,33,3.6
368044470,2025-01-08T00:01:14Z,29.24368,-95.22225,0.0,310.1,38,52,91,18,3.0
367585910,2025-01-08T00:01:10Z,29.32157,-94.78224,0.9,255.7,127,70,97,20,5.8
367661820,2025-01-08T00:01:22Z,29.93357,-90.18562,0.0,322.2,47,31,115,18,3.1
367782940,2025-01-08T00:00:00Z,42.3139,-70.93359,24.5,146.4,146,60,26,8,1.5
367082000,2025-01-08T00:01:13Z,18.00582,-66.76545,0.0,356.4,,52,33,10,3.0
366985270,2025-01-08T00:00:01Z,37.80905,-122.41109,0.1,261.7,,60,24,9,2.4
367618070,2025-01-08T00:00:03Z,18.15275,-65.44352,0.0,145.8,,60,44,10,
367091990,2025-01-08T00:00:14Z,36.80833,-76.28648,0.0,117.6,253,52,23,10,3.0
316001249,2025-01-08T00:00:02Z,49.37647,-123.27092,0.0,281.5,189,60,139,29,5.8
367480370,2025-01-08T00:00:04Z,48.7524,-122.48576,0.0,243.2,,30,30,8,0.4
368155170,2025-01-08T00:00:06Z,30.11476,-91.31804,0.0,336.4,325,52,120,34,3.1
368319610,2025-01-08T00:00:03Z,29.67143,-91.44997,7.9,296.1,296,52,20,9,2.9
565475000,2025-01-08T00:00:04Z,24.21929,-80.45152,12.8,52.8,50,71,209,30,8.0
369914056,2025-01-08T00:00:31Z,32.68628,-117.13615,0.0,33.4,33,89,228,33,8.0
367082130,2025-01-08T00:00:00Z,18.46173,-66.12228,0.8,349.1,324,31,31,10,3.8
368146810,2025-01-08T00:00:01Z,30.05956,-93.38334,0.1,91.4,109,57,113,34,2.5
367626030,2025-01-08T00:00:02Z,29.93232,-90.32714,0.3,62.0,,31,20,8,3.0
367771860,2025-01-08T00:00:01Z,31.00813,-91.62878,0.1,317.0,50,31,357,43,3.1
367143550,2025-01-08T00:00:02Z,38.95817,-74.86729,0.0,253.4,,30,25,8,3.2
367410990,2025-01-08T00:00:05Z,30.21942,-89.23634,7.5,51.1,50,31,176,16,2.8
367703560,2025-01-08T00:00:04Z,29.99355,-90.02123,0.0,358.4,69,31,23,11,2.8
319124900,2025-01-08T00:00:47Z,26.74963,-80.05038,0.0,120.4,271,37,67,11,3.8
367474790,2025-01-08T00:00:04Z,29.54468,-90.69997,0.0,287.6,,31,21,12,2.7
636016362,2025-01-08T00:00:54Z,29.24745,-94.61353,0.1,261.8,37,82,145,24,6.8
367003210,2025-01-08T00:01:15Z,29.88904,-89.99848,0.0,330.5,191,31,208,18,3.1
477915900,2025-01-08T00:00:38Z,21.32494,-158.11158,0.0,292.2,45,70,180,30,10.3
227109660,2025-01-08T00:00:45Z,21.37142,-157.93747,0.0,196.6,,36,14,8,
367133160,2025-01-08T00:00:43Z,21.3227,-158.11387,0.0,243.2,,32,36,11,5.1
367478960,2025-01-08T00:00:51Z,29.85397,-89.98153,0.0,129.3,,55,28,16,
311001033,2025-01-08T00:00:25Z,19.9993,-66.00849,17.4,121.4,118,60,362,,9.3
368006470,2025-01-08T00:00:55Z,34.21718,-77.8143,0.0,264.8,,37,15,6,
364888400,2025-01-08T00:00:25Z,29.93364,-93.07267,0.0,287.8,,,8,5,0.5
367371830,2025-01-08T00:00:30Z,40.66817,-74.00152,0.0,224.6,12,32,33,11,4.3
209414000,2025-01-08T00:00:58Z,27.87986,-92.35324,9.5,221.3,225,90,90,24,6.0
367704000,2025-01-08T00:01:11Z,32.72346,-117.22586,0.0,281.6,119,60,30,9,2.5
367391920,2025-01-08T00:00:06Z,29.04708,-90.1907,10.6,106.4,108,70,62,14,4.0
368187050,2025-01-08T00:00:48Z,31.15471,-81.49992,0.1,295.2,,36,15,8,
367724460,2025-01-08T00:00:03Z,32.09326,-81.1042,8.0,134.6,133,52,28,12,5.8
367148620,2025-01-08T00:00:57Z,30.40471,-88.25036,0.0,,,30,27,8,
316029592,2025-01-08T00:00:02Z,49.10721,-123.29611,5.7,237.3,243,33,124,20,6.7
338205308,2025-01-08T00:00:50Z,26.7783,-80.04026,0.0,297.7,,37,19,5,
366932120,2025-01-08T00:00:01Z,30.24893,-88.03896,6.3,172.4,172,52,37,11,5.0
369822000,2025-01-08T00:00:59Z,26.25316,-80.09,0.0,272.1,12,37,24,6,
368036960,2025-01-08T00:00:02Z,40.49646,-80.07372,2.4,332.5,148,52,22,8,2.6
338482433,2025-01-08T00:00:54Z,47.63903,-122.33963,0.0,,,37,12,4,
367047370,2025-01-08T00:00:03Z,30.34374,-88.50729,0.0,273.4,,52,30,11,
338339572,2025-01-08T00:00:13Z,33.60417,-117.8877,0.5,,,37,14,5,
367680160,2025-01-08T00:00:16Z,30.44909,-91.20091,0.0,,0,31,207,18,2.6
367409750,2025-01-08T00:00:19Z,39.75084,-74.11465,0.0,61.5,,30,22,7,
259082000,2025-01-08T00:00:32Z,23.94917,-80.96351,11.7,234.2,237,81,290,46,9.3
338399543,2025-01-08T00:00:18Z,48.49291,-122.68149,0.0,132.4,,37,19,5,
367082130,2025-01-08T00:01:03Z,18.46189,-66.12244,0.1,262.2,10,31,31,10,3.8
367318950,2025-01-08T00:00:23Z,42.04601,-124.26633,0.0,120.5,,30,16,7,
636021693,2025-01-08T00:00:25Z,37.81087,-122.32866,0.0,169.4,277,70,333,48,11.2
563160100,2025-01-08T00:00:50Z,32.13152,-81.1412,0.0,160.2,319,74,334,48,13.1
367490530,2025-01-08T00:00:35Z,29.90705,-92.55063,6.4,101.0,,52,24,12,2.8
367668180,2025-01-08T00:00:25Z,48.49424,-122.68303,0.0,66.9,,37,19,6,
367554370,2025-01-08T00:00:26Z,34.55192,-77.32466,0.0,149.2,,36,25,5,
366951000,2025-01-08T00:00:57Z,46.20748,-123.76903,0.1,134.0,134,51,68,14,5.0
367547410,2025-01-08T00:01:10Z,27.74788,-82.74466,0.0,,,69,36,6,1.7
636012425,2025-01-08T00:00:15Z,26.43972,-79.31213,0.5,256.0,254,80,213,32,8.0
338202151,2025-01-08T00:00:27Z,39.22081,-76.45865,0.0,231.2,,36,12,2,
367138730,2025-01-08T00:01:03Z,29.80415,-93.34669,6.2,257.7,269,60,50,20,
367705090,2025-01-08T00:00:38Z,27.86414,-97.04771,0.0,338.7,20,31,118,34,2.8
316044605,2025-01-08T00:00:28Z,49.19956,-122.94117,0.0,,,37,8,3,
369970416,2025-01-08T00:01:08Z,47.56061,-122.53434,0.1,177.5,257,52,30,10,
367349450,2025-01-08T00:01:07Z,45.98884,-83.87915,0.0,,,60,46,12,
366946000,2025-01-08T00:01:11Z,47.62958,-122.37946,0.0,195.4,180,30,84,15,5.0
367699890,2025-01-08T00:00:07Z,38.78279,-75.12024,0.2,92.9,,50,16,6,
367660250,2025-01-08T00:01:12Z,29.92208,-89.95642,10.0,95.5,88,31,116,18,3.1
367643740,2025-01-08T00:00:03Z,29.14121,-90.21382,0.0,203.6,159,70,100,23,5.2
367519280,2025-01-08T00:01:13Z,43.01215,-87.90416,0.0,334.9,147,31,75,18,2.5
367610770,2025-01-08T00:00:06Z,27.95311,-82.44169,0.0,,,52,9,6,
316304000,2025-01-08T00:01:13Z,49.30576,-123.07757,0.0,18.6,214,90,75,18,4.9
256948000,2025-01-08T00:01:12Z,34.20703,-119.84999,9.5,285.4,284,70,272,43,13.3
367767250,2025-01-08T00:00:01Z,27.81051,-97.34881,0.5,134.0,,52,,,
316006246,2025-01-08T00:00:28Z,49.29405,-123.12698,0.0,15.4,,37,18,6,
369081000,2025-01-08T00:00:15Z,46.20113,-123.3871,0.0,49.2,229,32,39,10,4.6
366999663,2025-01-08T00:00:04Z,36.60876,-121.89142,0.0,164.7,,55,26,6,1.7
368222460,2025-01-08T00:00:34Z,31.15349,-81.49932,0.0,156.5,198,37,12,7,
367078040,2025-01-08T00:00:17Z,38.61626,-90.1858,0.0,10.3,10,31,19,7,2.5
338433524,2025-01-08T00:00:36Z,31.04668,-81.42263,0.0,,,37,13,5,
338395811,2025-01-08T00:00:36Z,34.90633,-76.76389,0.0,0.0,,36,11,8,
338350963,2025-01-08T00:00:37Z,42.23072,-70.96143,0.0,,,37,15,4,
338396318,2025-01-08T00:00:39Z,47.63014,-122.39514,0.0,,,37,14,4,
367776660,2025-01-08T00:00:41Z,20.03576,-155.82895,0.0,23.3,134,52,40,12,5.5
338074638,2025-01-08T00:00:36Z,27.83899,-97.06508,0.0,191.0,,37,,,
366710000,2025-01-08T00:00:44Z,29.65474,-91.12409,0.0,50.2,238,37,67,14,3.5
367744140,2025-01-08T00:00:16Z,29.96182,-90.23941,0.0,341.5,,52,18,7,2.6
367493740,2025-01-08T00:01:09Z,29.78703,-95.08308,0.0,291.3,290,31,118,34,2.9
367555480,2025-01-08T00:00:33Z,29.75147,-95.10653,0.2,47.0,136,31,26,11,15.7
370644000,2025-01-08T00:01:08Z,42.15868,-125.19099,16.7,185.2,184,79,199,32,8.9
367757130,2025-01-08T00:00:01Z,38.83008,-90.1081,0.0,323.9,23,31,37,11,3.0
367705430,2025-01-08T00:00:07Z,21.31649,-157.87915,0.0,70.2,,30,20,6,
367587860,2025-01-08T00:00:26Z,37.51238,-122.19717,0.0,91.9,93,36,12,7,
367138490,2025-01-08T00:00:06Z,29.88739,-85.7877,12.2,187.7,193,60,41,9,2.2
240691000,2025-01-08T00:00:01Z,41.63798,-73.94747,0.1,43.8,6,90,71,17,4.9
368351350,2025-01-08T00:00:06Z,33.74561,-118.22427,0.0,192.1,11,,90,46,
338798000,2025-01-08T00:00:28Z,28.73777,-88.15823,0.3,244.4,0,90,100,22,6.4
366793340,2025-01-08T00:00:01Z,29.23793,-95.21692,0.0,344.9,,31,81,12,3.3
367306820,2025-01-08T00:00:28Z,30.28348,-87.56426,0.0,244.5,,30,10,6,
368119110,2025-01-08T00:00:04Z,29.91889,-90.08002,0.0,260.4,254,52,28,12,17.0
215189000,2025-01-08T00:00:05Z,37.44745,-123.34161,3.2,58.0,40,75,295,33,9.9
366988420,2025-01-08T00:00:09Z,43.22118,-86.29578,0.0,327.9,270,52,33,10,4.0
368021110,2025-01-08T00:00:29Z,33.96559,-118.45182,7.5,54.5,,36,15,8,
367149030,2025-01-08T00:00:13Z,47.6036,-122.33948,0.0,306.2,267,51,33,8,3.5
338181563,2025-01-08T00:00:34Z,48.75528,-122.49746,0.1,119.9,,37,12,4,
367633650,2025-01-08T00:00:53Z,47.6825,-122.40717,0.0,0.0,33,36,14,8,
368185520,2025-01-08T00:00:02Z,30.47572,-91.19976,0.0,60.9,4,57,205,17,2.5
338010967,2025-01-08T00:00:54Z,33.75271,-118.11364,0.0,149.8,,37,12,4,
368193180,2025-01-08T00:00:02Z,36.96513,-76.41157,0.0,185.7,,57,23,24,3.2
367663340,2025-01-08T00:00:55Z,33.85074,-118.3977,0.4,,,36,11,4,
367759080,2025-01-08T00:00:02Z,29.26486,-94.99116,3.2,221.8,219,52,24,12,3.1
319073000,2025-01-08T00:00:03Z,30.41292,-81.54386,0.0,280.0,314,36,47,10,3.0
316015632,2025-01-08T00:00:21Z,48.66764,-123.40718,0.0,354.9,,30,19,7,
368230420,2025-01-08T00:00:04Z,28.46784,-96.37743,0.7,329.1,,31,25,16,
367005760,2025-01-08T00:00:03Z,29.92672,-92.98273,5.4,89.2,92,32,23,9,2.7
368328330,2025-01-08T00:00:56Z,27.92692,-82.45005,6.8,327.3,,60,40,9,
253751000,2025-01-08T00:00:05Z,42.3785,-70.86611,10.1,88.1,86,90,157,36,7.5
368139220,2025-01-08T00:00:58Z,47.53921,-122.64468,0.0,,,37,18,5,
368303370,2025-01-08T00:00:01Z,29.9359,-90.33043,7.0,260.7,,52,20,8,3.0
367425950,2025-01-08T00:00:05Z,48.00678,-122.22485,0.0,284.5,,70,34,14,
367569830,2025-01-08T00:00:03Z,33.75306,-118.26615,2.0,60.1,42,31,30,12,5.7
367371410,2025-01-08T00:00:07Z,38.77118,-82.21755,5.5,147.8,,31,357,34,2.8
367642490,2025-01-08T00:00:03Z,29.68545,-91.16072,7.1,89.0,,52,20,8,2.2
368108480,2025-01-08T00:00:07Z,41.49152,-81.71734,0.0,121.3,,52,18,7,3.5
367644990,2025-01-08T00:00:05Z,26.8534,-80.0709,0.0,236.0,,37,28,10,
367133180,2025-01-08T00:00:05Z,43.37203,-124.21023,0.0,228.8,,31,13,4,2.5
367702420,2025-01-08T00:00:04Z,30.00382,-90.79639,0.0,240.4,222,52,24,9,2.5
367156850,2025-01-08T00:00:04Z,29.35823,-94.7878,0.3,310.8,,31,90,12,3.1
366980160,2025-01-08T00:00:07Z,38.78259,-75.12024,0.0,277.2,187,39,16,4,
368243940,2025-01-08T00:00:04Z,32.69321,-80.22654,0.0,282.2,,57,112,17,2.5
367717020,2025-01-08T00:00:51Z,33.97025,-118.44967,0.0,224.2,,37,30,6,
367370230,2025-01-08T00:00:13Z,32.72332,-117.17373,0.0,,,60,22,6,2.0
538008955,2025-01-08T00:00:40Z,46.10375,-122.9505,0.1,186.8,119,70,186,28,6.6
477142500,2025-01-08T00:00:46Z,29.911,-90.08872,0.0,151.2,251,80,159,27,8.4
368130570,2025-01-08T00:00:45Z,29.61195,-94.99139,0.1,324.4,227,52,30,13,6.3
367097710,2025-01-08T00:01:10Z,29.60369,-89.86992,0.0,36.0,281,52,18,8,8.0
367441390,2025-01-08T00:00:17Z,29.12199,-90.20555,0.0,,,31,34,9,5.5
367548930,2025-01-08T00:00:37Z,29.54687,-95.02058,0.0,,,60,33,7,
366978440,2025-01-08T00:01:18Z,46.75387,-92.09404,0.0,,,52,30,9,4.1
366977710,2025-01-08T00:01:22Z,29.58505,-93.81383,0.7,195.9,,52,39,7,6.5
368138460,2025-01-08T00:00:41Z,36.8081,-76.28699,0.0,24.1,239,52,24,8,3.0
357657000,2025-01-08T00:01:14Z,26.26746,-79.05978,11.4,91.9,89,60,290,44,8.3
357657000,2025-01-08T00:00:13Z,26.26755,-79.06331,11.4,91.9,88,60,290,44,8.3
338327000,2025-01-08T00:00:24Z,17.74714,-64.69936,0.1,,,36,42,8,10.8
368084140,2025-01-08T00:00:06Z,30.06917,-90.89503,0.0,277.9,319,31,21,8,2.8
367780870,2025-01-08T00:00:34Z,29.12605,-90.21655,0.0,259.8,346,70,45,12,3.0
366995730,2025-01-08T00:01:00Z,29.76778,-94.04627,4.8,53.2,56,31,24,7,2.7
367347130,2025-01-08T00:01:05Z,40.66771,-74.04642,28.7,21.9,,60,44,12,4.7
316052438,2025-01-08T00:01:09Z,49.28338,-123.39577,36.1,76.3,74,60,42,12,1.5
367728680,2025-01-08T00:01:12Z,30.03058,-91.25796,0.0,74.3,341,31,214,17,2.9
368076250,2025-01-08T00:01:15Z,29.96502,-90.02715,0.1,230.0,16,52,20,8,3.0
355572000,2025-01-08T00:01:01Z,37.5138,-122.20903,0.0,107.2,53,70,177,29,6.8
316045007,2025-01-08T00:01:07Z,49.3556,-123.27135,0.0,,232,37,11,4,
368369810,2025-01-08T00:01:16Z,47.27988,-122.4001,0.0,,,36,11,4,
368254850,2025-01-08T00:01:16Z,42.82146,-69.9137,3.5,163.8,,30,27,8,
368060790,2025-01-08T00:01:03Z,29.93367,-93.07258,0.0,254.1,,52,8,6,
368209810,2025-01-08T00:01:17Z,29.77514,-93.34137,0.0,179.9,89,31,31,12,
367629440,2025-01-08T00:01:17Z,32.72266,-117.22675,0.0,,,60,26,8,
367687850,2025-01-08T00:01:20Z,41.38099,-71.51203,0.0,127.2,,30,20,6,
367772272,2025-01-08T00:01:23Z,37.82765,-76.27804,0.0,,,30,54,12,
367389840,2025-01-08T00:01:25Z,37.92307,-122.36702,0.0,236.2,,70,36,16,2.0
368084140,2025-01-08T00:01:15Z,30.06918,-90.89503,0.0,272.5,319,31,21,8,2.8
338310483,2025-01-08T00:01:26Z,49.29272,-122.88185,0.0,235.5,182,37,14,4,
477131900,2025-01-08T00:01:23Z,29.98992,-93.9303,0.1,186.0,104,82,183,32,7.8
367555330,2025-01-08T00:01:23Z,38.58015,-90.21967,0.0,34.0,45,31,27,7,2.9
636021161,2025-01-08T00:01:26Z,31.95414,-80.27398,9.7,274.6,278,71,293,32,10.7
367515320,2025-01-08T00:01:25Z,29.83463,-90.05993,0.0,19.5,,52,20,8,3.2
368179680,2025-01-08T00:01:28Z,47.67949,-122.40738,0.0,,,37,16,5,
316035905,2025-01-08T00:01:09Z,42.69657,-79.85464,4.5,336.3,330,70,198,24,8.1
367440240,2025-01-08T00:01:30Z,42.30153,-70.67095,5.0,268.9,,30,23,7,
368242090,2025-01-08T00:01:10Z,39.0067,-76.40404,0.0,273.3,,52,20,8,
368073490,2025-01-08T00:01:33Z,30.17431,-89.43332,8.0,253.3,,31,16,7,2.0
338128293,2025-01-08T00:01:33Z,48.49257,-122.67981,0.1,357.9,185,37,14,4,
338446704,2025-01-08T00:01:14Z,25.79459,-80.14642,0.0,192.1,,37,,,
338485451,2025-01-08T00:01:14Z,27.49987,-82.57426,0.0,,,37,12,4,
367161930,2025-01-08T00:01:37Z,43.91548,-124.21558,8.7,335.4,,30,15,6,
563191700,2025-01-08T00:01:35Z,40.53103,-70.33231,2.5,111.7,25,80,183,32,8.0
368029290,2025-01-08T00:01:16Z,25.72598,-80.23185,0.0,298.4,222,37,14,4,
367057310,2025-01-08T00:01:15Z,30.11384,-89.69724,5.8,55.2,55,52,28,10,2.7
368199640,2025-01-08T00:00:11Z,47.80666,-122.39308,0.1,213.0,,37,11,3,
338165129,2025-01-08T00:00:10Z,46.30424,-124.03715,0.0,180.3,,30,,,
367754870,2025-01-08T00:00:27Z,29.42454,-92.01995,2.4,307.0,,30,21,8,
367106880,2025-01-08T00:00:17Z,30.28399,-91.22014,6.3,262.3,,60,43,18,
367343590,2025-01-08T00:00:29Z,25.27282,-80.3473,0.1,,,36,14,6,
367567990,2025-01-08T00:00:16Z,36.89769,-76.34999,0.0,202.3,12,31,24,9,
338193303,2025-01-08T00:00:34Z,26.237,-80.09325,0.0,1.5,,37,16,5,
235093618,2025-01-08T00:00:33Z,33.72629,-118.25984,0.0,240.8,201,74,335,46,13.8
368372340,2025-01-08T00:00:35Z,21.29405,-157.85678,0.0,,,37,29,6,
369540000,2025-01-08T00:00:40Z,43.28837,-128.79407,15.2,150.6,149,80,273,46,10.2
257682000,2025-01-08T00:01:02Z,41.51588,-71.40603,0.1,99.7,14,80,149,31,5.8
338126116,2025-01-08T00:00:14Z,30.40355,-86.30058,3.9,246.3,250,37,10,4,
636021177,2025-01-08T00:00:23Z,33.76323,-118.24792,0.0,223.3,67,70,180,30,9.4
255806069,2025-01-08T00:00:39Z,20.78474,-67.32337,15.8,302.3,301,71,166,25,7.3
338454000,2025-01-08T00:00:24Z,40.63662,-74.07174,0.0,329.2,83,78,49,15,3.0
338926410,2025-01-08T00:00:53Z,24.56505,-81.8005,0.0,129.2,274,55,46,7,3.0
367393650,2025-01-08T00:01:30Z,31.00477,-91.66344,0.7,228.0,,30,16,6,4.0
367320750,2025-01-08T00:00:11Z,38.56608,-81.97975,5.1,129.8,126,31,25,8,
367540360,2025-01-08T00:00:10Z,30.01152,-90.76263,0.0,255.8,,57,12,6,3.0
367423260,2025-01-08T00:01:12Z,30.18101,-89.34617,6.8,273.4,,31,171,17,7.6
303303000,2025-01-08T00:00:05Z,47.65899,-122.37839,0.0,177.6,177,30,41,9,6.0
366826930,2025-01-08T00:01:14Z,30.01858,-93.98124,3.1,351.4,,52,20,8,2.6
366836590,2025-01-08T00:00:06Z,40.6711,-74.13717,6.6,28.8,,52,35,10,
563217600,2025-01-08T00:00:00Z,36.68187,-75.34883,0.5,146.9,346,70,335,51,13.9
367393830,2025-01-08T00:01:14Z,40.63887,-74.19629,0.1,,42,31,27,8,4.0
367000450,2025-01-08T00:00:01Z,29.15976,-95.13565,5.7,233.5,235,31,224,18,2.7
316023452,2025-01-08T00:00:02Z,49.12313,-123.18187,0.0,330.3,,30,21,6,
368115440,2025-01-08T00:00:15Z,47.04564,-122.90713,0.8,,,37,13,4,
316010415,2025-01-08T00:00:02Z,48.98843,-123.42232,16.7,325.0,326,35,33,8,2.6
367464670,2025-01-08T00:00:10Z,29.3753,-94.86747,0.0,299.3,,31,27,9,2.9
366970770,2025-01-08T00:00:01Z,29.96278,-90.28542,5.7,246.1,,31,154,43,2.6
368142930,2025-01-08T00:01:36Z,29.80522,-93.95442,0.0,,,60,18,4,
367007770,2025-01-08T00:00:08Z,29.41129,-89.60699,9.4,169.1,,52,20,10,2.2
367555720,2025-01-08T00:00:14Z,42.01353,-124.28866,3.2,332.0,,30,15,3,
366760680,2025-01-08T00:00:31Z,30.33825,-88.51228,0.0,222.7,195,52,43,15,6.8
368304090,2025-01-08T00:00:40Z,29.4181,-89.05358,0.9,185.1,,70,35,8,2.0
368139320,2025-01-08T00:00:05Z,36.9069,-76.08953,0.0,109.0,,50,16,5,
367151180,2025-01-08T00:00:47Z,29.25753,-89.36147,0.0,278.0,,31,20,5,2.8
368120630,2025-01-08T00:00:18Z,31.15661,-81.49936,0.0,,359,37,15,5,
240691000,2025-01-08T00:01:03Z,41.63798,-73.94744,0.1,43.8,5,90,71,17,4.9
368129280,2025-01-08T00:01:24Z,29.67268,-91.09952,0.0,231.1,,99,17,8,
367619730,2025-01-08T00:00:08Z,29.99955,-89.99026,0.0,284.7,83,31,207,18,3.1
367474710,2025-01-08T00:00:09Z,29.96858,-90.39831,0.0,0.0,,31,18,8,2.5
367315540,2025-01-08T00:00:01Z,25.76441,-80.14564,0.0,,,69,30,16,
316003008,2025-01-08T00:00:19Z,49.20504,-123.0549,0.0,,,52,18,6,
367537450,2025-01-08T00:00:06Z,29.92476,-90.13596,1.6,244.8,9,31,29,11,3.7
368187720,2025-01-08T00:00:24Z,33.62034,-117.92663,0.0,,,37,18,6,
200000000,2025-01-08T00:01:03Z,27.85359,-97.23515,0.0,,,31,18,7,
367460360,2025-01-08T00:00:01Z,30.05911,-93.57904,0.0,320.6,,31,18,6,2.3
636022942,2025-01-08T00:00:02Z,39.155,-129.24767,18.4,176.0,184,70,300,43,11.3
538071392,2025-01-08T00:00:29Z,32.71968,-117.22421,0.0,221.5,36,37,37,8,3.0
366982180,2025-01-08T00:00:24Z,32.68728,-117.13301,0.0,,,52,25,10,
367796050,2025-01-08T00:01:17Z,40.68619,-74.07763,0.0,283.1,,31,20,9,3.0
368343440,2025-01-08T00:00:25Z,47.51893,-122.30718,0.0,21.5,307,37,10,4,
366805350,2025-01-08T00:00:18Z,29.54587,-90.70059,0.0,,,31,32,10,
366885000,2025-01-08T00:00:58Z,32.85623,-79.95302,0.0,220.2,51,31,46,14,7.4
360000000,2025-01-08T00:01:08Z,38.54001,-90.25004,0.0,124.9,,99,32,7,3.3
369850000,2025-01-08T00:00:02Z,29.68437,-91.17436,0.0,0.0,174,31,26,9,
367531740,2025-01-08T00:00:08Z,40.74053,-74.01172,0.1,,,51,10,4,
367501540,2025-01-08T00:00:51Z,27.83281,-92.52643,11.4,119.5,120,52,204,23,6.4
431200000,2025-01-08T00:00:06Z,29.20834,-94.61975,0.0,291.8,37,80,230,36,7.9
316007587,2025-01-08T00:00:19Z,49.11971,-123.16804,0.0,3.0,,30,25,7,
367140730,2025-01-08T00:00:15Z,29.93977,-91.84241,0.0,,,20,20,10,1.8
367610550,2025-01-08T00:00:16Z,29.55054,-90.39917,4.1,75.7,,52,24,11,2.8
367371840,2025-01-08T00:00:36Z,48.13502,-123.461,0.0,78.2,354,31,29,10,5.5
354739000,2025-01-08T05:27:07Z,37.44902,-122.72791,7.2,180.1,178,70,180,28,6.1
477738500,2025-01-08T00:01:22Z,34.25103,-121.40212,17.3,223.0,225,70,323,43,10.1
355870000,2025-01-08T00:00:29Z,18.43581,-66.1101,0.0,157.9,180,70,180,31,8.1
366047000,2025-01-08T00:01:03Z,47.63032,-122.38104,0.0,,,30,77,16,
338033000,2025-01-08T00:01:03Z,20.73532,-157.04721,8.2,130.8,131,31,37,11,6.0
367034960,2025-01-08T00:01:08Z,33.76742,-118.21697,0.0,331.1,,52,23,10,4.0
366988770,2025-01-08T00:01:23Z,38.54378,-90.24678,0.0,122.9,,31,81,12,3.2
367509840,2025-01-08T00:01:28Z,29.56457,-94.4376,4.2,267.1,,31,113,34,3.0
367479280,2025-01-08T00:00:03Z,28.08705,-82.81024,0.0,253.0,,31,24,8,
366997820,2025-01-08T00:00:43Z,29.90023,-90.08078,0.0,0.0,,52,20,8,
338461381,2025-01-08T00:00:28Z,35.84166,-75.62013,0.0,,,33,16,6,
368020480,2025-01-08T00:00:03Z,29.61809,-89.90729,0.0,228.1,,57,18,8,
368026840,2025-01-08T00:00:30Z,47.79511,-122.49804,0.0,,,37,10,3,
368102350,2025-01-08T00:01:11Z,38.53918,-90.25518,0.0,289.2,35,52,18,9,
368351210,2025-01-08T00:01:13Z,30.70015,-88.03543,0.0,185.6,68,52,39,12,3.0
339233000,2025-01-08T00:01:03Z,26.10262,-80.12023,0.0,288.9,272,37,38,8,3.0
368286840,2025-01-08T00:00:40Z,29.78875,-95.06333,0.0,19.7,114,52,207,23,
368357020,2025-01-08T00:01:18Z,29.73828,-94.08889,3.9,232.4,228,57,207,23,3.0
303324000,2025-01-08T00:00:31Z,46.1683,-123.91413,0.0,,,30,23,9,
366804020,2025-01-08T00:00:31Z,29.99565,-93.91255,0.0,292.8,,31,18,8,2.7
368253360,2025-01-08T00:00:44Z,29.71575,-93.86157,0.0,257.0,,57,105,22,2.8
367569830,2025-01-08T00:01:11Z,33.75321,-118.26565,2.9,46.5,38,31,30,12,5.7
368059440,2025-01-08T00:01:22Z,34.37973,-90.66428,3.4,44.0,50,52,476,44,3.6
367555310,2025-01-08T00:00:32Z,26.70201,-80.04445,0.0,230.6,,37,32,7,
367402210,2025-01-08T00:01:16Z,40.70967,-73.97677,17.3,233.5,,60,47,10,
580067000,2025-01-08T00:01:21Z,38.06191,-90.12618,3.7,311.0,,31,47,14,2.6
368344880,2025-01-08T00:00:31Z,30.29245,-87.5482,0.0,17.5,82,37,,,
338926433,2025-01-08T00:00:13Z,18.45987,-66.1153,0.0,354.6,268,55,46,7,3.0
366937150,2025-01-08T00:01:10Z,41.64956,-87.46675,0.0,207.3,225,31,36,20,5.1
366773340,2025-01-08T00:00:32Z,30.39825,-81.42788,0.0,215.5,,60,16,5,
368331090,2025-01-08T00:01:20Z,34.93682,-76.8107,0.0,138.8,74,60,60,14,
316007587,2025-01-08T00:01:29Z,49.11971,-123.16805,0.0,3.0,,30,25,7,
366963830,2025-01-08T00:01:16Z,30.12679,-91.02251,4.4,315.2,,52,20,9,3.0
367689760,2025-01-08T00:01:10Z,29.76061,-91.68449,2.1,271.6,271,31,213,22,3.2
367030520,2025-01-08T00:00:04Z,34.49654,-90.59225,0.0,296.7,,31,27,8,
367171930,2025-01-08T00:01:22Z,29.93855,-90.00605,0.1,135.8,304,31,27,10,3.1
368012340,2025-01-08T00:01:23Z,33.76944,-118.21752,0.0,275.5,,31,15,6,2.0
367317630,2025-01-08T00:01:24Z,29.98603,-93.90065,0.0,280.0,,52,36,10,
367776270,2025-01-08T00:01:11Z,40.73154,-73.96364,0.1,267.5,175,60,26,8,2.0
338046000,2025-01-08T00:00:18Z,48.36709,-124.61244,0.1,33.3,341,90,29,8,2.1
367479280,2025-01-08T00:01:14Z,28.08705,-82.81024,0.0,261.1,,31,24,8,
368285710,2025-01-08T00:00:34Z,30.28091,-87.67647,0.0,,,37,14,8,
310000000,2025-01-08T00:00:46Z,25.85088,-80.15932,0.1,195.1,,37,,,
338101896,2025-01-08T00:00:47Z,37.87089,-122.49769,0.0,,,36,12,4,
367622960,2025-01-08T00:00:37Z,30.10688,-93.30707,0.0,244.7,230,31,203,17,2.8
367114050,2025-01-08T00:01:24Z,30.17413,-91.01379,0.0,282.4,,31,30,10,6.4
316052496,2025-01-08T00:01:17Z,47.85419,-86.92884,12.8,291.3,291,70,155,22,6.8
368187510,2025-01-08T00:00:42Z,38.87406,-77.02202,0.0,327.7,,60,48,12,2.3
316042019,2025-01-08T00:00:06Z,49.24019,-125.81312,9.1,102.7,102,99,15,10,2.4
366961660,2025-01-08T00:01:23Z,29.68452,-95.00934,0.0,,,31,13,6,
316042365,2025-01-08T00:00:12Z,49.3096,-123.08359,0.0,36.8,35,69,34,12,1.8
368301160,2025-01-08T00:00:46Z,26.13487,-80.11902,0.0,193.7,98,37,,,
367376640,2025-01-08T00:01:26Z,38.40497,-82.57493,5.7,288.7,286,31,114,18,
338383258,2025-01-08T00:00:48Z,25.70372,-80.25196,0.0,,,37,5,4,
367750940,2025-01-08T00:01:25Z,25.79886,-80.24904,0.0,,,31,17,6,2.8
368188830,2025-01-08T00:01:00Z,46.16899,-123.91378,0.0,204.4,,30,20,7,3.2
368121820,2025-01-08T00:01:21Z,30.19825,-91.11909,0.0,,249,52,32,12,
367418240,2025-01-08T00:00:46Z,29.17646,-88.75494,2.3,217.9,214,90,77,18,4.4
367428690,2025-01-08T00:01:24Z,43.88836,-69.81096,0.5,185.5,216,32,24,8,13.0
319471000,2025-01-08T00:00:56Z,25.72617,-80.15502,0.0,85.5,,37,75,6,
367466470,2025-01-08T00:01:27Z,30.06614,-90.86751,0.0,317.9,,52,19,7,3.0
366701350,2025-01-08T00:01:25Z,40.67681,-74.07411,0.0,313.0,32,31,25,11,4.0
316024114,2025-01-08T00:00:50Z,48.66895,-123.40738,0.0,,,37,20,4,
367535270,2025-01-08T00:00:17Z,29.59829,-90.67246,0.0,291.5,,31,23,10,2.8
367712860,2025-01-08T00:01:14Z,47.73193,-122.2695,6.3,348.7,348,31,20,7,2.2
367379670,2025-01-08T00:01:14Z,39.89621,-75.19667,0.0,53.1,,31,24,9,
367775320,2025-01-08T00:01:19Z,30.03495,-90.6864,0.1,190.5,,52,20,10,3.0
367579120,2025-01-08T00:01:21Z,29.81712,-93.9834,0.1,293.1,,31,80,14,2.7
368156970,2025-01-08T00:01:13Z,29.70251,-93.07335,0.0,,,30,27,8,
367476840,2025-01-08T00:01:27Z,30.07727,-94.07063,0.0,,262,52,22,10,2.6
368166250,2025-01-08T00:01:51Z,29.68501,-91.14894,0.0,252.3,,52,16,6,1.5
352002603,2025-01-08T00:01:28Z,17.67543,-64.7365,5.3,332.6,333,81,228,32,10.6
368014430,2025-01-08T00:01:17Z,29.78318,-92.19915,3.3,293.2,291,31,119,34,2.9
368305000,2025-01-08T00:01:06Z,37.48024,-123.3739,19.3,251.1,252,70,217,32,9.5
256190000,2025-01-08T00:00:09Z,48.39281,-123.26071,12.1,240.4,245,79,179,30,10.2
366779420,2025-01-08T00:01:15Z,36.8568,-75.78416,2.4,308.2,311,31,42,13,7.0
235116535,2025-01-08T00:01:03Z,47.62939,-122.39274,0.0,89.6,,36,14,4,
367444970,2025-01-08T00:00:37Z,41.6397,-70.91888,0.0,327.3,,30,35,9,3.2
368273980,2025-01-08T00:01:06Z,47.29685,-122.42435,0.0,190.9,196,36,11,4,
366941870,2025-01-08T00:01:12Z,29.68276,-94.19469,4.7,63.2,64,30,112,17,2.9
366972930,2025-01-08T00:01:25Z,30.24035,-91.12278,0.0,281.7,,31,15,6,6.7
368101960,2025-01-08T00:01:07Z,40.72128,-73.97153,15.5,190.5,190,69,35,6,
338509279,2025-01-08T00:01:07Z,32.70318,-117.23123,26.4,217.8,,37,8,3,
368381360,2025-01-08T00:01:29Z,35.44466,-89.99438,3.4,10.2,,33,50,10,
367299580,2025-01-08T00:01:08Z,27.83507,-97.38641,0.4,257.3,,60,14,5,
366014000,2025-01-08T00:01:33Z,29.11843,-90.19648,0.0,184.0,160,70,74,16,4.0
338881000,2025-01-08T00:01:27Z,33.7344,-118.24883,0.0,168.6,251,71,255,40,13.0
366980230,2025-01-08T00:01:21Z,47.28421,-122.41161,0.0,22.5,137,52,25,5,3.5
368949000,2025-01-08T00:01:24Z,45.56864,-122.72266,0.0,0.0,105,99,203,23,8.8
636015834,2025-01-08T00:01:11Z,28.93472,-95.33133,0.0,178.5,137,89,228,32,9.3
316033399,2025-01-08T00:02:34Z,49.29079,-123.06058,0.0,253.6,324,31,20,10,
232010199,2025-01-08T00:01:28Z,18.30293,-64.51709,8.1,97.3,100,80,105,18,5.0
636023418,2025-01-08T00:00:25Z,25.94936,-79.39559,9.6,13.0,11,84,290,46,9.7
338353147,2025-01-08T00:00:47Z,25.79178,-80.18436,0.0,,,37,14,4,
338328451,2025-01-08T00:00:56Z,33.75121,-118.11235,0.0,,,37,14,5,
316030626,2025-01-08T00:01:10Z,48.80079,-123.35213,12.6,100.3,100,60,107,24,4.6
367513170,2025-01-08T05:27:07Z,37.79858,-122.32655,1.9,281.6,126,31,99,18,2.5
367393270,2025-01-08T00:01:14Z,34.18234,-119.46981,0.1,201.6,,60,32,7,
338206665,2025-01-08T00:01:30Z,33.60301,-117.88825,0.1,294.3,,37,13,4,
338518359,2025-01-08T00:01:31Z,33.92676,-78.18834,2.7,81.0,,33,8,3,
367004260,2025-01-08T00:01:14Z,33.75234,-118.16638,7.4,309.3,,52,19,7,2.8
366999758,2025-01-08T00:01:28Z,39.3778,-74.42382,0.0,,,51,14,4,1.4
367034960,2025-01-08T00:02:39Z,33.76742,-118.21696,0.0,325.6,,52,23,10,4.0
368121540,2025-01-08T00:00:32Z,46.09049,-122.93187,0.1,227.2,289,77,83,16,
368184080,2025-01-08T00:01:07Z,29.72914,-95.03047,7.7,102.5,99,52,85,12,2.9
200000000,2025-01-08T00:02:30Z,29.86104,-90.01584,0.0,15.5,73,31,18,7,
367674860,2025-01-08T00:01:23Z,39.3733,-74.42033,0.0,148.1,,30,15,8,
367328780,2025-01-08T00:01:26Z,38.09472,-122.26354,0.0,175.2,299,52,31,14,5.8
636022942,2025-01-08T00:01:07Z,39.1495,-129.24817,17.8,185.6,182,70,300,43,11.3
636021529,2025-01-08T00:01:29Z,40.68559,-74.15331,0.1,10.0,307,71,206,32,10.0
636015336,2025-01-08T00:01:09Z,37.76738,-122.65521,9.2,89.4,90,80,183,32,11.1
366874110,2025-01-08T00:01:27Z,27.64306,-97.1474,0.1,290.4,,99,22,17,2.6
367456880,2025-01-08T00:01:28Z,38.7134,-90.17345,1.3,212.5,211,31,349,34,3.0
367753210,2025-01-08T00:02:27Z,30.06196,-90.86138,3.1,15.9,336,31,28,12,4.6
368102780,2025-01-08T00:01:29Z,29.36293,-94.79819,6.4,233.0,231,52,209,18,2.8
366968740,2025-01-08T00:01:29Z,29.28527,-89.36012,0.0,0.0,,30,15,5,2.0
310996191,2025-01-08T00:01:06Z,26.77906,-80.05253,0.0,,,37,33,5,
367138690,2025-01-08T00:01:26Z,30.25427,-91.27061,0.0,251.1,,60,49,20,2.3
316001267,2025-01-08T00:01:15Z,48.75258,-123.43449,11.9,142.4,141,60,110,24,3.3
303348100,2025-01-08T00:01:39Z,39.25947,-76.55616,0.0,239.3,,70,128,19,
369914054,2025-01-08T00:01:31Z,25.00513,-83.78097,10.4,323.3,326,89,228,33,8.1
367768080,2025-01-08T00:01:06Z,30.04858,-90.47571,0.0,274.0,136,31,24,10,3.6
353720000,2025-01-08T00:01:25Z,43.58219,-124.81085,5.2,125.9,117,70,179,30,5.7
367779890,2025-01-08T00:00:11Z,29.9439,-90.01458,0.1,301.3,303,31,89,17,2.8
368085190,2025-01-08T00:02:31Z,29.92654,-90.19988,0.0,231.8,333,57,86,33,3.1
563052700,2025-01-08T00:02:42Z,38.43873,-125.60242,1.2,152.9,240,74,264,32,12.2
354225000,2025-01-08T00:01:47Z,29.58162,-89.81432,0.0,131.2,311,70,229,33,7.4
367551340,2025-01-08T00:01:24Z,40.6405,-74.16335,0.0,238.5,,52,29,8,2.0
367010030,2025-01-08T00:01:38Z,29.4663,-94.65007,4.9,248.4,246,31,23,9,3.0
368310750,2025-01-08T00:01:14Z,29.76371,-95.1881,0.0,187.6,85,52,117,17,
338508739,2025-01-08T00:01:26Z,35.08301,-76.60146,0.0,,,36,13,5,
338429032,2025-01-08T00:01:27Z,48.49764,-122.60234,0.0,,,37,14,4,
367379290,2025-01-08T00:01:09Z,30.09121,-93.32419,5.0,48.3,43,31,21,8,3.0
367056452,2025-01-08T00:01:17Z,48.51294,-122.6448,0.0,267.8,243,30,37,8,3.4
367062810,2025-01-08T00:01:18Z,35.20774,-75.70338,0.0,,,60,43,14,
304844000,2025-01-08T00:01:13Z,26.04499,-79.82179,7.4,115.0,130,70,138,11,2.1
366982180,2025-01-08T00:01:33Z,32.68727,-117.133,0.0,,,52,25,10,
367614890,2025-01-08T00:00:05Z,29.82394,-93.96318,7.3,67.5,67,52,28,12,3.0
367787130,2025-01-08T00:01:33Z,42.29239,-83.14384,0.0,89.7,,31,31,9,4.0
316009844,2025-01-08T00:01:25Z,49.29031,-123.06066,0.0,340.5,,52,13,7,
338413179,2025-01-08T00:01:09Z,26.05811,-80.11269,0.0,,,37,,,
367704260,2025-01-08T00:02:32Z,30.03869,-90.67852,0.0,,,60,16,4,
367646390,2025-01-08T00:00:04Z,29.93381,-90.33547,8.2,87.9,,31,19,7,2.5
367017460,2025-01-08T00:01:32Z,25.77471,-80.20237,0.0,238.1,,52,24,10,
305246000,2025-01-08T00:00:01Z,29.64935,-85.8962,14.3,221.1,223,71,138,21,7.8
538009022,2025-01-08T00:01:19Z,23.60521,-81.83789,15.9,247.6,250,84,299,46,9.6
367456430,2025-01-08T00:00:01Z,29.63089,-94.89299,0.0,249.2,,31,22,8,2.2
367535250,2025-01-08T00:02:22Z,38.58648,-90.2015,0.1,291.6,36,31,367,33,
367379810,2025-01-08T00:00:00Z,29.93727,-90.32278,1.0,291.0,,31,23,9,10.0
367482990,2025-01-08T00:00:01Z,40.71367,-74.03141,0.2,221.7,,60,24,8,2.0
368093830,2025-01-08T00:01:21Z,29.97022,-90.24297,0.1,64.4,,57,23,7,
368157410,2025-01-08T00:01:24Z,42.36526,-71.04238,6.9,352.7,,60,22,6,2.0
368294650,2025-01-08T00:01:28Z,30.38447,-88.27123,0.0,,,70,49,11,
367413270,2025-01-08T00:01:28Z,29.61454,-91.11859,0.1,,,33,95,14,
367714130,2025-01-08T00:01:33Z,47.62169,-122.52073,0.0,75.4,,37,9,5,
316010415,2025-01-08T00:01:20Z,48.9931,-123.42734,15.8,324.0,327,35,33,8,2.6
368368870,2025-01-08T00:01:14Z,29.73707,-95.14151,0.0,295.1,,12,14,6,3.0
257066990,2025-01-08T00:00:02Z,29.68141,-95.00905,0.0,253.7,350,84,160,26,6.9
368261190,2025-01-08T00:01:19Z,47.72618,-122.64478,0.0,42.3,287,37,12,4,
636015149,2025-01-08T00:01:12Z,19.92178,-66.47596,11.3,63.1,61,70,186,28,19.6
368341960,2025-01-08T00:01:03Z,30.21496,-91.07129,7.5,86.7,90,52,22,10,
367702480,2025-01-08T00:00:02Z,30.51257,-91.2462,4.9,68.9,51,31,83,12,3.6
367618990,2025-01-08T00:00:09Z,35.02083,-90.26039,3.4,97.9,92,32,43,13,
366231180,2025-01-08T00:00:04Z,38.94868,-74.90636,0.0,44.7,302,30,30,8,4.0
367168190,2025-01-08T00:01:29Z,25.77268,-80.18483,0.0,354.4,,60,67,16,6.0
366999980,2025-01-08T00:01:13Z,45.85522,-84.70225,0.1,177.7,233,55,42,12,4.0
311000879,2025-01-08T00:00:03Z,19.45656,-68.89972,22.5,105.5,106,69,334,45,8.7
366812830,2025-01-08T00:00:38Z,29.75978,-95.07171,1.9,325.6,306,52,26,10,2.9
367534880,2025-01-08T00:00:07Z,29.941,-90.35881,0.1,232.3,,52,20,10,2.9
368121820,2025-01-08T00:02:27Z,30.19825,-91.11911,0.0,,249,52,32,12,
367675280,2025-01-08T00:01:24Z,48.51366,-122.60784,0.0,276.7,,37,12,4,
316047053,2025-01-08T00:01:10Z,49.23568,-125.75083,0.0,245.9,132,90,24,11,3.4
369702000,2025-01-08T00:00:03Z,32.45748,-79.58783,6.8,63.2,61,52,186,24,8.4
367524710,2025-01-08T00:00:05Z,30.05867,-93.60191,5.8,269.7,,30,20,9,2.6
538005761,2025-01-08T00:00:08Z,48.39129,-124.45099,8.9,114.4,116,89,183,32,8.2
311478000,2025-01-08T00:00:09Z,32.5397,-117.79683,5.9,113.0,109,60,312,48,9.1
367157650,2025-01-08T00:00:17Z,44.27035,-124.2366,4.9,192.1,194,30,19,6,
316047946,2025-01-08T00:01:32Z,49.17787,-123.85932,0.0,1.0,90,60,80,17,3.5
367773560,2025-01-08T00:00:26Z,35.89392,-75.64332,0.0,44.0,,37,15,6,
338496942,2025-01-08T00:00:28Z,30.3891,-86.32783,0.0,,,37,14,5,
368204960,2025-01-08T00:00:29Z,29.55184,-95.02531,0.0,164.5,257,36,12,4,
366990540,2025-01-08T00:00:07Z,40.76089,-74.00378,0.0,108.4,,60,30,8,2.0
338433062,2025-01-08T00:00:31Z,26.73166,-80.04207,0.0,,,37,13,4,
367577710,2025-01-08T00:00:05Z,41.50674,-71.41411,3.0,15.7,,30,26,6,
338202988,2025-01-08T00:00:33Z,30.66782,-81.47073,0.0,,,36,14,8,
367703080,2025-01-08T00:00:42Z,29.72884,-95.13687,0.0,201.9,52,52,26,10,3.6
367745570,2025-01-08T00:02:30Z,28.90672,-95.36583,0.0,337.2,238,31,113,34,3.1
338862000,2025-01-08T00:00:03Z,40.66607,-74.00519,2.4,245.0,259,52,28,10,
369970517,2025-01-08T00:00:36Z,24.56463,-81.80139,0.0,0.0,97,35,58,12,
249167000,2025-01-08T00:01:38Z,23.6334,-81.82562,11.8,78.8,76,71,300,48,13.5
367056060,2025-01-08T00:00:09Z,30.13289,-91.32292,0.0,337.4,,31,18,7,3.1
316013711,2025-01-08T00:00:02Z,48.43275,-123.42768,0.2,0.0,324,52,29,,
367402650,2025-01-08T00:01:13Z,39.0919,-84.51419,3.4,82.3,74,31,28,8,2.8
368072040,2025-01-08T00:02:30Z,29.73643,-95.12922,0.0,170.7,6,52,119,34,3.1
367402650,2025-01-08T00:02:34Z,39.09209,-84.51263,3.3,71.4,68,31,28,8,2.8
368072040,2025-01-08T00:01:12Z,29.73641,-95.12923,0.0,170.7,6,52,119,34,3.1
367168190,2025-01-08T00:02:30Z,25.77266,-80.18485,0.0,348.5,,60,67,16,6.0
316009841,2025-01-08T00:00:04Z,48.58632,-123.52113,0.0,6.3,,52,11,6,2.8
367513040,2025-01-08T00:01:25Z,42.38002,-71.04293,0.0,292.2,82,52,26,10,3.0
368026090,2025-01-08T00:01:32Z,40.4328,-74.08046,0.0,235.3,,52,15,6,
370262000,2025-01-08T00:00:30Z,41.2095,-71.1285,0.1,171.7,209,90,63,36,6.6
368287020,2025-01-08T00:01:13Z,26.09127,-80.12358,0.0,261.4,90,52,175,24,
367798550,2025-01-08T00:02:27Z,28.90923,-95.36131,0.2,11.9,278,31,22,8,2.7
368147620,2025-01-08T00:00:38Z,29.70474,-95.04573,0.0,252.3,,90,18,11,
367312950,2025-01-08T00:02:29Z,30.10654,-93.28439,0.0,305.1,,31,17,7,
367511230,2025-01-08T00:00:08Z,39.37604,-74.42817,0.0,,,33,16,4,1.7
368247000,2025-01-08T00:00:41Z,38.07465,-74.58088,9.8,209.7,217,52,208,20,9.2
368014310,2025-01-08T00:00:04Z,27.97655,-82.82491,0.1,292.6,,60,22,4,2.5
316046128,2025-01-08T00:01:07Z,49.0053,-123.12695,1.1,337.9,175,52,24,11,5.8
367507070,2025-01-08T00:00:53Z,29.36488,-94.89025,0.0,305.2,245,31,27,9,3.0
368165260,2025-01-08T00:00:10Z,35.10137,-90.08879,0.9,338.6,,31,21,8,3.0
366997450,2025-01-08T00:00:24Z,29.29614,-89.3415,0.0,288.9,,31,20,16,2.5
368063040,2025-01-08T00:00:37Z,27.82788,-97.49662,0.0,94.6,304,52,82,18,3.1
369970478,2025-01-08T00:00:52Z,38.98431,-76.4671,0.0,145.9,304,99,60,12,4.0
366983460,2025-01-08T00:00:09Z,29.93659,-90.33433,0.0,0.0,,52,32,8,
367534010,2025-01-08T00:00:16Z,30.34839,-88.50592,0.0,277.1,12,31,122,34,3.0
244693000,2025-01-08T00:00:15Z,26.01643,-79.53184,8.8,196.6,195,79,143,22,9.5
367113150,2025-01-08T00:00:38Z,29.36504,-94.89032,0.0,286.8,246,31,27,9,2.9
366727190,2025-01-08T00:02:33Z,41.16407,-73.17211,0.2,327.4,276,52,30,8,4.5
338862000,2025-01-08T00:01:06Z,40.66601,-74.00551,0.8,345.0,334,52,28,10,
367446390,2025-01-08T00:01:22Z,36.95338,-76.32888,0.1,63.6,,52,26,9,4.2
367353090,2025-01-08T00:00:58Z,29.59385,-93.74712,0.1,192.0,31,80,183,32,8.7
367053990,2025-01-08T00:01:23Z,30.09777,-86.62118,11.0,317.8,305,69,40,8,3.0
366747170,2025-01-08T00:01:14Z,27.90372,-82.40875,0.0,341.9,,20,66,17,3.6
366727190,2025-01-08T00:01:23Z,41.16404,-73.17212,0.2,32.6,291,52,30,8,4.5
367694720,2025-01-08T00:00:15Z,40.64174,-74.19302,0.0,,,31,23,9,2.5
367323780,2025-01-08T00:01:23Z,29.38028,-90.25925,0.0,64.8,,70,36,10,4.0
367784560,2025-01-08T00:02:33Z,42.25447,-70.91985,,,58,60,26,8,1.5
366855710,2025-01-08T00:00:35Z,18.44821,-66.0895,0.0,277.7,,52,28,10,
257033170,2025-01-08T00:01:25Z,46.20302,-123.79992,0.1,68.8,86,89,183,32,6.3
367598950,2025-01-08T00:00:58Z,45.56016,-122.72846,0.0,258.4,209,52,30,10,2.8
367463060,2025-01-08T00:02:34Z,47.33185,-122.50783,0.0,14.9,14,60,83,20,
538007428,2025-01-08T00:01:11Z,28.10449,-92.7742,12.6,321.8,321,80,183,32,8.1
366972410,2025-01-08T00:02:35Z,29.7389,-94.92529,0.0,321.4,,52,18,8,1.0
368145940,2025-01-08T00:01:07Z,30.22365,-81.41263,0.0,,,37,42,12,
368233270,2025-01-08T00:01:08Z,29.76263,-91.25459,4.3,283.0,281,31,24,6,2.8
338453318,2025-01-08T00:01:09Z,47.6289,-122.39061,0.0,,,37,14,4,
366916960,2025-01-08T00:01:01Z,30.10456,-90.9543,0.0,290.1,249,31,44,13,2.7
368049880,2025-01-08T00:00:54Z,33.61469,-117.91414,0.0,,,37,72,18,
367534880,2025-01-08T00:01:16Z,29.94102,-90.35882,0.1,252.0,,52,20,10,2.9
316024256,2025-01-08T00:01:06Z,45.8901,-83.84628,7.8,328.9,330,52,35,11,5.2
367725310,2025-01-08T00:00:47Z,30.41258,-88.87873,0.0,138.8,,30,22,7,
368000510,2025-01-08T00:01:27Z,29.84472,-93.9668,0.1,323.2,127,31,117,34,2.8
316013711,2025-01-08T00:01:23Z,48.43275,-123.42767,0.0,0.0,324,52,29,,
368396210,2025-01-08T00:01:21Z,32.71491,-117.23276,0.0,,,37,10,4,
367534680,2025-01-08T00:00:28Z,30.17185,-93.31938,0.0,304.3,6,52,28,12,2.6
367129650,2025-01-08T00:01:08Z,29.99702,-89.99416,0.5,121.0,80,31,44,11,3.0
368018190,2025-01-08T00:00:18Z,27.92237,-82.44633,0.0,188.0,47,52,32,14,6.0
369493719,2025-01-08T00:00:37Z,20.79198,-156.51136,0.0,71.6,,51,14,4,1.0
367448570,2025-01-08T00:01:03Z,30.04337,-94.02861,0.0,307.0,197,31,32,10,3.1
367598440,2025-01-08T00:01:07Z,29.56463,-90.38838,0.0,288.9,,31,18,9,1.7
367583840,2025-01-08T00:01:15Z,41.8069,-87.78382,0.3,200.3,,31,23,8,2.8
367104060,2025-01-08T00:01:20Z,34.38416,-119.50778,0.3,178.9,51,60,33,8,
367091120,2025-01-08T00:01:28Z,39.54653,-75.54498,1.0,23.0,,52,33,9,4.0
303829026,2025-01-08T00:01:06Z,36.86555,-76.31642,0.0,357.9,227,70,239,38,8.4
368173380,2025-01-08T00:01:28Z,29.59891,-90.67147,0.1,261.6,,52,4,11,2.0
368280920,2025-01-08T00:01:24Z,29.71007,-95.02013,6.5,350.2,357,52,20,9,2.8
366740430,2025-01-08T00:01:25Z,30.39798,-81.55196,0.0,99.4,118,52,26,15,4.8
338922000,2025-01-08T00:01:09Z,48.73452,-122.6861,0.1,74.7,,90,53,10,3.7
367715880,2025-01-08T00:01:28Z,38.47671,-90.28134,0.0,124.0,,33,45,9,
367511340,2025-01-08T00:01:29Z,27.84608,-97.22549,0.0,271.5,232,31,32,12,5.2
316020067,2025-01-08T00:01:36Z,49.15425,-122.9505,0.0,285.9,67,52,18,8,
367484250,2025-01-08T00:01:28Z,29.54218,-94.47468,6.1,30.7,31,31,120,18,2.8
538009652,2025-01-08T00:01:17Z,36.87958,-76.3264,0.0,144.2,274,70,228,32,7.6
367312950,2025-01-08T00:01:09Z,30.10654,-93.2844,0.0,305.1,,31,17,7,
338073000,2025-01-08T00:01:19Z,40.6406,-74.12976,0.0,166.2,306,52,28,12,
258953000,2025-01-08T00:02:32Z,24.87673,-79.63307,11.0,10.1,10,80,144,24,9.1
368102370,2025-01-08T00:01:20Z,38.53857,-90.25591,0.0,122.9,,52,21,,
367001510,2025-01-08T00:02:30Z,29.93949,-90.35475,0.1,164.5,,31,17,7,2.5
255806059,2025-01-08T00:01:22Z,36.01253,-123.06531,12.1,150.9,153,80,236,44,12.1
367436030,2025-01-08T00:02:31Z,29.79055,-95.07024,0.0,234.6,155,31,116,34,3.0
367684470,2025-01-08T00:01:26Z,29.7763,-93.93855,0.0,294.7,,90,46,14,2.2
367108750,2025-01-08T00:01:27Z,30.03848,-90.67875,0.0,,,60,15,4,
338447000,2025-01-08T00:00:30Z,39.80613,-75.41956,0.0,323.7,57,52,215,31,11.2
367080090,2025-01-08T00:01:57Z,29.64815,-91.12161,0.0,308.2,,52,18,8,3.0
368354880,2025-01-08T00:01:22Z,29.399,-94.75287,3.7,48.3,49,57,115,34,3.0
338533000,2025-01-08T00:01:25Z,30.04911,-90.47643,0.0,333.1,324,52,29,10,4.2
367323780,2025-01-08T00:02:35Z,29.38028,-90.25924,0.0,64.8,,70,36,10,4.0
367741770,2025-01-08T00:01:25Z,47.68215,-122.40658,0.0,,,36,,,
367506740,2025-01-08T00:00:33Z,30.36611,-91.23376,0.0,288.7,3,52,27,12,3.1
367702910,2025-01-08T00:01:07Z,39.08351,-84.6424,5.5,130.9,,31,14,4,
338412656,2025-01-08T00:01:08Z,37.84117,-122.31215,0.0,,,36,12,4,
368302170,2025-01-08T00:01:05Z,37.79868,-122.38312,23.2,126.8,123,50,22,6,
368302170,2025-01-08T05:27:07Z,37.79855,-122.3829,23.2,128.1,123,50,22,6,
210589000,2025-01-08T00:01:28Z,47.26541,-122.44195,0.0,186.9,330,70,229,33,8.1
367104560,2025-01-08T00:02:35Z,30.08759,-90.90659,0.0,9.8,,31,17,6,
367197410,2025-01-08T00:01:09Z,29.78032,-93.33932,6.8,219.3,218,60,58,10,2.0
367152990,2025-01-08T00:01:28Z,29.46819,-91.2768,7.1,24.2,,90,14,18,3.0
367721220,2025-01-08T00:01:59Z,37.70952,-122.32819,0.1,235.8,348,70,171,25,7.9
210210000,2025-01-08T00:01:13Z,36.74771,-75.59168,0.5,30.9,330,70,186,35,8.0
367473550,2025-01-08T00:02:32Z,28.16169,-96.88286,3.6,52.7,,31,189,18,
367637980,2025-01-08T00:01:11Z,30.39829,-91.20632,0.4,239.0,219,31,239,54,3.6
367702010,2025-01-08T00:01:26Z,34.54173,-90.54427,3.7,21.9,,31,357,54,3.6
368088590,2025-01-08T00:01:31Z,37.79118,-122.29463,0.0,245.8,260,60,44,12,
366884240,2025-01-08T00:01:32Z,27.91321,-82.44211,0.0,156.5,,52,28,16,5.1
311000879,2025-01-08T00:01:08Z,19.45471,-68.89282,22.4,105.6,106,69,334,45,8.7
367615130,2025-01-08T00:02:28Z,27.82188,-97.48439,0.0,214.6,216,31,27,9,3.1
368016710,2025-01-08T00:01:12Z,38.01118,-90.07656,0.0,271.8,,31,20,7,
367104060,2025-01-08T00:02:35Z,34.38417,-119.50779,0.2,266.9,41,60,33,8,
366971330,2025-01-08T00:01:10Z,47.24453,-90.76517,12.8,67.6,67,79,306,32,7.3
368199740,2025-01-08T00:02:38Z,29.2985,-94.84457,0.0,,,31,19,8,3.0
367634690,2025-01-08T00:01:32Z,29.14475,-90.20576,0.0,325.3,252,190,55,10,
367356580,2025-01-08T00:00:12Z,17.99338,-66.77502,0.1,156.7,227,31,35,11,4.5
368128180,2025-01-08T00:01:27Z,47.72418,-122.64111,0.0,0.0,,36,12,4,
367474570,2025-01-08T00:02:39Z,38.112,-90.2506,0.0,279.1,,31,22,9,
367016340,2025-01-08T00:01:32Z,47.65724,-122.36676,0.0,326.0,92,30,24,4,3.9
367455770,2025-01-08T00:00:09Z,29.27177,-94.58844,11.6,157.5,155,82,183,33,8.3
367300490,2025-01-08T00:01:46Z,18.44804,-66.08956,0.0,163.8,163,30,19,15,
367652660,2025-01-08T00:00:43Z,30.53271,-88.10546,0.0,245.9,,60,24,6,
367703790,2025-01-08T00:01:20Z,30.22526,-93.26359,0.0,137.9,218,52,24,12,2.8
338328735,2025-01-08T00:01:10Z,33.74981,-118.11321,0.0,,,37,14,4,
367590270,2025-01-08T00:02:28Z,30.00887,-93.98612,0.0,292.4,,52,22,10,2.6
369604000,2025-01-08T00:01:02Z,47.28309,-122.40813,0.0,247.9,133,30,82,15,5.0
367426950,2025-01-08T00:01:10Z,29.70649,-95.04092,0.0,256.1,,31,119,18,3.1
368052910,2025-01-08T00:01:30Z,29.49655,-94.86917,4.8,153.0,,31,15,6,
368105720,2025-01-08T00:01:32Z,48.99316,-122.75821,0.0,,,36,12,4,
311001403,2025-01-08T00:00:24Z,25.44638,-80.22178,0.1,182.9,341,37,37,8,2.1
368224850,2025-01-08T00:02:34Z,40.59057,-74.04379,35.0,175.0,175,65,43,12,3.0
338204931,2025-01-08T00:01:14Z,25.31156,-80.27953,0.1,197.7,,37,17,5,
368268130,2025-01-08T00:01:17Z,29.31877,-94.77627,0.0,4.0,326,37,19,7,
367125100,2025-01-08T00:00:26Z,29.79281,-95.06691,0.0,303.8,,31,156,17,2.5
368504000,2025-01-08T00:01:15Z,40.6653,-74.01601,0.0,264.1,182,52,32,10,6.3
368312530,2025-01-08T00:01:03Z,33.72204,-118.27785,0.0,,,36,13,2,
338392562,2025-01-08T00:01:05Z,47.30364,-122.51019,0.3,,,37,10,4,
368178850,2025-01-08T00:01:05Z,18.43116,-66.1021,0.0,162.9,58,31,96,30,4.0
368291930,2025-01-08T00:01:24Z,33.61563,-117.90243,0.0,,,37,12,4,
368287550,2025-01-08T00:01:26Z,47.699,-122.23804,0.0,2.6,,37,16,4,
316009853,2025-01-08T00:01:30Z,49.08567,-123.10992,0.0,,,30,18,3,
367562810,2025-01-08T00:01:26Z,29.50806,-94.87804,6.1,150.2,147,52,28,11,3.0
367585560,2025-01-08T00:01:27Z,48.51118,-122.60795,0.0,252.7,,70,20,7,1.0
316031105,2025-01-08T00:01:28Z,48.67085,-123.40629,0.0,59.0,,37,12,4,
367468960,2025-01-08T00:01:30Z,27.62741,-82.56412,0.1,272.0,173,52,25,8,3.4
371090000,2025-01-08T00:01:27Z,41.98401,-129.69033,12.0,165.9,164,70,199,32,13.1
366878290,2025-01-08T00:01:30Z,39.27237,-74.98023,0.0,305.6,,95,35,20,11.0
366875040,2025-01-08T00:02:29Z,29.74166,-95.15679,0.0,262.3,174,31,83,14,2.8
354747000,2025-01-08T00:01:20Z,29.44764,-89.59931,12.4,151.7,162,70,183,29,10.1
366986680,2025-01-08T00:02:28Z,29.7929,-95.06685,0.0,258.5,,31,21,7,2.9
367267000,2025-01-08T00:01:23Z,23.83451,-80.98579,8.9,310.6,,51,64,9,4.0
367314510,2025-01-08T00:01:30Z,39.2604,-76.56069,0.0,230.7,190,52,29,10,3.0
367095450,2025-01-08T00:02:27Z,30.79506,-88.01244,0.1,341.5,44,32,48,11,3.3
366979030,2025-01-08T00:01:17Z,40.69967,-74.15192,0.0,253.4,,52,20,7,2.5
338430855,2025-01-08T00:01:11Z,37.18842,-76.42735,0.0,,,37,14,5,
368012560,2025-01-08T00:01:24Z,40.94979,-73.07479,0.0,166.7,125,31,25,8,3.7
367699920,2025-01-08T00:01:21Z,30.45817,-91.19834,8.0,179.6,178,31,27,9,2.8
367120550,2025-01-08T00:01:14Z,39.82606,-75.36108,0.3,32.1,,52,33,10,4.0
367434320,2025-01-08T00:01:25Z,30.70505,-88.03955,0.0,0.0,,52,29,12,4.5
366875020,2025-01-08T00:01:29Z,29.30848,-94.80451,0.0,306.0,90,31,71,14,2.7
366863870,2025-01-08T00:02:37Z,41.08913,-72.36059,6.0,194.0,,69,40,14,2.0
368378660,2025-01-08T00:01:35Z,41.64349,-70.91621,0.0,266.8,160,49,29,9,
368011860,2025-01-08T00:01:09Z,39.03869,-84.36886,0.0,125.2,,52,16,6,2.5
367680920,2025-01-08T00:01:02Z,38.9487,-74.90631,0.1,256.8,,30,24,8,
367525060,2025-01-08T00:01:22Z,29.84508,-91.90284,6.8,88.2,,52,125,34,3.3
367008020,2025-01-08T00:01:27Z,43.93652,-124.70389,6.4,357.4,0,52,31,10,3.7
367773150,2025-01-08T00:01:15Z,20.79066,-156.51166,0.0,,,99,21,9,
345020013,2025-01-08T00:01:23Z,32.40572,-117.22209,0.2,254.7,,,,,
366826940,2025-01-08T00:01:24Z,30.68797,-91.35004,0.0,292.5,343,31,207,17,2.7
367006030,2025-01-08T00:01:27Z,38.04887,-121.8988,0.0,,,31,20,8,1.8
368053750,2025-01-08T00:01:18Z,30.01957,-93.98017,0.1,263.6,341,52,74,9,2.9
367694480,2025-01-08T00:01:30Z,30.73785,-88.0412,0.0,313.7,12,31,155,33,3.3
367456950,2025-01-08T00:01:23Z,30.29271,-91.22634,0.0,319.6,329,31,267,22,2.9
538009018,2025-01-08T00:00:42Z,46.02718,-122.86954,0.0,18.1,139,70,229,32,7.9
367164250,2025-01-08T00:01:28Z,42.38,-71.04207,0.0,204.8,89,52,28,10,4.3
338401259,2025-01-08T00:00:44Z,30.63131,-81.47811,0.0,,,37,13,6,
440597000,2025-01-08T00:00:45Z,49.2888,-123.2164,0.0,39.6,110,70,229,33,7.5
367521420,2025-01-08T00:01:48Z,41.8893,-87.62486,0.0,302.5,,60,26,9,1.1
366999510,2025-01-08T00:01:47Z,27.7583,-82.62952,0.0,160.1,87,55,22,6,1.4
367414170,2025-01-08T00:01:11Z,27.76035,-82.63336,0.0,260.5,225,38,35,8,2.7
229760000,2025-01-08T00:02:39Z,19.96553,-68.50119,12.1,96.4,99,70,180,30,9.4
367008450,2025-01-08T00:01:37Z,29.91382,-89.97468,0.0,71.0,,52,20,8,2.0
338147164,2025-01-08T00:00:48Z,26.39732,-80.06931,0.0,124.3,,37,20,6,
368186280,2025-01-08T00:01:33Z,26.0995,-80.16263,0.0,293.1,,37,28,8,2.1
367500120,2025-01-08T00:00:49Z,28.16197,-82.77046,0.0,51.9,,37,15,4,
366967630,2025-01-08T00:01:25Z,38.83305,-90.1067,0.0,0.0,,52,42,16,2.8
367028910,2025-01-08T00:01:13Z,29.79349,-95.06677,0.0,354.6,30,31,34,10,2.7
636023418,2025-01-08T00:01:35Z,25.95248,-79.39479,9.7,13.1,11,84,290,46,9.7
367705210,2025-01-08T00:02:25Z,27.80953,-97.30225,7.3,93.0,,31,30,8,2.4
367437420,2025-01-08T00:02:29Z,29.24226,-95.22047,0.0,325.8,6,31,21,8,2.7
368336310,2025-01-08T00:01:11Z,29.14076,-89.24735,0.0,,,90,40,10,
367367620,2025-01-08T00:02:32Z,29.41277,-94.73404,0.1,77.6,52,31,237,18,3.0
309046000,2025-01-08T00:02:32Z,36.93278,-124.72187,13.6,135.2,135,71,316,46,13.0
316016013,2025-01-08T00:02:34Z,49.30066,-123.04635,0.1,166.5,16,52,22,9,4.3
367397990,2025-01-08T00:02:30Z,29.59261,-93.26171,18.4,32.8,,60,42,8,2.0
367725350,2025-01-08T00:02:29Z,30.00009,-90.80005,0.0,280.5,220,31,209,44,2.9
366995510,2025-01-08T00:02:34Z,38.40366,-82.55648,0.0,8.1,,52,20,8,2.4
367505780,2025-01-08T00:02:30Z,29.70577,-95.0409,0.0,345.3,270,31,124,33,3.0
413360000,2025-01-08T00:02:32Z,27.6085,-82.76132,12.1,101.1,101,70,190,32,11.8
368206360,2025-01-08T00:01:18Z,47.7941,-122.49563,0.0,2.4,19,40,43,13,1.0
367353110,2025-01-08T00:01:38Z,26.12022,-80.02655,3.5,193.0,193,80,183,32,11.3
538071200,2025-01-08T00:01:53Z,25.89498,-80.12787,0.7,49.0,,37,46,9,1.6
477231700,2025-01-08T00:01:07Z,33.52291,-118.3649,0.5,74.5,5,80,333,60,15.3
367327970,2025-01-08T00:01:24Z,35.10639,-90.08451,0.0,305.3,276,31,126,18,3.0
366998820,2025-01-08T00:02:36Z,40.67081,-74.08529,0.0,253.5,277,52,24,8,3.1
367389540,2025-01-08T00:02:32Z,27.81504,-97.4205,0.0,245.8,265,31,205,18,3.0
368001440,2025-01-08T00:01:28Z,29.32643,-94.6621,11.6,119.6,121,50,26,13,2.8
367585560,2025-01-08T00:02:37Z,48.5112,-122.60791,0.0,256.1,,70,20,7,1.0
368184980,2025-01-08T00:02:31Z,29.74779,-95.09832,0.0,82.5,49,52,20,10,3.1
368051060,2025-01-08T00:01:10Z,40.6427,-74.18947,8.1,45.5,46,57,123,24,5.1
367505870,2025-01-08T00:02:37Z,29.99827,-90.83481,0.0,314.1,351,31,116,34,2.8
367001830,2025-01-08T00:02:03Z,37.90386,-122.36609,0.0,246.7,272,31,21,7,
370918000,2025-01-08T00:01:15Z,30.40603,-91.20686,0.0,210.0,19,70,229,32,7.4
413360000,2025-01-08T00:01:11Z,27.60938,-82.76638,12.1,101.7,100,70,190,32,11.8
368337650,2025-01-08T00:02:23Z,47.66742,-122.39334,0.0,34.4,,37,24,7,
368496000,2025-01-08T00:02:35Z,29.74993,-95.10634,0.0,218.7,317,37,115,34,3.4
368117020,2025-01-08T00:02:37Z,29.94373,-90.00204,0.0,328.3,,52,21,10,2.9
366893910,2025-01-08T00:01:22Z,41.78719,-82.40614,12.6,117.1,116,70,153,20,5.9
368333530,2025-01-08T00:00:53Z,32.7109,-117.23346,0.0,254.4,123,37,20,6,
368337650,2025-01-08T00:01:22Z,47.66742,-122.39334,0.0,34.4,,37,24,7,
339272000,2025-01-08T00:00:47Z,25.31181,-80.27942,0.0,,,37,29,8,
538071648,2025-01-08T00:01:13Z,18.28876,-65.63282,0.0,101.4,258,37,44,9,3.1
338108787,2025-01-08T00:00:56Z,34.40449,-119.69123,0.0,123.9,,37,11,3,
367452650,2025-01-08T00:02:31Z,29.17876,-89.25861,0.0,256.5,247,50,17,5,2.1
368059360,2025-01-08T00:00:49Z,37.80691,-122.44502,0.0,,,37,21,5,
338325025,2025-01-08T00:00:49Z,31.15354,-81.49992,0.0,43.6,179,37,20,6,
367630830,2025-01-08T00:02:28Z,28.90728,-95.36418,4.2,237.2,239,31,20,8,3.0
220636000,2025-01-08T00:02:29Z,27.52455,-92.21559,14.5,291.3,287,80,286,43,9.6
366995510,2025-01-08T00:01:25Z,38.40365,-82.55648,0.0,23.1,,52,20,8,2.4
367614970,2025-01-08T00:01:01Z,47.58717,-122.66264,0.0,8.4,,37,12,5,
338505609,2025-01-08T00:01:04Z,47.5441,-122.63877,0.0,134.5,101,36,11,4,
368127980,2025-01-08T00:01:14Z,26.08221,-80.11623,0.0,320.0,,52,28,10,5.3
338494843,2025-01-08T00:01:05Z,42.33893,-70.95613,11.5,272.5,281,50,15,4,
368269380,2025-01-08T00:01:26Z,39.52959,-75.81163,0.0,0.0,,60,20,2,2.0
367481620,2025-01-08T00:01:27Z,38.53972,-90.25044,0.0,199.1,32,31,84,12,2.5
367434210,2025-01-08T00:01:15Z,40.77616,-74.01008,0.0,278.9,,60,26,10,2.0
368155390,2025-01-08T00:01:16Z,36.80847,-76.28569,0.0,130.2,,52,82,12,2.9
368279280,2025-01-08T00:01:20Z,38.08849,-90.21304,0.0,,,52,22,8,
367723710,2025-01-08T00:00:56Z,28.35226,-80.51783,0.7,195.0,,30,28,7,
366848260,2025-01-08T00:00:10Z,40.10258,-74.04431,0.0,0.0,,30,34,10,
477185800,2025-01-08T00:01:21Z,33.76543,-127.13409,1.3,208.2,289,80,184,32,10.7
368397990,2025-01-08T00:00:14Z,24.56181,-81.80294,0.0,,,37,17,5,
366930000,2025-01-08T00:01:28Z,29.92484,-90.13576,0.0,265.5,,31,32,10,5.0
319175400,2025-01-08T00:02:34Z,26.77087,-80.05113,0.0,182.7,182,37,74,14,3.8
366999640,2025-01-08T00:01:33Z,34.69758,-76.68127,0.0,337.6,255,55,30,6,2.0
367076910,2025-01-08T00:01:14Z,29.99588,-92.79034,0.0,277.9,,31,21,7,6.0
353619000,2025-01-08T00:02:26Z,30.00677,-90.83052,0.0,30.2,351,70,229,32,11.9
368261060,2025-01-08T00:01:38Z,29.94877,-90.02385,0.0,239.0,,60,100,18,
235076276,2025-01-08T00:01:47Z,33.70338,-118.13317,0.0,285.9,24,80,250,44,10.3
368041830,2025-01-08T00:02:28Z,29.95167,-90.05913,10.5,251.0,236,60,33,8,2.0
367704190,2025-01-08T00:01:16Z,40.68586,-74.07713,0.0,126.2,230,52,19,7,3.7
367580860,2025-01-08T00:00:14Z,47.3041,-122.50931,0.0,0.0,57,37,17,5,
367138710,2025-01-08T00:02:30Z,30.28233,-91.2111,13.2,61.3,49,69,45,18,3.2
368129260,2025-01-08T00:00:16Z,26.37524,-80.07169,0.0,,,36,,,
338012437,2025-01-08T00:00:20Z,32.72631,-117.19063,0.0,,,37,13,4,
368324580,2025-01-08T00:02:31Z,29.96087,-90.39777,0.0,265.3,356,31,206,28,3.4
367505750,2025-01-08T00:01:04Z,40.44394,-80.02123,4.6,118.0,120,31,344,34,2.8
369098000,2025-01-08T00:02:31Z,29.30759,-94.81104,0.0,22.8,342,31,24,7,
367345040,2025-01-08T00:01:21Z,29.7299,-93.87104,0.0,,,60,18,5,1.2
316001269,2025-01-08T00:02:33Z,48.89814,-123.26734,20.1,44.3,41,60,167,26,4.4
367311490,2025-01-08T00:01:06Z,28.07473,-96.96224,4.1,33.5,26,31,103,18,3.0
366904940,2025-01-08T00:02:35Z,46.47613,-84.29301,7.5,151.4,152,70,309,32,6.1
319175400,2025-01-08T00:01:24Z,26.77087,-80.05113,0.0,182.2,182,37,74,14,3.8
316029379,2025-01-08T00:00:22Z,48.42313,-123.38376,0.0,155.4,,36,12,3,
369494421,2025-01-08T00:01:26Z,44.27596,-68.31443,0.0,77.9,45,51,15,5,1.6
368074620,2025-01-08T00:00:24Z,24.5627,-81.80071,0.0,,,37,17,5,
368335430,2025-01-08T00:02:35Z,29.93681,-90.31858,7.4,55.7,44,52,26,10,3.0
338433473,2025-01-08T00:00:26Z,37.85864,-122.4812,0.0,,,37,14,3,
316048646,2025-01-08T00:00:27Z,49.29613,-123.12517,0.0,154.4,,37,,,
339435000,2025-01-08T00:01:28Z,26.74946,-80.04926,0.0,91.3,269,37,52,9,3.5
367151450,2025-01-08T00:02:28Z,29.32727,-94.77397,0.0,95.9,,60,75,20,3.5
338493859,2025-01-08T00:00:33Z,30.40433,-87.21435,0.0,,,37,13,4,
367702410,2025-01-08T00:02:30Z,29.99571,-93.94664,0.0,294.6,,52,22,10,2.9
368211590,2025-01-08T00:00:34Z,26.11494,-80.10704,0.0,,,37,21,5,
367797440,2025-01-08T00:02:31Z,40.65729,-80.36007,0.2,183.0,225,31,162,23,3.3
368314950,2025-01-08T00:00:37Z,26.10437,-80.12957,0.0,119.2,,37,20,9,
368345420,2025-01-08T00:00:40Z,34.21638,-77.81375,0.0,218.5,44,37,21,6,
367003540,2025-01-08T00:02:27Z,29.84122,-93.95241,8.1,11.8,17,31,116,34,2.9
368282490,2025-01-08T00:00:43Z,38.98015,-76.33344,0.1,,,36,13,4,
368104390,2025-01-08T00:02:32Z,29.31464,-94.79265,0.0,,,31,4,5,
377193000,2025-01-08T00:00:48Z,17.97052,-66.61838,0.0,353.0,75,31,32,9,3.6
477390100,2025-01-08T00:02:28Z,23.38976,-80.90753,12.8,90.4,89,70,166,27,7.4
338382000,2025-01-08T00:01:04Z,39.15719,-74.69674,0.0,5.9,,30,22,6,
366975190,2025-01-08T00:01:53Z,48.51184,-122.60724,0.0,319.8,,31,19,6,10.0
367414810,2025-01-08T00:02:28Z,28.96815,-95.28576,0.0,139.7,,70,44,11,3.0
367702060,2025-01-08T00:02:34Z,29.99274,-90.43311,0.2,62.5,270,31,231,22,2.9
367376530,2025-01-08T00:02:32Z,28.7425,-88.82562,0.0,276.0,,90,44,44,
477346500,2025-01-08T00:02:29Z,29.42026,-89.60422,15.1,193.6,191,72,275,40,10.0
338333275,2025-01-08T00:00:55Z,32.1812,-80.72882,0.0,,,37,10,3,
367136020,2025-01-08T00:02:29Z,28.41532,-80.60889,0.0,136.3,,31,19,8,3.0
368396216,2025-01-08T00:02:38Z,40.47546,-74.06889,31.3,189.1,,40,44,12,
538008705,2025-01-08T00:00:44Z,29.30614,-94.82533,0.1,256.9,27,80,168,20,7.6
316035906,2025-01-08T00:01:09Z,47.3388,-122.58808,0.0,200.4,,36,14,4,
367179790,2025-01-08T00:02:39Z,29.13707,-90.19709,0.3,232.7,147,60,44,9,3.8
367186340,2025-01-08T00:01:10Z,30.03885,-90.67819,0.0,108.3,146,52,27,9,2.7
367764630,2025-01-08T00:01:17Z,29.74042,-95.1577,4.5,314.0,315,52,24,12,3.0
366999983,2025-01-08T00:01:11Z,44.43599,-68.91532,0.5,236.3,272,90,42,12,4.0
369970099,2025-01-08T00:02:07Z,45.86703,-122.79635,0.0,284.9,,35,18,7,2.0
367003870,2025-01-08T00:01:19Z,29.69403,-89.97706,0.0,157.2,320,31,214,17,3.1
368389680,2025-01-08T00:01:15Z,28.19503,-96.19231,9.1,333.4,,90,45,10,9.6
368224390,2025-01-08T00:00:57Z,25.0439,-80.45274,0.4,353.5,,36,14,8,
566690000,2025-01-08T00:01:06Z,27.83924,-96.87797,0.4,150.0,60,80,274,49,10.0
367153950,2025-01-08T00:01:26Z,29.09576,-91.2876,0.2,212.7,299,90,66,13,4.0
367650780,2025-01-08T00:01:13Z,47.62734,-122.38215,0.1,208.0,179,30,57,16,7.7
368141960,2025-01-08T00:00:42Z,29.78332,-95.09672,0.0,81.8,162,52,119,34,3.1
367660160,2025-01-08T00:01:13Z,30.69194,-88.03724,0.0,289.1,,60,30,12,
338145686,2025-01-08T00:01:13Z,33.72628,-118.26905,0.1,258.1,,90,9,,
367496980,2025-01-08T00:01:14Z,30.28126,-91.31593,0.0,261.1,200,31,210,17,2.8
367535280,2025-01-08T00:01:14Z,30.66621,-91.32514,4.7,318.2,319,31,367,,3.3
368379370,2025-01-08T00:01:22Z,41.59026,-71.38612,1.0,105.2,202,40,30,11,1.8
368322260,2025-01-08T00:01:11Z,29.73444,-95.20621,7.8,207.2,202,52,26,12,
367127110,2025-01-08T00:01:15Z,29.80099,-95.06074,5.8,132.9,,31,15,6,2.5
367003870,2025-01-08T00:02:29Z,29.69403,-89.97706,0.0,157.2,320,31,214,17,3.1
368357320,2025-01-08T00:02:28Z,29.14146,-90.20612,0.1,209.4,,70,44,14,3.0
338457000,2025-01-08T00:01:22Z,18.32764,-64.79371,0.0,,,69,36,16,2.5
366939780,2025-01-08T00:01:12Z,41.34357,-71.43949,5.8,161.6,164,52,34,10,4.6
368360650,2025-01-08T00:02:31Z,29.60062,-89.85159,0.0,256.1,297,31,30,13,
338133055,2025-01-08T00:01:02Z,26.11724,-80.14011,0.0,162.2,,37,26,6,
367004290,2025-01-08T00:01:28Z,30.03342,-90.83474,0.1,327.5,343,31,11,23,3.2
367087180,2025-01-08T00:01:29Z,30.02247,-93.98383,0.0,215.0,263,31,27,9,2.9
367063680,2025-01-08T00:00:05Z,47.18202,-122.64217,7.4,116.3,,52,22,8,3.2
367581670,2025-01-08T00:01:11Z,30.17405,-89.43112,5.6,84.6,76,31,33,11,
367445570,2025-01-08T00:01:39Z,47.92273,-122.68469,0.0,,,60,20,6,2.2
367186340,2025-01-08T00:02:32Z,30.03886,-90.6782,0.0,108.3,146,52,27,9,2.7
338449111,2025-01-08T00:01:16Z,34.01929,-118.51853,,,,,,,
367145680,2025-01-08T00:01:24Z,42.59403,-73.7587,0.0,258.2,345,31,122,18,4.3
368369840,2025-01-08T00:01:17Z,33.98192,-118.4477,0.3,,95,37,30,10,
367296000,2025-01-08T00:01:24Z,27.75831,-82.632,0.0,193.0,,51,64,9,4.3
368309540,2025-01-08T00:01:25Z,30.50385,-87.44096,0.0,103.0,,37,15,8,
367686910,2025-01-08T00:01:25Z,34.71538,-76.70372,0.0,148.6,5,52,27,10,3.4
367081140,2025-01-08T00:01:10Z,29.92094,-89.9427,0.2,127.0,,31,67,26,2.9
303668000,2025-01-08T00:01:28Z,37.75535,-122.33474,0.1,243.1,344,52,206,23,6.4
367686940,2025-01-08T00:01:31Z,40.51615,-74.24539,0.0,,,31,24,8,
338123987,2025-01-08T00:01:28Z,37.96283,-121.36564,0.0,198.0,,33,32,10,
368782000,2025-01-08T00:01:19Z,32.85131,-79.94704,0.1,231.7,,35,68,14,4.3
338806000,2025-01-08T00:01:42Z,40.66305,-74.07216,0.1,178.0,,70,289,32,9.7
232055837,2025-01-08T00:02:28Z,29.60779,-89.86385,0.2,201.2,283,70,180,30,7.9
367143690,2025-01-08T00:02:27Z,29.96989,-90.26404,3.4,269.2,264,52,44,14,3.1
367006420,2025-01-08T00:02:31Z,29.75875,-95.11687,0.0,268.2,270,31,113,34,2.9
319370000,2025-01-08T00:01:56Z,18.33495,-64.92202,0.0,87.4,250,37,49,9,2.4
369461000,2025-01-08T00:00:07Z,39.88553,-75.17625,0.0,186.7,,40,103,28,4.0
352003898,2025-01-08T00:00:09Z,34.96032,-124.04708,10.4,280.5,288,70,229,32,14.1
367589340,2025-01-08T00:01:30Z,27.84682,-97.22462,0.1,227.0,48,31,30,12,5.6
311056900,2025-01-08T00:00:24Z,38.01588,-121.78778,0.0,122.1,94,70,228,32,9.8
338461856,2025-01-08T00:01:30Z,25.73561,-80.22031,0.0,,,37,13,4,
319155000,2025-01-08T00:00:34Z,26.70459,-80.04589,0.0,1.5,0,37,50,9,2.3
367436230,2025-01-08T00:00:07Z,37.7925,-122.30129,9.7,90.3,88,60,35,8,
368225180,2025-01-08T00:01:11Z,29.55814,-95.02902,0.0,336.5,,37,19,5,
366997280,2025-01-08T00:00:19Z,30.11095,-91.00539,0.0,200.0,85,31,357,54,3.3
366977040,2025-01-08T00:01:11Z,35.11824,-75.99815,11.5,158.1,,60,64,16,3.2
367490860,2025-01-08T00:00:31Z,28.4087,-80.60049,0.1,106.1,,69,85,20,4.0
367153070,2025-01-08T00:01:32Z,39.45964,-124.58632,9.5,339.7,337,31,37,12,5.0
366914820,2025-01-08T00:01:13Z,29.35702,-90.25098,0.0,245.0,,69,43,9,
366998510,2025-01-08T00:01:11Z,37.89049,-122.40969,10.7,345.7,336,31,29,10,
366855000,2025-01-08T00:01:17Z,22.69331,-156.26732,13.1,247.9,248,80,183,32,10.0
367300160,2025-01-08T00:00:43Z,29.78068,-92.18669,0.0,25.3,177,90,48,11,
338472581,2025-01-08T00:01:23Z,47.30545,-122.5111,0.9,,,37,10,3,
338421038,2025-01-08T00:01:23Z,34.80635,-76.67787,0.0,,,37,16,6,
367651830,2025-01-08T00:01:08Z,29.986,-93.90432,7.1,301.0,315,31,116,18,2.9
367511310,2025-01-08T00:01:01Z,24.71742,-81.09038,0.0,343.6,81,37,18,6,2.0
366991520,2025-01-08T00:00:06Z,47.65697,-122.38235,0.0,330.3,1,30,22,10,2.0
368351530,2025-01-08T00:00:06Z,29.70978,-90.16746,4.0,36.9,35,57,23,8,2.8
538009736,2025-01-08T00:01:25Z,19.58235,-68.15637,12.9,356.2,356,80,250,44,11.5
367706270,2025-01-08T00:00:06Z,36.8367,-76.24804,0.0,244.5,,52,29,9,4.1
367755220,2025-01-08T00:01:26Z,40.04039,-74.06058,0.0,141.4,,37,17,5,
303221000,2025-01-08T00:01:27Z,47.63554,-122.32853,0.0,251.3,132,30,45,14,4.0
369970482,2025-01-08T00:00:08Z,38.984,-76.4676,0.0,236.2,,99,30,7,3.0
338068486,2025-01-08T00:01:27Z,38.04542,-122.15501,0.1,,,36,15,4,
352853000,2025-01-08T00:00:07Z,35.93713,-122.90844,9.3,322.9,328,70,399,54,12.7
368097520,2025-01-08T00:01:29Z,29.40956,-94.73955,4.0,43.7,51,52,208,17,2.8
538005608,2025-01-08T00:00:24Z,23.92929,-81.13625,10.5,241.1,239,80,182,32,8.5
367546320,2025-01-08T00:00:35Z,34.2501,-119.26555,0.0,30.0,,54,20,6,3.0
367788580,2025-01-08T00:01:29Z,46.18864,-123.85524,0.0,352.5,,54,11,4,
357982000,2025-01-08T00:00:35Z,28.9714,-94.97815,3.1,55.9,47,52,58,14,3.9
368067650,2025-01-08T00:01:29Z,24.56261,-81.7995,0.0,132.9,,37,11,3,
368212750,2025-01-08T00:01:11Z,37.74639,-122.34923,21.8,319.9,,69,23,8,1.0
367711830,2025-01-08T00:00:40Z,30.28293,-88.66768,5.3,265.6,276,31,85,33,2.9
368091250,2025-01-08T00:01:31Z,29.96873,-93.85985,0.0,148.6,208,90,22,10,2.9
367702460,2025-01-08T00:00:14Z,30.00721,-90.79308,0.0,264.5,316,31,23,10,3.0
338491917,2025-01-08T00:01:33Z,47.54747,-122.2367,0.0,350.5,284,52,13,4,
368328180,2025-01-08T00:01:35Z,47.72376,-122.64154,0.0,,,37,11,4,
319209400,2025-01-08T00:01:06Z,26.8361,-80.05673,0.0,323.1,232,37,25,8,7.7
368316940,2025-01-08T00:01:36Z,30.281,-87.68534,0.0,,,37,17,5,
368061040,2025-01-08T00:00:35Z,29.58149,-90.37787,0.0,302.3,24,31,21,8,3.1
367527750,2025-01-08T00:00:52Z,30.38975,-88.85726,0.1,77.0,178,59,30,7,3.6
367003490,2025-01-08T00:00:02Z,29.64582,-90.296,5.4,269.5,270,31,117,34,3.4
368310310,2025-01-08T00:01:36Z,34.25522,-77.9479,0.0,,,37,20,7,
338142701,2025-01-08T00:01:38Z,32.71906,-117.22619,0.1,340.7,,37,24,6,
367331980,2025-01-08T00:01:42Z,46.81175,-90.81225,0.0,207.1,,60,22,12,
367446340,2025-01-08T00:01:41Z,47.64588,-122.31169,0.0,203.1,,37,15,4,
367170860,2025-01-08T00:02:03Z,46.16846,-123.91405,0.0,,,30,22,6,10.1
367314110,2025-01-08T00:02:40Z,39.8743,-75.20903,0.0,226.2,,31,16,6,0.3
367581680,2025-01-08T00:00:08Z,30.73424,-88.04107,0.0,28.4,179,31,16,7,2.1
368173140,2025-01-08T00:00:16Z,38.92644,-82.11636,0.0,262.4,18,57,341,23,2.8
368214730,2025-01-08T00:00:17Z,29.78717,-95.073,0.0,69.2,157,57,117,33,3.4
338239429,2025-01-08T00:02:40Z,25.0934,-80.43048,0.1,347.6,,37,12,5,
316004659,2025-01-08T00:00:17Z,49.2859,-123.28193,5.6,240.9,,31,11,6,3.0
368015490,2025-01-08T00:01:39Z,32.70656,-117.16575,0.0,166.4,,36,15,3,
366823250,2025-01-08T00:01:15Z,33.72156,-118.28108,0.0,259.9,,37,14,4,
538005056,2025-01-08T00:00:31Z,14.54614,-68.2296,11.2,299.6,300,70,190,32,12.3
636021856,2025-01-08T00:01:37Z,47.59709,-126.99027,13.1,51.7,56,70,182,31,9.3
367003810,2025-01-08T00:01:14Z,27.82464,-97.44643,0.0,301.1,4,52,22,9,3.3
366995810,2025-01-08T00:01:16Z,30.21587,-91.31731,0.0,0.2,352,52,28,10,2.7
338401206,2025-01-08T00:01:24Z,47.24677,-122.43182,,,,36,12,4,
367061730,2025-01-08T00:01:12Z,39.89638,-75.19672,0.0,256.9,,52,28,10,
354721000,2025-01-08T00:01:24Z,28.7437,-89.94373,0.0,149.7,59,99,154,,17.0
368331910,2025-01-08T00:01:13Z,40.67065,-74.08482,0.0,286.9,288,52,28,12,
368232750,2025-01-08T00:01:29Z,47.72645,-122.64352,0.0,213.0,,36,11,3,
367738470,2025-01-08T00:01:30Z,26.11697,-80.14076,0.0,257.6,,37,33,8,1.9
241821000,2025-01-08T00:01:02Z,32.11292,-81.12635,0.0,215.7,142,70,199,32,7.0
367565830,2025-01-08T00:01:31Z,48.12694,-123.45627,0.0,142.3,,37,13,4,
369493300,2025-01-08T00:00:16Z,46.28154,-124.04668,0.0,,,51,14,4,1.4
366862830,2025-01-08T00:01:13Z,37.02261,-76.34324,0.0,249.3,,37,22,10,
366906610,2025-01-08T00:01:22Z,41.61573,-87.32515,0.0,173.3,180,70,305,32,8.4
338180293,2025-01-08T00:01:13Z,25.79151,-80.18412,0.0,87.7,,37,22,5,
538010258,2025-01-08T00:00:49Z,29.94996,-93.86435,0.0,302.6,188,70,65,16,4.5
338229581,2025-01-08T00:01:38Z,32.71055,-117.2198,3.4,223.2,,36,12,3,
215517000,2025-01-08T00:01:25Z,22.9978,-79.23639,12.7,293.0,294,70,180,30,9.8
338334114,2025-01-08T00:01:17Z,33.84697,-118.39856,0.1,,,37,10,4,
367386570,2025-01-08T00:00:15Z,30.02142,-91.25807,0.0,53.1,,52,20,9,2.9
368062640,2025-01-08T00:02:26Z,28.91401,-95.3545,0.0,336.5,263,57,206,18,3.1
367627370,2025-01-08T00:02:30Z,29.24167,-89.07595,0.0,248.2,,90,40,25,4.0
338081257,2025-01-08T00:01:51Z,48.75683,-122.49865,0.0,,,36,11,4,
367702440,2025-01-08T00:00:16Z,30.00664,-90.83006,0.0,129.1,352,31,21,9,3.0
369322000,2025-01-08T00:01:56Z,37.79514,-122.34962,0.1,77.7,355,57,139,22,6.7
367641230,2025-01-08T00:01:10Z,21.20248,-157.62795,13.1,73.1,76,70,210,32,7.9
338218857,2025-01-08T00:01:46Z,30.29003,-81.42991,0.0,179.7,,37,18,7,
368344540,2025-01-08T00:00:06Z,32.69588,-117.15264,0.0,10.6,69,52,25,12,
367750650,2025-01-08T00:00:38Z,30.10562,-91.31146,0.0,,325,31,207,18,2.9
366231000,2025-01-08T00:02:00Z,30.33969,-88.57566,0.0,0.0,16,79,190,32,7.6
367719010,2025-01-08T00:00:35Z,28.40891,-80.60094,0.1,,172,52,23,9,
338104711,2025-01-08T00:01:20Z,37.91244,-122.34631,0.1,219.7,,36,9,4,
368349280,2025-01-08T00:01:14Z,30.02162,-93.98139,0.1,327.1,313,52,23,9,
538070427,2025-01-08T00:00:36Z,33.61391,-117.90487,0.1,254.0,,37,39,8,2.3
338248055,2025-01-08T00:01:44Z,36.94209,-76.3273,0.0,,,34,20,6,
368113380,2025-01-08T00:01:15Z,29.98232,-90.40416,0.1,297.9,232,31,27,10,2.7
338330009,2025-01-08T00:01:20Z,18.33567,-64.92043,0.1,353.4,,37,34,8,
352001501,2025-01-08T00:00:45Z,29.88923,-89.90772,0.0,176.0,347,89,186,32,9.3
367702460,2025-01-08T00:01:23Z,30.00719,-90.79306,0.0,274.2,317,31,23,10,3.0
368152730,2025-01-08T00:02:37Z,40.70403,-73.97673,0.2,235.2,112,60,26,10,
367453420,2025-01-08T00:00:49Z,17.93699,-66.1584,0.0,57.8,224,52,188,26,9.4
338362994,2025-01-08T00:01:19Z,33.72681,-118.06185,0.0,,,37,17,5,
367766860,2025-01-08T00:01:02Z,37.79057,-122.29117,0.0,200.3,256,31,21,8,
367301390,2025-01-08T00:02:02Z,39.75024,-74.11437,0.0,99.9,,30,20,6,
367418360,2025-01-08T00:02:39Z,48.51106,-122.64623,0.0,,,37,20,6,
368056740,2025-01-08T00:01:01Z,32.85515,-79.95209,0.0,242.1,53,52,33,13,5.6
338456877,2025-01-08T00:01:16Z,33.61035,-117.90383,0.0,,,37,20,6,
338326777,2025-01-08T00:01:15Z,37.78046,-122.386,0.1,,,36,13,2,
311001276,2025-01-08T00:01:34Z,26.13107,-80.11867,0.0,105.2,,37,38,8,7.0
367556120,2025-01-08T00:01:13Z,21.317,-157.87938,0.3,193.7,,30,22,6,
477947100,2025-01-08T00:01:05Z,32.71539,-79.79603,16.9,118.6,118,70,275,40,10.9
316047555,2025-01-08T00:01:06Z,49.16703,-123.93129,0.0,113.6,141,60,80,17,3.2
367311510,2025-01-08T00:01:06Z,30.05417,-90.58,1.7,60.0,251,52,22,9,2.7
367707560,2025-01-08T00:00:42Z,24.56498,-81.73622,0.0,293.8,86,37,19,4,
367005170,2025-01-08T00:00:35Z,29.74077,-95.11855,5.3,323.8,313,31,23,8,
367512210,2025-01-08T00:00:51Z,30.32641,-87.33114,0.0,,,31,25,35,
367370000,2025-01-08T00:01:08Z,30.40276,-87.21155,0.0,311.4,170,79,205,32,8.4
316004659,2025-01-08T00:01:28Z,49.28509,-123.2844,5.6,245.2,,31,11,6,3.0
366801280,2025-01-08T00:00:33Z,29.25745,-94.99754,4.0,36.8,,31,16,7,2.5
367387060,2025-01-08T00:01:08Z,29.60303,-89.86677,0.0,112.0,,52,15,5,
367793450,2025-01-08T00:01:11Z,42.04905,-83.13023,9.7,13.4,12,31,135,10,5.0
368305410,2025-01-08T00:01:52Z,21.32044,-157.89138,0.0,57.8,,30,111,9,
368339380,2025-01-08T00:01:14Z,29.74946,-95.09914,7.1,224.1,225,52,20,8,2.2
338364492,2025-01-08T00:02:46Z,34.24234,-119.26184,0.0,,,40,13,4,
366637150,2025-01-08T00:01:16Z,47.55625,-122.3416,0.0,271.5,283,31,32,10,3.5
368385110,2025-01-08T00:02:46Z,26.21087,-80.10012,0.0,,,37,14,5,
367115000,2025-01-08T00:00:15Z,47.25809,-122.43464,0.0,32.0,339,52,40,10,6.1
563200400,2025-01-08T00:01:15Z,49.29769,-123.03696,0.0,340.3,101,70,200,31,10.0
316001836,2025-01-08T00:00:22Z,43.90017,-78.11318,11.8,67.5,67,70,223,23,6.7
367584510,2025-01-08T00:01:24Z,29.97314,-93.8474,0.0,322.8,333,31,25,12,1.8
367795990,2025-01-08T00:01:20Z,40.84335,-72.48559,0.1,52.8,,52,18,7,2.6
367756040,2025-01-08T00:01:26Z,29.70583,-95.03499,0.0,309.4,190,31,117,34,3.1
367732690,2025-01-08T00:01:08Z,40.71055,-74.04213,0.0,,,60,13,5,1.8
367392470,2025-01-08T00:01:09Z,43.84418,-69.62705,0.1,,,36,12,4,
367532270,2025-01-08T00:01:32Z,30.29043,-87.54139,0.0,263.0,,30,24,6,2.0
366831930,2025-01-08T00:01:11Z,40.43347,-74.07879,0.0,197.9,134,40,37,10,3.0
368212460,2025-01-08T00:01:33Z,48.49974,-122.60236,0.0,,,37,20,6,
367545690,2025-01-08T00:01:02Z,40.58808,-80.23778,0.0,,,31,20,8,2.7
338353004,2025-01-08T00:01:33Z,33.97836,-118.44957,0.0,,,37,14,4,
367545690,2025-01-08T00:00:01Z,40.58807,-80.23783,0.0,,,31,20,8,2.7
378113573,2025-01-08T00:01:13Z,25.95825,-80.12736,2.2,46.7,,37,26,6,
310780000,2025-01-08T00:00:03Z,20.11298,-68.41938,16.2,126.1,127,60,330,44,8.6
338336125,2025-01-08T00:01:16Z,38.96135,-76.48112,0.0,,,36,14,8,
368248440,2025-01-08T00:01:40Z,47.6519,-122.61304,0.0,205.0,,36,12,4,
338350842,2025-01-08T00:01:41Z,18.33951,-65.63186,0.6,,,37,14,6,
368200310,2025-01-08T00:01:24Z,25.77162,-80.14036,0.1,,,37,22,6,
367037310,2025-01-08T00:00:07Z,41.49073,-71.32673,0.0,,,31,17,6,
368530000,2025-01-08T00:01:04Z,34.15169,-119.20823,0.0,8.1,179,99,79,17,4.5
366938440,2025-01-08T00:01:25Z,30.0756,-94.07934,0.0,183.6,222,52,33,10,
367795060,2025-01-08T00:01:29Z,48.49299,-122.68268,0.0,68.1,,37,12,4,
368081970,2025-01-08T00:01:05Z,30.21076,-93.25612,0.0,348.0,,31,30,10,
367640240,2025-01-08T00:01:10Z,32.72613,-117.20715,0.0,263.5,,37,20,6,
316004702,2025-01-08T00:01:24Z,49.0857,-123.10961,0.0,335.2,,30,19,6,3.0
338343000,2025-01-08T00:01:31Z,39.5864,-75.5937,0.0,0.1,315,52,34,12,6.4
367512340,2025-01-08T00:01:10Z,30.18771,-91.12911,4.2,235.1,229,31,145,22,2.7
338329002,2025-01-08T00:01:32Z,33.76711,-118.25179,0.0,295.1,,37,13,6,
367772760,2025-01-08T00:01:28Z,29.86758,-89.91483,14.3,255.5,,30,56,12,
368205140,2025-01-08T00:01:12Z,30.02846,-90.03162,0.0,120.7,347,60,100,17,2.2
316049055,2025-01-08T00:01:10Z,49.31014,-123.10409,0.1,273.0,351,52,20,8,4.4
636021786,2025-01-08T00:01:36Z,28.94006,-95.3403,0.0,309.5,287,77,200,32,8.1
367309120,2025-01-08T00:01:14Z,30.32336,-81.62644,0.0,232.5,189,52,36,11,
338313066,2025-01-08T00:01:15Z,30.15468,-85.65525,0.0,,,37,20,6,
367004850,2025-01-08T00:01:20Z,30.56999,-88.02705,5.6,344.1,349,31,30,12,
538007108,2025-01-08T00:01:22Z,34.9948,-75.25965,8.8,225.8,230,80,133,24,8.7
367106750,2025-01-08T00:01:26Z,29.96769,-93.86022,0.0,279.6,332,52,25,12,3.0
354839000,2025-01-08T00:01:27Z,33.86126,-118.96372,8.6,139.9,136,79,336,46,12.3
366745490,2025-01-08T00:01:38Z,33.75651,-118.11541,0.0,,,37,8,4,
338101821,2025-01-08T00:01:18Z,25.73111,-80.22975,0.0,0.0,,37,10,4,
367590650,2025-01-08T00:01:42Z,48.49597,-122.60916,0.0,64.7,,37,15,5,
368292440,2025-01-08T00:01:42Z,27.77573,-82.62913,0.0,116.2,342,36,13,7,
316034254,2025-01-08T00:01:45Z,32.70664,-117.16638,0.0,,126,36,15,4,
316035988,2025-01-08T00:01:46Z,26.75953,-80.04752,0.0,,,37,15,4,
368342840,2025-01-08T00:01:48Z,33.92685,-78.18719,2.6,79.0,,33,50,38,
368191710,2025-01-08T00:01:20Z,47.30402,-122.51013,0.0,112.2,,37,15,5,
338794000,2025-01-08T00:01:28Z,39.20133,-76.51,10.7,117.9,118,70,228,32,9.2
368338630,2025-01-08T00:01:32Z,48.6775,-123.19856,0.0,344.9,,60,8,2,
368394980,2025-01-08T00:01:33Z,47.65513,-122.20728,0.0,,,37,15,5,
367020280,2025-01-08T00:01:14Z,43.3456,-124.3217,0.1,314.1,,30,21,6,
367597910,2025-01-08T00:01:15Z,47.64465,-122.34434,0.0,329.7,,37,19,6,
338145465,2025-01-08T00:01:37Z,37.78099,-122.3858,0.0,186.0,,37,11,4,
367542760,2025-01-08T00:01:17Z,29.64784,-94.96946,6.5,161.2,161,52,24,12,2.9
338364000,2025-01-08T00:01:28Z,29.77702,-95.07729,0.0,191.5,286,52,64,11,3.1
368312970,2025-01-08T00:01:41Z,47.99842,-122.21668,0.0,,,37,20,3,
368342660,2025-01-08T00:01:43Z,47.80953,-122.39021,0.0,,,36,13,4,
338229211,2025-01-08T00:01:20Z,32.72609,-117.18872,0.0,256.5,,37,22,7,
368089050,2025-01-08T00:01:44Z,33.60974,-117.89658,0.0,,,36,10,3,
338041291,2025-01-08T00:01:20Z,48.51252,-122.60669,0.0,,,37,17,6,
367309210,2025-01-08T00:01:22Z,29.94843,-90.06195,0.0,268.5,353,60,51,12,3.0
368116330,2025-01-08T00:01:23Z,21.32838,-157.9647,0.0,,,34,26,8,
338332447,2025-01-08T00:01:27Z,48.75747,-122.50582,0.0,,,36,12,3,
368355570,2025-01-08T00:01:28Z,47.64538,-122.31083,0.0,,,37,18,4,
338087487,2025-01-08T00:01:53Z,28.23168,-82.75366,0.0,0.0,,37,18,6,
338076696,2025-01-08T00:02:30Z,28.62026,-80.80845,0.0,3.7,304,36,13,4,
338217187,2025-01-08T00:01:51Z,48.4954,-122.60172,0.0,0.0,,37,18,6,
367346050,2025-01-08T00:02:29Z,29.54749,-90.69382,0.0,66.7,266,34,60,13,4.2
367342420,2025-01-08T00:01:10Z,35.08341,-90.16933,0.0,275.8,,31,11,4,2.0
368119060,2025-01-08T00:01:11Z,39.04222,-84.39987,0.0,73.9,,57,279,31,3.0
367794140,2025-01-08T00:00:39Z,32.71984,-117.22187,0.0,275.8,,37,14,4,
636093239,2025-01-08T00:01:36Z,29.96042,-90.23485,0.0,147.2,309,70,179,32,10.9
367172000,2025-01-08T00:00:46Z,26.13871,-80.10897,0.0,335.8,,37,34,8,
367219000,2025-01-08T00:01:04Z,45.64282,-122.72348,0.0,333.5,116,89,206,29,10.6
367583670,2025-01-08T00:01:21Z,29.67221,-89.96344,1.3,188.1,,52,18,7,2.6
367590560,2025-01-08T00:01:23Z,29.56709,-94.42191,7.3,68.5,,60,8,3,3.0
369970479,2025-01-08T00:01:26Z,38.9841,-76.46738,0.0,197.9,0,99,38,9,3.2
367540520,2025-01-08T00:01:28Z,37.2062,-76.41794,0.0,49.6,,30,27,7,
367721230,2025-01-08T00:00:45Z,37.83678,-76.27407,0.0,164.8,,30,55,13,
367026560,2025-01-08T00:01:11Z,29.42728,-94.71534,0.0,213.3,79,52,22,10,2.9
367657150,2025-01-08T00:00:57Z,27.77283,-82.62928,0.0,,,36,13,4,
367637960,2025-01-08T00:02:29Z,30.11258,-90.96573,0.0,358.5,112,31,361,,3.1
338388487,2025-01-08T00:00:57Z,32.68097,-117.17475,0.1,,,37,12,3,
368196320,2025-01-08T00:01:01Z,37.79829,-122.32992,3.3,115.5,112,52,30,10,
215800000,2025-01-08T00:01:11Z,40.67436,-74.13417,6.5,27.7,20,71,296,38,9.7
367426260,2025-01-08T00:01:15Z,40.70134,-73.97077,0.0,120.1,318,90,95,20,6.5
366999472,2025-01-08T00:00:28Z,41.35274,-70.76615,0.1,,,51,14,4,1.4
367062870,2025-01-08T00:01:01Z,36.60447,-121.89007,0.2,19.4,,30,18,6,
367745320,2025-01-08T00:01:07Z,20.7703,-156.5311,20.7,99.4,99,40,21,7,
155017179,2025-01-08T00:01:01Z,25.90695,-80.12471,0.0,82.2,,37,16,4,
416482000,2025-01-08T00:01:07Z,32.29898,-79.53535,14.8,243.5,246,74,335,46,11.2
316023397,2025-01-08T00:01:31Z,49.33177,-122.93832,0.0,,,37,14,6,
368048380,2025-01-08T00:01:31Z,33.75135,-118.11023,0.0,270.3,,37,12,4,
367017940,2025-01-08T00:00:57Z,29.30762,-94.82134,0.0,315.0,194,31,116,34,3.6
338324845,2025-01-08T00:01:31Z,47.60869,-122.2089,0.1,,331,37,11,4,
366950440,2025-01-08T00:00:51Z,28.40909,-80.616,0.1,,94,52,18,6,
369493050,2025-01-08T00:01:20Z,46.28104,-124.04637,0.0,270.0,,51,14,4,1.4
367702390,2025-01-08T00:00:06Z,30.52199,-91.22178,0.0,323.9,254,31,23,10,3.0
338514261,2025-01-08T00:01:21Z,34.24295,-119.26229,0.0,,,37,15,4,
367430780,2025-01-08T00:00:35Z,28.93193,-95.29129,0.0,128.2,,52,26,10,3.7
338617000,2025-01-08T00:01:24Z,24.23251,-81.74507,12.4,90.2,90,80,183,32,11.0
368335630,2025-01-08T00:01:25Z,26.21223,-80.09483,0.0,,,37,14,5,
368043490,2025-01-08T00:00:49Z,27.84719,-97.06117,0.0,313.1,137,52,34,14,5.8
367781000,2025-01-08T00:01:26Z,32.07945,-81.07756,6.3,99.9,96,70,306,40,12.2
319073100,2025-01-08T00:01:15Z,30.06189,-90.85259,9.3,299.3,289,70,200,32,6.8
338181537,2025-01-08T00:01:27Z,26.21182,-80.09621,0.0,39.5,,37,18,4,
368048120,2025-01-08T00:01:12Z,34.74069,-90.44484,0.0,312.4,,32,20,8,
367511590,2025-01-08T00:01:16Z,41.66139,-87.29631,0.0,254.9,339,70,38,13,7.7
316003878,2025-01-08T00:01:27Z,41.6864,-83.47411,0.0,318.4,230,52,159,24,6.0
367539920,2025-01-08T00:01:16Z,29.96661,-93.85823,0.0,98.4,190,52,24,11,
366939130,2025-01-08T00:01:29Z,29.61436,-95.01139,0.0,1.5,331,31,18,7,
366395000,2025-01-08T00:01:18Z,26.11067,-80.11745,0.0,1.3,297,37,44,8,2.8
368017840,2025-01-08T00:01:29Z,26.11003,-80.15472,0.0,,,36,16,4,
367510430,2025-01-08T00:01:10Z,30.11528,-90.9808,0.0,213.3,,52,29,8,7.0
368124090,2025-01-08T00:01:29Z,47.62887,-122.39262,0.0,,,37,15,5,
367587990,2025-01-08T00:01:12Z,29.78872,-95.07654,0.1,244.1,7,52,20,10,2.9
368015870,2025-01-08T00:01:29Z,48.60352,-123.17204,0.0,27.8,21,37,19,6,
367506690,2025-01-08T00:00:13Z,31.22663,-87.93247,6.3,323.1,324,31,45,10,3.1
316011675,2025-01-08T00:01:33Z,49.41486,-123.43336,1.5,314.1,,52,14,6,
368296490,2025-01-08T00:01:04Z,26.47433,-79.7079,6.3,127.0,136,70,29,10,
368247910,2025-01-08T00:01:13Z,48.42719,-123.38309,0.2,213.9,,37,19,5,
367010480,2025-01-08T00:01:11Z,29.89987,-90.0797,0.0,338.6,,52,19,8,2.0
368013560,2025-01-08T00:01:35Z,24.56344,-81.73886,0.0,161.6,,36,11,6,
366982190,2025-01-08T00:01:03Z,32.68633,-117.13333,0.0,6.1,,96,27,11,5.2
338348307,2025-01-08T00:01:14Z,45.60861,-122.66869,0.0,314.3,,37,16,5,
367168450,2025-01-08T00:01:08Z,27.83812,-97.05241,0.0,287.9,134,50,18,8,
338356832,2025-01-08T00:01:15Z,27.71303,-82.67889,0.0,,,37,13,5,
368240910,2025-01-08T00:01:28Z,33.8681,-78.02797,0.0,158.2,,31,17,6,
367443840,2025-01-08T00:01:13Z,29.78525,-92.13471,5.7,251.6,255,31,120,34,3.3
367010430,2025-01-08T00:01:18Z,47.53849,-122.32901,1.1,305.4,231,31,20,6,2.3
367547090,2025-01-08T00:01:32Z,35.12453,-90.07648,0.1,274.0,,31,18,7,
367109350,2025-01-08T00:02:34Z,30.03561,-90.69616,0.0,270.2,,30,16,8,
368043510,2025-01-08T00:01:15Z,27.84484,-97.07608,0.0,112.1,315,31,30,12,6.0
366999472,2025-01-08T00:01:59Z,41.35273,-70.76615,0.1,,,51,14,4,1.4
367637070,2025-01-08T00:02:32Z,30.05824,-93.68742,0.0,297.8,180,31,19,7,3.0
367546090,2025-01-08T00:01:14Z,40.58538,-74.20947,0.0,240.6,,52,20,8,2.0
367620420,2025-01-08T00:02:31Z,29.93469,-89.99899,0.2,322.2,303,31,115,18,2.9
367569030,2025-01-08T00:01:03Z,31.76331,-118.93338,9.3,328.7,328,90,46,12,
367745320,2025-01-08T00:02:33Z,20.77295,-156.52263,22.1,63.1,66,40,21,7,
367702390,2025-01-08T00:01:17Z,30.52199,-91.22178,0.0,301.6,253,31,23,10,3.0
367570750,2025-01-08T00:01:21Z,29.40054,-94.75233,0.0,,,31,29,10,10.0
366805390,2025-01-08T00:01:05Z,30.35787,-88.50586,0.0,,,60,29,6,
367068110,2025-01-08T00:01:22Z,38.94009,-75.31781,0.0,328.5,,60,19,6,1.0
367477690,2025-01-08T00:01:40Z,34.72008,-76.69465,0.0,250.8,,52,28,7,3.0
367590890,2025-01-08T00:01:25Z,30.88117,-81.51267,8.0,313.6,318,31,20,10,2.4
257073920,2025-01-08T00:01:30Z,27.92655,-82.44367,0.0,49.5,50,52,124,25,7.4
338397489,2025-01-08T00:01:25Z,42.38159,-70.99358,0.0,,,36,12,3,
538006709,2025-01-08T00:00:11Z,18.75043,-67.7429,12.5,198.8,199,80,183,32,11.9
367641460,2025-01-08T00:00:11Z,41.64148,-70.92134,0.2,354.4,,31,26,8,3.5
367155810,2025-01-08T00:00:08Z,30.13574,-88.04392,7.8,120.4,,30,30,9,
368068980,2025-01-08T00:01:11Z,47.5898,-122.34968,0.2,182.7,,34,14,5,2.0
368231710,2025-01-08T00:00:07Z,41.31181,-70.6808,1.2,126.6,,30,20,6,
309908000,2025-01-08T00:00:17Z,23.27023,-83.53846,11.1,322.7,326,60,144,22,5.3
367702110,2025-01-08T00:00:54Z,38.98118,-82.07579,5.8,62.5,63,31,290,34,3.1
367705270,2025-01-08T00:01:27Z,43.36296,-124.20089,0.0,,88,52,23,8,2.7
368386690,2025-01-08T00:01:16Z,39.25826,-76.55595,0.0,296.2,170,52,26,11,5.2
366940480,2025-01-08T00:01:17Z,47.66737,-122.38803,0.0,176.4,,30,33,9,4.0
367304270,2025-01-08T00:01:15Z,36.93963,-76.3276,0.0,266.0,,52,18,14,2.4
367637310,2025-01-08T00:01:15Z,30.19138,-91.32383,0.0,277.8,188,31,210,17,3.1
338405762,2025-01-08T00:01:03Z,24.57709,-81.78623,0.1,,,37,12,4,
319154100,2025-01-08T00:01:02Z,17.90473,-64.54946,7.1,85.6,84,37,64,12,3.5
316003677,2025-01-08T00:01:18Z,49.17005,-122.92455,0.0,26.9,227,52,24,9,1.5
367307850,2025-01-08T00:01:17Z,33.88042,-78.00701,3.0,9.8,6,52,30,10,4.2
368298180,2025-01-08T00:01:19Z,29.54973,-95.02736,0.0,,,36,12,4,
368332080,2025-01-08T00:01:26Z,25.75644,-80.14146,0.0,133.6,128,37,22,7,
366659730,2025-01-08T00:01:21Z,47.17346,-122.60306,0.0,240.2,,60,61,20,5.0
319073200,2025-01-08T00:01:11Z,25.7856,-80.18021,0.0,291.7,0,37,42,,2.7
367680750,2025-01-08T00:01:21Z,46.16859,-123.91402,0.0,115.5,,30,22,6,
367697010,2025-01-08T00:01:12Z,30.0347,-93.78441,0.0,286.5,,31,19,7,2.7
367387230,2025-01-08T00:00:08Z,45.60766,-122.68412,0.1,227.3,125,31,23,5,3.0
367651440,2025-01-08T00:01:13Z,43.71625,-70.12676,0.1,,,60,40,12,
367459570,2025-01-08T00:00:34Z,42.38382,-71.0601,0.0,262.8,36,52,40,20,4.0
367733650,2025-01-08T00:01:31Z,37.79025,-122.38766,0.1,231.3,224,51,27,,3.0
367719770,2025-01-08T00:01:21Z,29.92748,-89.97116,0.0,,,60,34,20,
367097970,2025-01-08T00:00:25Z,36.83835,-76.24826,0.0,245.3,,52,22,8,2.8
367165430,2025-01-08T00:01:25Z,40.67506,-74.13427,6.5,26.3,30,52,32,9,4.1
367152940,2025-01-08T00:00:42Z,33.45887,-117.69519,0.0,212.5,195,37,15,6,
367354350,2025-01-08T00:01:09Z,41.15394,-72.24025,0.7,331.2,311,60,72,17,4.0
303943000,2025-01-08T00:00:59Z,47.26849,-122.41515,0.0,1.3,318,70,229,32,8.1
367001310,2025-01-08T00:01:28Z,29.67723,-91.22509,0.0,266.0,,90,12,4,1.8
338345938,2025-01-08T00:01:24Z,32.71612,-117.22596,0.0,354.6,,37,14,5,
367187130,2025-01-08T00:01:13Z,29.73611,-93.8814,0.0,,,60,10,6,
367690000,2025-01-08T00:00:34Z,30.31247,-80.60747,12.9,177.3,177,52,184,21,7.4
367607340,2025-01-08T00:01:24Z,32.70786,-117.16824,0.0,46.8,,37,13,4,
368078230,2025-01-08T00:01:17Z,40.68556,-74.07429,8.9,153.2,,69,20,6,1.5
367311640,2025-01-08T00:01:26Z,29.84831,-89.97798,0.0,258.6,,60,47,30,2.5
338188000,2025-01-08T00:00:42Z,27.58993,-84.30897,9.6,93.7,90,80,186,32,11.5
367342210,2025-01-08T00:01:28Z,38.84077,-90.1057,0.0,266.0,359,31,125,18,3.1
369493018,2025-01-08T00:01:22Z,42.04607,-124.26741,0.0,236.2,,51,14,4,1.4
368016810,2025-01-08T00:01:10Z,41.63658,-70.9202,0.0,,,30,40,10,4.2
367478440,2025-01-08T00:01:11Z,30.02199,-93.98732,0.0,347.8,347,31,83,12,3.0
368090850,2025-01-08T00:01:36Z,30.05395,-94.02907,6.5,345.7,,31,22,9,3.0
431120000,2025-01-08T00:01:16Z,32.62769,-79.51217,0.1,4.7,5,72,302,43,9.7
368224160,2025-01-08T00:01:25Z,28.94571,-90.03067,0.1,,124,20,60,16,5.1
367304010,2025-01-08T00:01:13Z,40.68626,-74.00953,0.5,83.7,197,52,36,10,4.6
368229790,2025-01-08T00:01:26Z,29.31212,-94.80998,0.0,93.5,8,57,119,34,3.0
367638020,2025-01-08T00:02:29Z,29.97379,-90.39958,0.0,170.0,345,31,357,,3.4
366744930,2025-01-08T00:01:28Z,37.50175,-122.81491,9.5,338.4,336,30,30,8,3.0
367457250,2025-01-08T00:02:27Z,29.31275,-94.64669,28.1,107.5,105,50,22,6,
319250000,2025-01-08T00:01:09Z,26.34337,-80.07692,0.0,256.5,334,37,35,8,2.3
316003616,2025-01-08T00:01:22Z,42.26801,-83.10263,0.0,216.5,,31,22,6,
368007340,2025-01-08T00:01:11Z,29.31455,-94.77872,0.0,261.8,,39,30,8,2.4
255915868,2025-01-08T00:01:06Z,29.74333,-95.09838,0.0,328.0,319,80,160,27,6.7
219254000,2025-01-08T00:01:18Z,29.06247,-94.67792,0.2,43.9,51,80,184,33,8.0
367597350,2025-01-08T00:00:16Z,30.55957,-87.21533,0.0,202.4,137,31,23,9,2.8
367398940,2025-01-08T00:00:28Z,29.25349,-89.35695,0.0,278.1,,52,20,8,2.2
368131290,2025-01-08T00:01:37Z,41.64133,-87.47159,0.0,171.3,268,57,130,18,2.8
367457000,2025-01-08T00:01:05Z,26.21123,-79.94902,3.5,178.5,179,80,189,32,11.3
367505070,2025-01-08T00:01:27Z,29.40538,-94.74298,0.0,307.3,130,31,120,34,3.1
366893680,2025-01-08T00:01:10Z,26.09642,-80.16066,0.0,,,37,22,18,3.6
368220360,2025-01-08T00:01:32Z,47.92231,-122.6884,0.0,,,37,10,4,
368163680,2025-01-08T00:01:08Z,40.66579,-74.00628,0.4,21.0,52,52,28,10,4.1
338422116,2025-01-08T00:01:11Z,30.35206,-88.50804,0.0,272.5,,50,17,5,
368119110,2025-01-08T00:01:14Z,29.91888,-90.08002,0.0,260.4,256,52,28,12,17.0
368048660,2025-01-08T00:01:32Z,33.8683,-78.02765,0.5,142.5,,33,71,15,2.4
368351350,2025-01-08T00:01:17Z,33.74562,-118.22427,0.0,192.1,11,,90,46,
338478893,2025-01-08T00:01:50Z,32.72795,-117.19949,0.0,,,37,18,5,
367759150,2025-01-08T00:01:22Z,39.91698,-75.13669,0.1,18.9,,90,33,5,
367721520,2025-01-08T00:02:28Z,26.34308,-80.07719,0.0,177.3,89,37,29,6,2.0
368356940,2025-01-08T00:01:49Z,38.84248,-76.53729,0.0,,,36,14,4,
367579230,2025-01-08T00:01:24Z,29.71682,-93.86154,0.0,150.3,,31,18,6,2.0
368124380,2025-01-08T00:01:10Z,28.73652,-95.82716,4.4,69.2,71,31,24,10,3.1
367759150,2025-01-08T00:00:04Z,39.91698,-75.1367,0.0,94.6,,90,33,5,
636018728,2025-01-08T00:01:15Z,29.74351,-95.28408,0.0,135.1,145,80,183,32,9.4
311000338,2025-01-08T00:00:43Z,27.82241,-97.19389,0.0,351.2,16,80,275,48,9.2
367613480,2025-01-08T00:02:27Z,29.76288,-93.90588,0.0,321.0,,30,24,7,
367702270,2025-01-08T00:01:15Z,28.91834,-95.34744,0.8,238.5,239,52,22,10,3.1
368252650,2025-01-08T00:01:12Z,38.95891,-74.86677,0.0,,,99,26,8,3.0
368229790,2025-01-08T00:02:36Z,29.31213,-94.80998,0.0,93.5,8,57,119,34,3.0
367108840,2025-01-08T00:01:47Z,29.82227,-92.13326,0.0,262.8,,30,49,10,3.5
367490030,2025-01-08T00:01:45Z,29.7983,-85.96363,8.6,288.2,,30,28,8,
368207090,2025-01-08T00:01:03Z,28.8668,-89.43894,22.9,5.4,,50,18,6,2.0
366971520,2025-01-08T00:01:04Z,29.78783,-95.07777,2.0,27.8,29,31,88,14,2.4
367657630,2025-01-08T00:02:37Z,39.11137,-84.80006,0.0,289.6,,31,20,8,2.3
367617460,2025-01-08T00:01:18Z,26.7721,-80.0525,0.0,,,36,15,8,
368357430,2025-01-08T00:02:03Z,36.83109,-76.29643,0.0,209.1,82,40,28,11,
338192261,2025-01-08T00:02:03Z,33.61398,-117.90378,0.0,,,37,11,,
316054041,2025-01-08T00:00:57Z,49.23097,-122.7708,0.0,1.7,49,31,20,7,2.8
368052910,2025-01-08T00:02:39Z,29.49517,-94.86839,4.8,152.8,,31,15,6,
367342960,2025-01-08T00:01:12Z,26.09213,-80.11814,1.6,181.9,339,80,183,32,8.6
368038550,2025-01-08T00:01:38Z,26.13661,-80.10785,0.4,,,37,19,4,
354196000,2025-01-08T00:00:32Z,31.13169,-81.49327,0.0,75.8,345,70,179,29,7.1
366967710,2025-01-08T00:01:22Z,30.04912,-90.53736,0.0,90.9,276,52,20,9,2.9
368168970,2025-01-08T00:01:14Z,39.0923,-84.55623,0.0,255.3,216,52,22,9,2.8
368374640,2025-01-08T00:00:36Z,29.35163,-90.73408,0.0,101.0,,52,20,8,
367583170,2025-01-08T00:01:15Z,28.75343,-89.55046,8.1,99.0,92,90,95,16,4.0
367702560,2025-01-08T00:01:42Z,30.00134,-90.82809,0.0,284.8,340,31,21,9,3.0
367719770,2025-01-08T00:02:31Z,29.92748,-89.97116,0.0,,,60,34,20,
367564470,2025-01-08T00:01:24Z,35.10421,-90.08463,0.0,41.5,278,31,211,34,3.0
367486980,2025-01-08T00:01:21Z,28.6466,-96.06491,3.5,46.5,47,31,96,16,2.5
367733240,2025-01-08T00:01:26Z,38.39994,-82.54511,5.6,266.7,,52,18,7,2.3
368171270,2025-01-08T00:01:10Z,37.9092,-122.36361,0.0,98.5,169,52,26,10,3.1
355170000,2025-01-08T00:01:29Z,47.54847,-122.34017,0.0,184.0,340,70,177,28,9.9
367481630,2025-01-08T00:02:29Z,38.5888,-90.19783,0.0,63.0,52,31,22,5,2.7
565402000,2025-01-08T00:00:09Z,33.76841,-118.2334,0.1,194.6,74,70,261,32,10.2
367584630,2025-01-08T00:01:13Z,30.35787,-88.50591,0.0,,,60,22,5,
368102270,2025-01-08T00:02:41Z,38.53943,-90.25513,0.0,130.3,39,52,27,8,
367478440,2025-01-08T00:02:30Z,30.02197,-93.98732,0.0,350.0,350,31,83,12,3.0
368024380,2025-01-08T00:00:15Z,29.04713,-90.16196,7.9,187.5,,60,36,7,3.5
319040900,2025-01-08T00:01:15Z,25.93563,-80.14945,0.0,135.1,,37,,,
367666920,2025-01-08T00:00:20Z,30.10642,-93.30393,0.1,257.9,63,31,27,9,2.8
366920020,2025-01-08T00:02:30Z,29.93272,-92.6562,0.0,273.4,20,31,20,7,2.4
368508000,2025-01-08T00:00:41Z,29.56047,-90.69934,0.0,337.4,71,70,78,18,3.9
367618310,2025-01-08T00:01:36Z,40.66723,-74.00613,0.0,302.8,292,52,32,11,4.8
367532820,2025-01-08T00:01:14Z,39.1316,-84.71975,0.0,266.0,167,31,347,34,2.8
367582020,2025-01-08T00:02:41Z,29.1521,-90.22575,0.0,0.0,251,39,48,12,3.4
367697010,2025-01-08T00:02:33Z,30.03471,-93.78439,0.0,288.1,,31,19,7,2.7
367740640,2025-01-08T00:02:32Z,32.85603,-79.95584,0.0,177.2,218,52,20,8,2.2
316022036,2025-01-08T00:02:09Z,49.19649,-123.13542,0.0,200.2,,31,11,4,0.4
367479930,2025-01-08T00:01:05Z,29.74263,-95.19509,6.0,245.3,246,52,19,9,2.6
367004510,2025-01-08T00:01:21Z,29.98308,-90.40468,0.0,305.8,310,31,22,8,3.0
367064840,2025-01-08T00:02:33Z,41.28301,-72.34948,0.1,325.7,,52,14,6,2.3
338164184,2025-01-08T00:01:36Z,29.93953,-90.06094,0.0,0.0,,52,14,6,
367369550,2025-01-08T00:01:21Z,31.14309,-81.49663,0.1,355.7,161,52,33,10,4.9
368262250,2025-01-08T00:01:24Z,29.92675,-89.96907,0.0,21.8,294,52,20,9,2.9
369970030,2025-01-08T00:01:24Z,46.59859,-90.87912,0.0,333.7,327,90,33,9,3.0
368280810,2025-01-08T00:01:14Z,46.28457,-84.21007,0.0,,44,60,26,10,
368083790,2025-01-08T00:01:07Z,30.14106,-89.64517,0.5,62.8,152,57,213,23,3.3
338492818,2025-01-08T00:01:32Z,33.98215,-118.44661,0.0,141.0,141,36,10,4,
316001635,2025-01-08T00:01:07Z,43.21632,-79.20761,0.2,0.0,,70,225,24,7.2
367651440,2025-01-08T00:02:33Z,43.71586,-70.12756,2.7,259.5,,60,40,12,
367357330,2025-01-08T00:01:27Z,30.802,-81.51753,0.0,,,52,33,12,5.5
354149000,2025-01-08T00:02:14Z,37.71088,-122.33837,0.4,112.4,356,79,232,32,8.8
563198500,2025-01-08T00:01:13Z,34.46146,-121.12333,7.3,108.3,105,71,272,43,13.0
368099120,2025-01-08T00:00:58Z,37.01676,-76.34681,0.0,,,37,11,4,
316001262,2025-01-08T00:00:58Z,49.43247,-123.4722,0.0,77.3,349,60,140,28,5.8
338404684,2025-01-08T00:00:51Z,32.72565,-117.18942,0.0,,,36,14,5,
367499710,2025-01-08T00:01:01Z,26.83643,-80.057,0.0,217.3,,37,35,8,2.0
367455580,2025-01-08T00:01:19Z,33.7485,-118.21116,0.0,52.8,59,80,184,32,11.7
338069102,2025-01-08T00:01:02Z,32.7066,-117.16564,0.0,,,37,10,6,
367728590,2025-01-08T00:00:16Z,29.4254,-92.03476,2.3,275.8,,30,22,7,
338317666,2025-01-08T00:00:16Z,26.84798,-80.06702,0.0,268.6,,37,,,
368296270,2025-01-08T00:00:22Z,48.49537,-122.60134,0.0,,,37,16,4,
538011335,2025-01-08T00:01:22Z,49.3041,-122.93841,0.0,164.3,5,80,183,32,8.4
338100018,2025-01-08T00:00:29Z,33.84864,-118.3994,0.0,300.9,254,37,12,3,
338429064,2025-01-08T00:00:29Z,33.61561,-117.91647,0.0,,,37,10,4,
338138748,2025-01-08T00:00:30Z,32.70586,-117.1648,0.0,277.0,,37,16,5,
368330820,2025-01-08T00:00:33Z,32.01532,-81.04625,0.0,,,36,13,7,
368179250,2025-01-08T00:01:07Z,25.77181,-80.15138,0.0,,327,60,47,,
367176310,2025-01-08T00:00:09Z,41.89829,-83.36004,0.0,0.0,,52,25,12,3.6
368209120,2025-01-08T00:00:13Z,48.504,-122.60402,0.1,322.4,,37,13,4,
338510406,2025-01-08T00:00:18Z,32.51465,-80.33824,0.1,204.3,,37,10,3,
983119005,2025-01-08T00:00:23Z,37.80813,-122.40577,0.0,,,37,5,2,
368324320,2025-01-08T00:00:25Z,47.6287,-122.39134,0.0,,,36,13,4,
316032409,2025-01-08T00:00:25Z,48.45446,-123.44943,0.0,209.7,,37,11,3,
338331274,2025-01-08T00:00:25Z,37.59023,-122.31621,0.0,,,36,12,4,
367327060,2025-01-08T00:00:30Z,29.93983,-90.06069,0.3,288.7,,53,16,7,
212583000,2025-01-08T00:00:31Z,34.71551,-76.6976,0.0,123.6,266,70,200,32,10.6
338477758,2025-01-08T00:00:32Z,33.45839,-117.69534,0.1,,,37,11,4,
368000390,2025-01-08T00:00:33Z,29.59481,-90.66371,0.1,262.9,,52,14,4,
338497554,2025-01-08T00:00:42Z,47.99818,-122.21807,0.0,288.9,,37,9,11,
368215890,2025-01-08T00:00:44Z,48.3133,-124.37978,17.9,143.1,,37,10,3,
338429049,2025-01-08T00:00:41Z,32.17421,-80.76134,0.0,,,37,16,4,
338448706,2025-01-08T00:00:46Z,47.61012,-122.34732,0.0,36.0,,37,18,5,
366874950,2025-01-08T00:00:47Z,30.10611,-93.30465,0.0,297.2,,31,18,8,2.6
211162740,2025-01-08T00:00:57Z,24.57736,-81.80789,0.2,,,37,12,2,
338502768,2025-01-08T00:00:57Z,34.166,-119.22621,0.2,80.2,,37,,,
368346080,2025-01-08T00:01:07Z,41.40635,-71.2416,2.2,280.7,286,53,21,6,
367503060,2025-01-08T00:01:08Z,29.8411,-91.95188,4.9,78.0,77,52,28,10,3.1
316014621,2025-01-08T00:01:10Z,49.2876,-123.10742,7.7,220.5,216,60,34,12,2.8
368172540,2025-01-08T00:01:10Z,33.46037,-117.69798,0.1,,,36,14,4,
367734160,2025-01-08T00:01:27Z,26.82879,-80.05913,0.0,100.7,,37,23,7,
367327040,2025-01-08T00:01:12Z,41.09872,-72.35786,4.5,305.8,,69,40,14,2.0
316034012,2025-01-08T00:01:32Z,48.85424,-123.49855,0.0,29.4,,60,11,4,
338489874,2025-01-08T00:01:14Z,24.7171,-81.08465,0.0,,,37,14,9,
367381320,2025-01-08T00:00:05Z,29.24136,-95.01479,5.1,228.2,226,52,25,11,3.0
368322740,2025-01-08T00:01:37Z,48.75736,-122.49924,0.0,0.0,,37,10,3,
367736110,2025-01-08T00:00:02Z,39.06482,-84.43193,0.2,212.0,,69,25,7,
338384947,2025-01-08T00:01:35Z,33.97305,-118.45219,0.2,,,36,10,4,
368167820,2025-01-08T00:00:01Z,29.99822,-93.77336,7.9,221.9,229,52,115,34,2.7
367594230,2025-01-08T00:02:34Z,29.59291,-91.16395,3.8,271.6,275,30,23,8,3.1
368245860,2025-01-08T00:01:51Z,31.12892,-81.40671,33.6,149.1,,30,28,8,
367754630,2025-01-08T00:02:29Z,29.25821,-91.63772,2.6,295.1,,30,24,8,
367569030,2025-01-08T00:02:34Z,31.76664,-118.9357,9.1,330.7,330,90,46,12,
338100071,2025-01-08T00:01:56Z,37.69452,-76.49009,0.0,32.1,,37,16,5,
338497305,2025-01-08T00:01:49Z,39.26476,-76.20476,0.0,250.9,,37,17,6,
367094180,2025-01-08T00:01:46Z,31.15553,-81.49949,0.0,159.4,,37,14,4,
368259610,2025-01-08T00:02:35Z,27.83965,-97.06263,0.0,,,37,30,8,
338192501,2025-01-08T00:01:43Z,47.33071,-122.57842,0.0,354.9,,37,20,6,
367676010,2025-01-08T00:02:38Z,47.65597,-122.37887,0.0,30.0,183,30,27,11,10.4
338173004,2025-01-08T00:01:41Z,25.31608,-80.27621,0.0,86.5,,37,14,6,
367754030,2025-01-08T00:01:41Z,48.06341,-123.04004,0.0,248.3,,36,12,4,
367320030,2025-01-08T00:01:39Z,47.63908,-122.33939,0.0,,,37,21,6,
366916860,2025-01-08T00:01:16Z,30.06226,-93.35298,0.0,322.6,271,31,15,6,8.0
367589830,2025-01-08T00:01:37Z,30.67035,-81.46606,0.0,289.7,,33,8,2,
368307730,2025-01-08T00:02:07Z,30.3905,-81.43289,0.0,,,33,9,3,
368279460,2025-01-08T00:02:08Z,47.62177,-122.52104,0.0,349.5,,37,9,3,
367006810,2025-01-08T00:00:02Z,30.38786,-91.21625,2.2,40.2,,31,15,7,
367379660,2025-01-08T00:00:17Z,41.13658,-73.0391,8.4,241.4,,52,24,10,5.0
368106020,2025-01-08T00:00:19Z,30.16932,-85.70433,0.0,,,57,24,8,
636018377,2025-01-08T00:00:22Z,30.0524,-90.66333,0.0,102.0,247,70,225,32,10.5
338426406,2025-01-08T00:02:11Z,47.33218,-122.58091,0.0,,,37,13,3,
338252851,2025-01-08T00:01:52Z,33.98067,-118.45388,0.0,158.3,,37,13,5,
368254850,2025-01-08T00:02:17Z,42.82064,-69.91366,5.0,151.9,,30,27,8,
367664990,2025-01-08T00:01:56Z,47.67967,-122.41006,0.0,262.4,,37,25,8,
338310102,2025-01-08T00:01:20Z,37.80582,-122.44501,0.0,154.3,,36,12,4,
366211560,2025-01-08T00:01:02Z,38.94915,-74.90712,0.0,236.3,,30,32,8,3.3
368167710,2025-01-08T00:01:24Z,30.14447,-85.7274,0.0,332.7,,37,21,5,
366932750,2025-01-08T00:01:09Z,29.70621,-95.0382,0.0,221.7,189,31,29,10,3.1
368020980,2025-01-08T00:01:09Z,33.81392,-120.93475,6.5,144.8,145,31,145,17,6.1
367511270,2025-01-08T00:01:10Z,29.78996,-95.08029,0.0,255.9,,31,22,10,3.1
367767660,2025-01-08T00:01:32Z,32.21635,-80.7794,0.0,166.0,,37,18,6,
368158880,2025-01-08T00:01:33Z,47.65186,-122.61489,0.0,33.3,,37,11,4,
338148873,2025-01-08T00:01:33Z,33.60716,-117.91485,0.0,30.7,,37,16,6,
338189587,2025-01-08T00:01:12Z,27.99419,-97.07447,0.0,3.6,,37,11,4,
367077760,2025-01-08T00:01:38Z,43.5219,-124.28154,7.5,30.2,,30,15,5,
538009017,2025-01-08T00:00:53Z,49.04499,-123.66321,0.0,332.8,50,70,229,32,9.0
366552960,2025-01-08T00:01:00Z,47.54032,-122.64507,0.0,326.8,48,36,13,4,
241840000,2025-01-08T00:01:03Z,23.81533,-81.19447,17.6,240.7,238,80,293,46,9.5
338154634,2025-01-08T00:01:01Z,29.54411,-95.04218,0.0,142.4,,36,12,8,
367056982,2025-01-08T00:00:22Z,21.31,-157.86845,0.1,216.2,,32,35,10,3.5
367610510,2025-01-08T00:01:12Z,30.07171,-90.90587,0.0,207.9,137,31,61,16,
303422000,2025-01-08T00:00:32Z,34.15161,-119.2099,0.0,0.0,178,90,106,21,6.3
368283530,2025-01-08T00:01:02Z,31.15724,-81.49927,0.1,,,36,13,8,
367724550,2025-01-08T00:01:14Z,47.65866,-122.38077,0.1,322.1,,52,50,11,4.0
367351760,2025-01-08T00:01:14Z,29.8647,-89.92891,0.0,,,60,11,4,
367073540,2025-01-08T00:01:24Z,31.1494,-81.49884,0.0,10.3,,37,38,10,4.0
373310000,2025-01-08T00:01:17Z,30.38397,-81.24903,9.5,89.8,86,70,199,32,8.9
338407295,2025-01-08T00:00:57Z,36.81306,-121.78798,0.0,,,36,14,4,
338311357,2025-01-08T00:00:16Z,37.80611,-122.44693,0.0,,,36,14,2,
367642480,2025-01-08T00:01:10Z,34.2249,-77.95421,0.0,,0,52,23,8,3.0
367702280,2025-01-08T00:01:14Z,30.27911,-91.18424,4.1,266.1,271,31,362,,3.6
338167269,2025-01-08T00:00:49Z,37.85968,-122.47921,0.0,2.9,,37,20,6,
367618070,2025-01-08T00:01:14Z,18.15272,-65.44354,0.0,167.8,,60,44,10,
367008680,2025-01-08T00:00:44Z,29.55398,-90.5273,0.0,69.3,,52,13,3,2.7
366817170,2025-01-08T00:00:44Z,29.96273,-81.29208,0.4,65.2,,30,23,6,
368103770,2025-01-08T00:00:39Z,31.586,-91.40529,4.7,14.4,10,31,52,15,3.3
368260120,2025-01-08T00:01:22Z,29.65373,-91.1012,5.9,200.4,,30,18,8,2.8
636022780,2025-01-08T00:00:54Z,29.96852,-90.26295,0.0,177.6,272,70,200,32,7.4
316005651,2025-01-08T00:00:54Z,49.19983,-122.91081,0.0,317.6,63,52,15,8,
366999919,2025-01-08T00:00:55Z,46.2813,-124.04674,0.0,299.5,,51,15,4,1.0
338441458,2025-01-08T00:00:45Z,33.7197,-118.27978,0.0,52.6,,37,17,8,
368252890,2025-01-08T00:00:04Z,29.90765,-90.11617,6.1,91.8,81,52,99,22,3.1
367782940,2025-01-08T00:01:07Z,42.30785,-70.92768,24.1,144.2,145,60,26,8,1.5
311001169,2025-01-08T00:01:28Z,26.66509,-79.35517,11.9,177.4,173,80,250,44,11.2
368115380,2025-01-08T00:00:38Z,29.78495,-95.09748,0.0,114.2,,33,47,16,
538009686,2025-01-08T00:01:19Z,29.82817,-93.3485,10.4,178.9,177,82,183,32,10.5
367793110,2025-01-08T00:00:47Z,31.53575,-81.36189,0.0,,,30,12,4,
367423550,2025-01-08T00:01:02Z,21.32924,-158.11962,0.0,90.3,255,36,12,4,
563326000,2025-01-08T00:01:04Z,28.36923,-94.30921,1.5,170.1,125,80,244,42,9.0
366831470,2025-01-08T00:00:11Z,43.39148,-124.37785,3.3,219.4,,30,9,6,
366990450,2025-01-08T00:01:21Z,47.27397,-122.81878,5.5,211.1,,60,22,12,0.6
367480370,2025-01-08T00:01:25Z,48.75239,-122.48576,0.0,254.5,,30,30,8,0.4
367015620,2025-01-08T00:01:09Z,26.09752,-80.17017,0.0,143.6,175,37,28,7,2.1
368286770,2025-01-08T00:01:28Z,30.43123,-91.24045,0.0,187.8,209,31,146,43,2.8
367318760,2025-01-08T00:01:06Z,39.37806,-76.10941,8.4,68.1,65,31,30,10,5.3
367768250,2025-01-08T00:01:09Z,27.84055,-97.06908,4.3,339.2,,60,26,14,3.6
367319430,2025-01-08T00:01:13Z,31.00821,-91.63256,0.7,125.4,,31,16,6,
367485050,2025-01-08T00:00:22Z,34.72115,-76.67057,0.0,308.2,,30,27,7,
366935020,2025-01-08T00:01:30Z,40.84243,-72.4864,0.0,68.8,268,31,18,7,
319269400,2025-01-08T00:01:02Z,25.75608,-80.14101,0.0,28.3,132,37,,,1.5
369043000,2025-01-08T00:01:12Z,28.85165,-89.43247,11.5,357.4,1,80,183,32,8.5
366768480,2025-01-08T00:00:23Z,29.0944,-91.28233,0.1,,47,52,44,10,4.0
367702240,2025-01-08T00:01:17Z,29.85402,-90.01932,0.0,74.3,31,31,282,22,2.9
366996340,2025-01-08T00:01:24Z,30.06916,-94.04842,0.0,220.1,,52,18,8,2.9
367584050,2025-01-08T00:01:23Z,41.51813,-71.35291,0.0,65.3,,63,41,9,
316053379,2025-01-08T00:00:23Z,49.37902,-123.3311,0.0,,,60,8,4,
367715920,2025-01-08T00:01:09Z,38.58006,-90.21951,0.0,329.6,49,31,19,8,2.6
367439730,2025-01-08T00:01:10Z,21.31387,-157.86667,0.0,,,30,23,7,
338228512,2025-01-08T00:00:25Z,26.83173,-80.05526,0.0,312.0,,37,14,5,
368926638,2025-01-08T00:01:17Z,47.73226,-122.74099,0.0,322.1,205,52,30,10,5.5
368303380,2025-01-08T00:01:31Z,30.01263,-90.77085,9.0,66.5,,31,19,9,
338305325,2025-01-08T00:00:26Z,32.71706,-117.2285,0.1,,,37,32,7,
565475000,2025-01-08T00:02:33Z,24.22462,-80.44383,12.8,52.9,50,71,209,30,8.0
338545000,2025-01-08T00:01:18Z,29.95068,-90.02855,0.0,273.6,292,31,186,29,6.7
338381000,2025-01-08T00:00:27Z,39.15714,-74.69648,0.0,0.0,,30,24,8,
367701120,2025-01-08T00:02:29Z,24.56465,-81.73382,0.0,,,30,20,6,
367551680,2025-01-08T00:01:07Z,29.68913,-94.98558,6.1,329.6,319,31,113,18,3.1
366999621,2025-01-08T00:00:29Z,29.89589,-92.11635,0.0,295.8,280,90,26,6,1.7
367519490,2025-01-08T00:00:40Z,47.61699,-122.51055,0.0,243.3,,52,16,4,
367073540,2025-01-08T00:02:35Z,31.1494,-81.49884,0.0,315.1,,37,38,10,4.0
367681730,2025-01-08T00:01:28Z,40.64445,-74.02833,0.2,,,55,12,6,
338208122,2025-01-08T00:01:08Z,31.04621,-81.42253,0.0,299.4,,37,15,4,
366918650,2025-01-08T00:01:10Z,32.08198,-81.06457,0.0,295.6,,52,34,10,
319234700,2025-01-08T00:00:39Z,25.68256,-80.25978,0.0,0.0,71,37,32,7,
338236607,2025-01-08T00:01:00Z,33.80185,-78.74696,0.0,,,37,14,4,
366843420,2025-01-08T00:00:41Z,40.64232,-74.16532,0.0,142.8,273,52,163,24,8.3
367688340,2025-01-08T00:01:01Z,40.43615,-80.00757,0.0,,,69,27,10,1.5
636022261,2025-01-08T00:01:10Z,17.35365,-67.83163,14.5,119.5,125,70,162,25,9.7
369493023,2025-01-08T00:00:45Z,43.68109,-124.17788,0.0,198.6,,51,14,4,1.0
368181550,2025-01-08T00:01:14Z,37.65986,-76.44267,0.2,94.8,,36,7,5,
368257380,2025-01-08T00:00:54Z,26.08695,-80.18662,0.0,70.8,,37,29,6,2.2
367533950,2025-01-08T00:01:35Z,37.91334,-122.35049,0.0,,,30,27,6,
368299440,2025-01-08T00:00:35Z,25.6916,-80.25406,0.0,,,37,20,6,
368273690,2025-01-08T00:01:10Z,29.56824,-94.41942,3.8,55.1,45,52,207,22,3.0
368333120,2025-01-08T00:00:38Z,25.94022,-80.13675,0.0,,,37,,,
538009206,2025-01-08T00:01:12Z,48.76193,-123.06691,10.4,242.9,238,80,250,44,13.3
368241150,2025-01-08T00:00:40Z,38.01137,-90.06064,0.1,,,99,18,8,
366983110,2025-01-08T00:01:14Z,29.91552,-90.0906,0.2,192.0,,52,32,8,7.3
338501344,2025-01-08T00:00:40Z,39.8401,-74.15852,0.0,224.4,,37,16,5,
338393029,2025-01-08T00:00:44Z,47.56257,-122.62292,0.0,253.8,,37,9,2,
229624000,2025-01-08T00:01:24Z,18.37715,-64.53049,0.1,114.8,28,37,65,12,3.4
367142430,2025-01-08T00:00:41Z,29.37215,-92.65511,8.0,122.6,,30,32,8,
338926881,2025-01-08T00:01:02Z,21.31215,-157.88965,0.0,7.8,,90,8,3,
338443592,2025-01-08T00:00:46Z,37.80978,-122.42026,0.0,,,30,10,4,
368242770,2025-01-08T00:00:08Z,30.75742,-88.0504,0.0,0.0,283,52,224,22,2.8
368219010,2025-01-08T00:01:00Z,36.85858,-76.34653,0.0,215.0,65,52,23,7,2.9
368243880,2025-01-08T00:01:32Z,27.85535,-97.23809,0.0,244.0,335,52,101,22,2.7
367606370,2025-01-08T00:01:04Z,29.77092,-95.10052,1.5,355.4,25,52,16,8,2.6
368048840,2025-01-08T00:02:31Z,29.76609,-95.09212,0.0,,,31,20,7,
367331540,2025-01-08T00:01:18Z,47.6588,-122.37871,0.0,262.2,267,30,40,13,6.0
367005270,2025-01-08T00:02:29Z,27.82446,-97.43587,0.0,348.8,33,31,45,30,2.5
368211650,2025-01-08T00:00:51Z,32.72638,-117.18937,0.0,,,36,14,5,
368260120,2025-01-08T00:02:33Z,29.65195,-91.10195,6.0,200.1,,30,18,8,2.8
367463010,2025-01-08T00:01:14Z,29.77494,-91.75354,0.0,202.0,,31,14,6,2.2
338526000,2025-01-08T00:01:50Z,47.62864,-122.38212,0.0,276.0,181,30,54,12,3.6
366435740,2025-01-08T00:01:02Z,46.16783,-123.91434,0.0,,,30,21,7,4.0
367640860,2025-01-08T00:01:05Z,38.10791,-76.25472,9.9,163.7,160,31,28,8,
367471790,2025-01-08T00:00:57Z,30.10901,-88.65278,8.0,245.9,,30,28,7,
311042900,2025-01-08T00:01:08Z,25.18415,-79.91938,21.8,21.6,21,60,340,42,8.8
366982170,2025-01-08T00:01:23Z,32.68642,-117.13303,0.0,,,52,25,10,
368175720,2025-01-08T00:01:07Z,27.7403,-82.69621,0.0,349.5,,37,16,5,
338591000,2025-01-08T00:01:05Z,30.36617,-91.23398,0.0,185.0,3,52,127,17,3.2
367075190,2025-01-08T00:01:15Z,30.42945,-91.20159,1.2,180.5,,52,20,8,2.0
368059490,2025-01-08T00:01:01Z,29.20605,-95.04735,5.3,237.4,239,52,302,11,2.9
367362410,2025-01-08T00:01:28Z,29.5902,-90.37021,0.0,,,52,14,5,
367004050,2025-01-08T00:01:23Z,29.73001,-95.0199,0.0,310.0,286,31,205,18,3.0
338158000,2025-01-08T00:01:23Z,37.62404,-123.53271,13.6,289.7,290,80,183,32,9.0
368803000,2025-01-08T00:01:24Z,29.31502,-94.79728,0.0,0.0,336,90,53,13,2.8
368294050,2025-01-08T00:01:24Z,41.46524,-71.40526,0.5,159.5,25,30,27,7,
338926408,2025-01-08T00:01:15Z,24.56482,-81.79889,0.0,154.2,97,55,46,7,3.0
367002270,2025-01-08T00:02:30Z,29.95271,-90.15561,4.3,234.6,230,52,17,8,
368238290,2025-01-08T00:01:00Z,29.53488,-90.85037,5.9,272.6,,52,15,7,
316014107,2025-01-08T00:01:10Z,48.77336,-123.03441,11.8,229.9,237,31,32,13,5.8
366744010,2025-01-08T00:01:15Z,41.29435,-72.90683,0.0,123.7,100,31,42,13,7.5
255802360,2025-01-08T00:02:34Z,29.61275,-95.01198,0.0,177.8,88,94,274,40,13.2
366976920,2025-01-08T00:01:14Z,47.59925,-122.33929,0.0,290.3,268,52,34,12,6.4
367671820,2025-01-08T00:00:12Z,30.05387,-90.65945,0.3,21.4,,31,11,5,
367149340,2025-01-08T00:02:28Z,29.37554,-94.87017,0.0,236.5,96,31,27,9,3.1
367724490,2025-01-08T00:02:39Z,41.65584,-87.45744,0.0,267.2,,31,121,18,2.8
366675760,2025-01-08T00:02:41Z,32.71774,-117.22609,0.0,258.9,,37,25,6,2.5
367660690,2025-01-08T00:00:08Z,34.17425,-119.22838,0.1,183.4,,37,15,5,
368380060,2025-01-08T00:02:33Z,29.90551,-90.08173,0.0,133.5,67,57,20,9,
366759130,2025-01-08T00:01:26Z,47.79444,-122.49313,2.0,124.6,118,60,140,28,5.6
369970312,2025-01-08T00:00:17Z,38.98347,-76.46854,0.0,356.4,,35,32,10,
357492000,2025-01-08T00:01:29Z,29.9912,-93.93239,5.5,285.1,289,80,183,32,8.8
319247500,2025-01-08T00:00:35Z,32.7047,-117.16232,0.0,149.9,,37,26,6,
246302000,2025-01-08T00:01:17Z,39.90434,-75.13088,4.2,20.0,20,70,142,20,9.3
367734940,2025-01-08T00:01:46Z,38.83324,-82.15239,0.0,107.8,,52,15,6,1.9
368380070,2025-01-08T00:00:37Z,29.72347,-95.23328,6.9,239.3,239,57,24,10,3.1
367349860,2025-01-08T00:01:20Z,30.2763,-91.17381,0.0,83.7,261,52,156,24,5.2
367513220,2025-01-08T00:01:46Z,45.64351,-122.75252,0.0,239.2,,52,23,9,3.5
368246120,2025-01-08T00:00:38Z,25.63433,-80.29229,0.0,,,37,14,4,
367313760,2025-01-08T00:01:08Z,39.76117,-74.1107,0.0,136.7,,60,18,6,
338469754,2025-01-08T00:00:46Z,27.49985,-82.5737,0.0,173.0,268,37,19,5,
338339505,2025-01-08T00:00:54Z,47.64477,-122.31105,0.3,,,37,11,4,
367122330,2025-01-08T00:00:12Z,48.75937,-122.50497,0.0,,301,60,20,6,2.0
368926122,2025-01-08T00:01:47Z,21.29704,-158.10644,0.0,181.7,,35,,,
368315250,2025-01-08T00:00:53Z,27.9094,-82.45046,0.0,212.6,328,36,11,4,
319289100,2025-01-08T00:00:17Z,26.11508,-80.10702,0.0,109.5,,37,22,12,
367276000,2025-01-08T00:01:05Z,47.56131,-122.53492,0.0,217.7,158,70,210,33,8.8
338242118,2025-01-08T00:01:05Z,48.03076,-122.74382,0.0,,,37,20,5,
338215133,2025-01-08T00:01:05Z,37.81647,-76.31911,0.0,234.6,,37,15,6,
338311598,2025-01-08T00:01:05Z,30.3099,-87.52622,0.0,35.9,289,37,18,5,
367105910,2025-01-08T00:01:23Z,38.43048,-82.60231,0.0,,,52,36,10,2.7
338514491,2025-01-08T00:00:23Z,26.2534,-80.09206,0.0,93.0,0,37,15,6,
367104040,2025-01-08T00:01:23Z,33.73502,-118.27078,0.0,288.5,188,60,32,6,
367781670,2025-01-08T00:00:28Z,37.86513,-122.31476,0.0,,,36,13,4,
367596840,2025-01-08T00:01:03Z,29.14304,-90.21819,0.0,249.6,251,70,100,20,4.4
367561140,2025-01-08T00:00:30Z,29.13996,-90.2056,0.0,0.0,160,90,91,20,6.2
368169820,2025-01-08T00:00:33Z,37.91119,-122.34833,0.0,346.3,,36,16,5,
367473230,2025-01-08T00:01:18Z,36.72445,-76.19583,0.0,248.8,,33,43,11,2.1
636020212,2025-01-08T00:01:07Z,39.25703,-76.56503,0.0,358.7,354,70,229,32,7.4
228408700,2025-01-08T00:02:27Z,26.34834,-79.37799,19.8,357.6,356,80,293,46,11.5
369494143,2025-01-08T00:02:28Z,18.46069,-66.11433,4.8,335.6,,51,10,3,1.0
368256040,2025-01-08T00:01:15Z,29.93306,-90.32641,4.7,80.8,,52,21,10,
235085287,2025-01-08T00:02:27Z,17.23259,-64.50243,10.4,99.7,98,36,56,12,4.0
256191000,2025-01-08T00:01:22Z,19.50416,-69.15369,17.7,106.1,106,60,327,40,8.4
367731010,2025-01-08T00:01:24Z,29.98833,-90.02142,0.0,271.0,344,52,26,12,3.1
368173810,2025-01-08T00:02:29Z,38.42991,-82.60173,3.3,166.0,173,57,111,18,2.3
366936930,2025-01-08T00:01:24Z,30.0404,-90.84137,0.0,283.1,349,31,225,34,2.7
338124129,2025-01-08T00:01:24Z,26.11481,-80.10939,0.0,102.9,,37,24,5,
367668760,2025-01-08T00:02:31Z,30.05839,-90.84586,0.0,59.0,323,31,290,33,2.9
367638080,2025-01-08T00:01:24Z,30.06089,-90.84769,0.0,217.4,149,31,475,55,3.3
338518752,2025-01-08T00:01:08Z,28.15602,-82.75823,0.0,173.4,,37,11,4,
366884140,2025-01-08T00:01:49Z,39.88628,-75.18163,0.0,0.0,357,52,140,24,5.4
338311586,2025-01-08T00:00:14Z,25.76839,-80.13873,0.1,,,37,14,4,
367401290,2025-01-08T00:02:27Z,29.3772,-94.89311,0.1,227.7,269,52,33,12,4.3
367406570,2025-01-08T00:00:13Z,48.75477,-122.50461,0.9,215.2,,30,19,6,
366740280,2025-01-08T00:02:35Z,41.65047,-70.27955,0.0,262.5,,40,32,10,1.4
367388450,2025-01-08T00:00:09Z,30.27698,-91.14722,8.7,101.8,102,31,85,11,3.0
368237220,2025-01-08T00:02:35Z,38.5389,-90.25115,0.0,257.3,26,57,357,33,2.8
368256040,2025-01-08T00:02:36Z,29.93361,-90.32671,5.3,292.7,,52,21,10,
367078040,2025-01-08T00:01:27Z,38.61625,-90.1858,0.0,54.6,9,31,19,7,2.5
357456000,2025-01-08T00:02:37Z,29.47695,-93.92124,7.0,75.5,71,90,80,16,4.4
367784640,2025-01-08T00:01:04Z,40.7444,-73.97061,0.1,290.1,210,60,26,8,1.8
367611520,2025-01-08T00:01:25Z,40.64083,-74.16381,0.0,266.1,181,31,34,11,5.0
367770270,2025-01-08T00:01:25Z,40.66915,-74.14129,0.3,137.8,299,52,31,12,5.5
367632470,2025-01-08T00:00:15Z,39.7507,-74.11516,0.0,108.3,,30,22,6,
368007130,2025-01-08T00:01:26Z,29.75853,-95.09423,0.1,331.3,297,52,25,11,3.4
367370960,2025-01-08T00:00:18Z,47.65489,-122.20833,0.0,36.4,,37,12,6,
367015290,2025-01-08T00:02:33Z,30.6548,-88.04366,0.0,269.3,,52,18,8,2.5
367655820,2025-01-08T00:00:24Z,47.56896,-122.34792,0.0,197.9,272,36,10,3,
338104962,2025-01-08T00:00:07Z,48.99241,-122.75617,0.0,194.5,,37,16,5,
368272380,2025-01-08T00:00:34Z,47.25633,-122.43516,0.0,18.9,,36,12,4,
316019565,2025-01-08T00:02:35Z,48.65205,-123.39502,0.0,255.9,,40,10,4,
367348670,2025-01-08T00:00:40Z,33.61079,-117.92391,0.2,339.0,,36,16,6,
368093210,2025-01-08T00:00:44Z,33.61576,-117.90617,0.0,,,37,17,5,
338466961,2025-01-08T00:00:47Z,33.72829,-118.06016,0.0,87.1,,37,13,6,
366862710,2025-01-08T00:01:13Z,38.24047,-90.36501,4.3,352.7,352,52,200,35,3.6
368377150,2025-01-08T00:00:55Z,47.24696,-122.43126,0.0,223.9,171,37,18,4,
367178390,2025-01-08T00:00:55Z,37.78488,-122.26527,0.0,236.6,,37,15,4,
368242770,2025-01-08T00:01:29Z,30.75741,-88.05039,0.0,0.0,283,52,224,22,2.8
367699890,2025-01-08T00:01:18Z,38.78278,-75.12023,0.1,90.3,,50,16,6,
368076430,2025-01-08T00:01:07Z,36.79551,-76.29242,0.0,113.0,31,31,61,12,4.3
367437150,2025-01-08T00:01:13Z,29.74255,-95.19736,0.0,282.7,,31,27,9,3.1
477142400,2025-01-08T00:01:09Z,29.53649,-94.89834,11.1,147.0,149,80,160,25,5.7
366693850,2025-01-08T00:01:01Z,26.07558,-80.11458,3.8,185.2,5,52,30,12,6.5
367643740,2025-01-08T00:01:12Z,29.14121,-90.21381,0.0,203.6,159,70,100,23,5.2
368112890,2025-01-08T00:01:14Z,21.29238,-157.85952,0.1,12.0,,70,63,14,13.0
369081000,2025-01-08T00:01:16Z,46.20114,-123.38712,0.0,49.2,229,32,39,10,4.6
368430000,2025-01-08T00:01:20Z,26.76649,-80.04695,0.0,270.7,172,52,120,12,
368113370,2025-01-08T00:01:24Z,30.20981,-91.03779,0.0,359.3,301,31,26,10,3.4
316019565,2025-01-08T00:01:25Z,48.65205,-123.39503,0.0,255.9,,40,10,4,
367357310,2025-01-08T00:00:35Z,30.80156,-81.51701,0.0,,,31,32,12,5.3
368167820,2025-01-08T00:01:11Z,29.99659,-93.77548,7.4,240.3,243,52,115,34,2.7
367697080,2025-01-08T00:00:22Z,29.59907,-90.66467,6.6,104.5,,31,20,8,2.8
563207900,2025-01-08T00:01:06Z,29.74639,-95.1687,6.0,284.1,282,80,230,37,8.1
367006810,2025-01-08T00:01:12Z,30.38879,-91.2153,4.1,42.9,,31,15,7,
367159120,2025-01-08T00:00:02Z,36.83917,-76.29137,0.0,287.9,36,31,143,12,2.3
367532840,2025-01-08T00:00:04Z,30.0475,-90.51262,0.1,193.4,67,31,422,54,2.9
367608470,2025-01-08T00:00:05Z,29.72124,-95.27574,0.0,313.6,227,31,116,34,3.0
366820360,2025-01-08T00:00:09Z,30.0439,-90.64399,2.4,328.4,,31,28,8,
368234090,2025-01-08T00:00:12Z,26.09751,-80.16313,0.0,126.4,86,37,38,8,
366673090,2025-01-08T00:00:17Z,47.65309,-122.59456,7.8,348.2,358,52,24,8,3.0
366785960,2025-01-08T00:00:18Z,29.5668,-90.71527,0.0,289.8,,52,18,8,1.0
367501920,2025-01-08T00:00:33Z,40.53536,-79.77526,8.8,248.9,,31,25,9,2.7
368261750,2025-01-08T00:00:35Z,28.62065,-80.29237,9.6,344.3,344,57,220,15,7.5
636023154,2025-01-08T00:00:49Z,29.62826,-89.91232,0.0,188.9,306,70,180,32,7.0
636019986,2025-01-08T00:00:35Z,47.26143,-122.38761,0.0,309.0,312,71,332,48,13.2
368303720,2025-01-08T00:01:05Z,27.8208,-97.20339,0.0,98.3,285,52,28,13,6.5
366222630,2025-01-08T00:00:08Z,38.95858,-74.86697,0.0,127.7,26,30,40,10,5.0
368127000,2025-01-08T00:00:25Z,48.47722,-126.70921,9.4,88.3,98,80,251,44,14.3
367650190,2025-01-08T00:00:32Z,30.02219,-93.9838,0.0,297.3,264,31,27,9,3.0
367304990,2025-01-08T00:00:49Z,37.92171,-122.40917,0.0,230.3,320,31,38,11,5.0
367492920,2025-01-08T00:01:02Z,33.62522,-118.18712,10.7,316.9,322,90,31,8,
367520270,2025-01-08T00:00:02Z,38.43142,-82.60039,5.8,344.1,,31,215,34,2.9
367376340,2025-01-08T00:00:02Z,46.5001,-84.33805,0.0,222.6,,31,23,6,3.0
367109720,2025-01-08T00:00:07Z,30.06042,-90.8574,4.1,88.4,49,31,30,10,
367426830,2025-01-08T00:00:07Z,30.04519,-90.54493,0.1,267.4,,31,19,7,3.0
538006153,2025-01-08T00:00:07Z,29.94918,-93.86399,0.0,259.1,199,90,66,16,4.2
367171050,2025-01-08T00:00:04Z,30.51386,-91.22442,0.0,274.9,,52,16,7,2.4
367793980,2025-01-08T00:00:05Z,41.68084,-83.48198,0.0,321.2,140,52,19,7,
311708000,2025-01-08T00:01:04Z,18.48335,-63.85972,12.6,319.0,318,80,229,32,11.5
366973590,2025-01-08T00:00:08Z,29.31337,-94.77875,0.0,235.0,133,50,17,11,2.0
366963340,2025-01-08T00:01:08Z,30.04915,-90.53686,0.0,202.0,280,31,79,12,2.9
367706830,2025-01-08T00:00:01Z,29.92712,-90.21858,1.4,140.4,,52,20,10,2.8
367166940,2025-01-08T00:00:03Z,38.84872,-90.10977,5.7,308.8,307,31,123,18,2.6
338765000,2025-01-08T00:00:53Z,29.12212,-90.20687,0.0,,0,31,153,16,7.0
366074000,2025-01-08T00:00:03Z,29.68132,-95.00852,0.0,,,60,29,10,
369494411,2025-01-08T00:00:52Z,41.27255,-72.90469,0.1,246.3,287,51,15,5,1.0
367087240,2025-01-08T00:00:02Z,40.94776,-73.07032,0.0,306.4,,60,100,30,
367558150,2025-01-08T00:00:16Z,29.95649,-90.30046,0.0,46.3,221,31,113,18,3.4
367331730,2025-01-08T00:00:05Z,46.16839,-123.91838,0.0,350.1,350,50,22,7,1.0
368160690,2025-01-08T00:01:13Z,30.49981,-81.46565,0.0,,,10,38,12,
368034730,2025-01-08T00:00:05Z,30.08024,-94.08494,0.0,315.8,27,52,23,10,2.9
367502540,2025-01-08T00:00:07Z,35.10594,-90.08458,0.0,233.7,277,31,127,18,2.8
367512920,2025-01-08T00:00:01Z,30.02198,-93.98722,0.0,331.6,345,52,26,12,2.6
367612310,2025-01-08T00:00:05Z,29.13125,-90.19984,0.0,193.6,159,70,100,15,4.1
636020787,2025-01-08T00:01:05Z,32.38305,-118.77399,10.9,61.6,64,74,231,31,11.9
563142800,2025-01-08T00:00:03Z,33.64595,-120.03307,8.8,94.0,95,74,304,40,13.0
311001253,2025-01-08T00:01:10Z,20.74355,-67.98248,17.2,131.3,129,60,324,44,8.4
367331210,2025-01-08T00:00:03Z,30.42485,-88.51252,0.0,282.3,,30,49,9,
367338430,2025-01-08T00:01:10Z,29.96037,-90.23355,4.7,312.5,,31,19,8,2.8
368169220,2025-01-08T00:01:14Z,29.873,-90.07074,0.0,85.8,,52,22,8,2.5
368111750,2025-01-08T00:00:35Z,27.86583,-97.04705,0.0,312.5,200,57,118,17,3.3
367421310,2025-01-08T00:00:12Z,38.83246,-82.15296,0.0,346.7,35,52,46,12,2.9
367636710,2025-01-08T00:00:01Z,39.25787,-76.5702,8.6,316.1,315,52,30,12,4.8
636093305,2025-01-08T00:00:25Z,31.96545,-80.42568,0.2,112.4,358,71,300,42,11.3
209677000,2025-01-08T00:00:38Z,37.20062,-76.10258,0.4,191.5,298,70,225,32,7.5
367424810,2025-01-08T00:01:04Z,34.14435,-119.21192,0.2,44.1,203,52,18,8,
636022754,2025-01-08T00:01:08Z,34.5127,-122.85231,16.6,268.6,272,70,200,32,7.8
339302000,2025-01-08T00:00:28Z,18.46313,-66.10315,0.0,114.0,31,37,110,16,4.4
367535290,2025-01-08T00:01:05Z,31.01395,-91.61342,0.0,238.2,250,31,367,,3.3
367393330,2025-01-08T00:01:11Z,36.82418,-76.2891,0.0,204.8,,80,25,8,1.7
367774360,2025-01-08T00:00:02Z,26.09346,-80.11931,2.1,71.0,207,31,23,20,6.0
367316450,2025-01-08T00:00:04Z,40.71701,-73.97399,0.1,347.6,,31,33,8,
368382440,2025-01-08T00:01:09Z,36.91638,-76.33771,1.5,137.1,297,52,26,11,5.0
367426830,2025-01-08T00:01:16Z,30.0452,-90.54491,0.0,310.7,,31,19,7,3.0
367513150,2025-01-08T00:00:23Z,46.09057,-122.93224,0.0,247.2,,52,26,8,2.7
338919000,2025-01-08T00:00:28Z,29.31264,-94.81889,0.0,0.0,285,70,164,24,8.7
368271280,2025-01-08T00:00:08Z,39.21132,-76.57769,0.0,209.2,222,33,76,23,
235007200,2025-01-08T00:00:32Z,37.54101,-76.3403,0.0,,,99,14,,3.0
367376370,2025-01-08T00:00:08Z,41.49138,-81.72031,0.0,0.0,,31,24,6,
367683810,2025-01-08T00:00:19Z,29.23711,-89.36139,0.0,287.0,,60,20,5,1.5
369564000,2025-01-08T00:00:01Z,27.92273,-82.44646,0.0,312.0,51,52,28,11,6.0
366992070,2025-01-08T00:00:02Z,29.25128,-89.35811,0.0,287.9,,31,67,26,
368057340,2025-01-08T00:00:03Z,40.84192,-72.48606,0.0,216.2,264,57,16,6,
367649760,2025-01-08T00:00:04Z,41.72425,-87.54009,0.0,225.2,,31,27,6,0.4
367609130,2025-01-08T00:01:20Z,47.66273,-122.38749,0.0,239.5,117,30,34,10,3.4
367325490,2025-01-08T00:00:09Z,41.71688,-87.54042,0.0,135.0,,31,18,7,2.0
316004950,2025-01-08T00:01:11Z,47.00241,-91.6762,0.1,86.1,323,70,193,22,6.2
367433780,2025-01-08T00:00:16Z,21.30634,-157.86494,0.1,,,60,71,14,
366983140,2025-01-08T00:01:29Z,30.04241,-90.84126,0.0,355.8,,52,32,8,
366995370,2025-01-08T00:00:00Z,30.37392,-91.23914,0.2,116.1,33,52,21,8,3.1
367541980,2025-01-08T00:01:18Z,30.25286,-88.60675,6.6,91.0,84,31,114,18,3.0
368228180,2025-01-08T00:00:03Z,41.72471,-87.54001,0.0,3.6,,52,20,7,
368371570,2025-01-08T00:00:04Z,39.27251,-74.97985,0.1,121.0,,30,48,12,3.0
368150510,2025-01-08T00:00:03Z,40.43267,-74.08075,0.0,,,31,19,8,
368148790,2025-01-08T00:00:05Z,29.70071,-95.01114,5.3,102.4,99,52,20,10,2.7
338227000,2025-01-08T00:01:07Z,40.63867,-125.61502,13.3,178.1,176,80,183,32,11.8
368116690,2025-01-08T00:01:10Z,29.63828,-91.08812,0.0,0.0,,52,15,6,
367498910,2025-01-08T00:00:09Z,29.62408,-91.04009,4.2,263.1,,52,22,9,2.5
368247290,2025-01-08T00:01:27Z,29.99706,-90.7942,4.1,229.3,,57,146,44,3.0
366898790,2025-01-08T00:00:10Z,30.258,-88.11618,0.1,223.6,,60,12,5,
368365320,2025-01-08T00:01:32Z,30.04892,-89.81852,5.2,58.8,,57,37,10,2.5
367788290,2025-01-08T00:00:39Z,30.13931,-89.64905,7.2,238.4,,31,14,5,11.0
367304260,2025-01-08T00:01:34Z,29.61444,-95.00735,0.0,218.0,,31,17,6,5.2
366993420,2025-01-08T00:00:42Z,28.43582,-96.42064,4.7,66.6,65,31,23,8,2.5
368218350,2025-01-08T00:00:25Z,30.01672,-93.98143,0.0,94.9,30,57,40,10,3.0
368234960,2025-01-08T00:01:34Z,30.28939,-88.12811,8.9,66.3,,52,18,8,
367189510,2025-01-08T00:00:37Z,27.86817,-97.046,0.1,228.0,19,31,114,34,3.1
369493684,2025-01-08T00:01:38Z,30.25133,-88.0791,0.0,,,51,14,4,1.0
367636710,2025-01-08T00:01:07Z,39.2599,-76.57229,8.3,332.7,335,52,30,12,4.8
241763000,2025-01-08T00:01:12Z,26.51108,-79.41447,11.0,184.7,183,80,274,48,9.5
367331210,2025-01-08T00:01:14Z,30.42486,-88.51247,0.0,283.3,,30,49,9,
367877000,2025-01-08T00:00:30Z,27.75838,-82.63108,0.0,270.0,,55,64,9,4.0
636018069,2025-01-08T00:00:42Z,47.5599,-122.52254,0.1,177.4,219,71,350,46,12.9
367468920,2025-01-08T00:00:10Z,29.94451,-90.17326,0.0,279.3,,31,16,7,
367655770,2025-01-08T00:00:17Z,27.74748,-82.72221,0.0,307.6,48,37,32,8,2.0
316020878,2025-01-08T00:00:00Z,48.43272,-123.37237,0.0,331.9,44,31,21,7,4.2
367317270,2025-01-08T00:00:00Z,30.05151,-90.64336,0.0,286.2,,52,29,11,4.3
367086440,2025-01-08T00:00:02Z,29.13221,-91.18043,0.0,344.2,,90,30,8,
338142000,2025-01-08T00:00:02Z,47.91476,-122.51817,8.2,140.7,157,59,25,8,2.5
366695810,2025-01-08T00:00:04Z,47.63063,-122.38407,0.0,234.1,357,31,24,9,4.5
367471910,2025-01-08T00:00:06Z,30.02014,-93.98943,0.0,139.1,,31,24,10,3.0
367182730,2025-01-08T00:00:05Z,29.73071,-93.87101,0.0,285.8,,52,21,8,2.4
366904930,2025-01-08T00:00:08Z,46.23461,-84.10993,6.5,17.4,15,70,213,23,6.7
319232100,2025-01-08T00:00:02Z,25.80005,-80.25128,0.0,285.1,41,37,37,7,2.5
357777000,2025-01-08T00:00:04Z,45.35965,-125.29021,11.5,178.9,179,70,209,32,7.6
368139280,2025-01-08T00:00:02Z,41.90771,-74.00388,0.1,261.0,,52,32,12,4.9
367777970,2025-01-08T00:00:02Z,29.72827,-95.02165,0.2,332.5,64,33,33,10,
367347670,2025-01-08T00:00:03Z,40.40954,-73.99632,0.1,257.1,292,60,42,10,
636023386,2025-01-08T00:00:03Z,27.78158,-96.86027,0.9,339.8,3,80,183,32,9.3
367654230,2025-01-08T00:00:09Z,29.86002,-90.01658,0.0,326.6,,76,59,12,3.3
367694730,2025-01-08T00:00:31Z,29.30836,-94.80196,0.0,241.0,94,52,24,12,5.3
538011439,2025-01-08T00:00:38Z,29.6854,-91.17424,0.0,62.1,95,70,68,15,3.0
367361740,2025-01-08T00:00:38Z,29.70478,-95.04599,0.0,273.2,,31,32,9,3.0
563619000,2025-01-08T00:00:48Z,30.15716,-93.32958,0.0,135.9,239,80,183,32,8.0
368143050,2025-01-08T00:01:10Z,40.65584,-74.05508,17.5,204.8,207,69,98,21,4.0
367468920,2025-01-08T00:01:11Z,29.9445,-90.17328,0.1,271.6,,31,16,7,
367473530,2025-01-08T00:01:10Z,32.42865,-80.66463,0.5,325.0,,31,16,8,2.6
367164240,2025-01-08T00:01:11Z,29.96671,-93.85852,0.0,259.0,,52,28,10,4.2
367102610,2025-01-08T00:00:12Z,31.14855,-87.96928,0.0,25.3,303,52,95,22,3.1
367317270,2025-01-08T00:01:10Z,30.0515,-90.64334,0.0,272.9,,52,29,11,4.3
366981360,2025-01-08T00:01:15Z,37.80894,-122.41088,0.1,,,60,29,9,3.0
636023386,2025-01-08T00:01:17Z,27.78207,-96.86043,1.9,341.6,350,80,183,32,9.3
368212210,2025-01-08T00:00:38Z,28.41237,-80.61141,0.0,,,52,17,9,6.0
368159190,2025-01-08T00:01:11Z,33.73718,-118.21692,1.5,85.4,67,50,21,6,
338517000,2025-01-08T00:01:01Z,29.13014,-90.19947,0.0,342.7,341,70,85,20,3.5
368067930,2025-01-08T00:01:13Z,29.93825,-90.22257,0.0,63.6,,52,22,10,2.9
367347670,2025-01-08T00:01:12Z,40.4095,-73.99629,0.1,252.5,292,60,42,10,
367314430,2025-01-08T00:01:14Z,30.3875,-86.94737,6.9,265.8,262,31,222,12,2.9
366899260,2025-01-08T00:01:02Z,34.14379,-119.42517,21.7,49.9,,60,20,7,2.4
367566160,2025-01-08T00:01:25Z,29.59426,-91.15912,3.8,234.9,,52,17,7,4.0
366999520,2025-01-08T00:01:28Z,34.96466,-90.28456,0.0,210.9,309,99,22,6,1.4
229454000,2025-01-08T00:01:30Z,37.19228,-122.73618,1.4,109.1,63,71,366,51,12.1
367577510,2025-01-08T00:01:14Z,30.25187,-88.08184,0.4,262.8,,60,37,12,
368886000,2025-01-08T00:01:17Z,39.88476,-75.18474,0.0,,356,40,103,29,4.2
367657950,2025-01-08T00:01:17Z,32.08636,-81.09517,0.0,70.5,,52,20,7,2.3
367532850,2025-01-08T00:01:26Z,34.83956,-90.3729,4.0,62.5,63,31,365,43,2.9
338990000,2025-01-08T00:01:28Z,40.81162,-73.76547,0.0,0.0,1,90,54,10,3.7
367177370,2025-01-08T00:01:30Z,42.60941,-73.76238,0.0,321.9,7,31,29,10,4.0
367362710,2025-01-08T00:01:11Z,30.04609,-90.48239,3.2,309.1,315,52,28,10,2.4
367057650,2025-01-08T00:02:39Z,30.68876,-91.34727,8.2,173.1,171,31,483,55,3.2
368333870,2025-01-08T00:02:40Z,47.58943,-122.3497,0.0,51.0,177,52,25,13,5.2
367114740,2025-01-08T00:01:37Z,41.21177,-73.05168,0.0,225.8,304,38,15,4,1.8
368365320,2025-01-08T00:02:41Z,30.04978,-89.81682,5.3,60.9,,57,37,10,2.5
367724780,2025-01-08T00:02:47Z,30.04198,-91.26166,0.0,201.1,325,31,302,18,3.1
636021084,2025-01-08T00:02:30Z,32.08285,-80.99077,0.0,352.3,262,80,299,46,10.6
367614860,2025-01-08T00:02:32Z,29.99492,-93.77787,4.4,68.9,58,31,120,34,2.9
367789330,2025-01-08T00:02:30Z,28.66685,-96.00804,0.0,284.2,,31,15,6,
367765240,2025-01-08T00:02:33Z,37.77739,-122.30061,3.9,272.6,113,60,41,12,2.1
367566160,2025-01-08T00:02:34Z,29.59368,-91.16036,3.7,243.5,,52,17,7,4.0
367395270,2025-01-08T00:01:28Z,29.3086,-94.82147,0.0,170.6,190,52,26,10,3.2
367649170,2025-01-08T00:01:11Z,29.91409,-92.59789,6.0,107.2,100,31,23,10,2.6
367796070,2025-01-08T00:00:36Z,28.99258,-95.25667,0.0,319.3,219,31,205,18,2.7
367730190,2025-01-08T00:00:57Z,29.14142,-90.21209,0.0,153.8,163,60,52,9,
367548170,2025-01-08T00:01:09Z,30.06175,-94.0564,0.0,296.0,,31,20,6,
368330770,2025-01-08T00:01:10Z,29.76692,-95.101,0.0,340.8,235,57,21,9,3.0
212040000,2025-01-08T00:01:24Z,42.47457,-70.08533,2.3,63.1,352,77,182,29,7.3
368391490,2025-01-08T00:01:26Z,30.67249,-88.03466,0.0,,,52,16,6,
368015740,2025-01-08T00:01:22Z,36.8496,-76.31518,0.0,9.1,9,52,18,6,2.6
368351390,2025-01-08T00:01:30Z,42.35437,-71.04169,8.7,23.2,,60,21,6,2.0
316024235,2025-01-08T00:01:32Z,49.16933,-123.88711,2.4,133.6,,31,15,6,3.6
367093520,2025-01-08T00:01:40Z,30.39296,-81.40509,0.0,258.3,,31,32,14,0.6
319091800,2025-01-08T00:01:42Z,23.42313,-81.26201,10.6,270.5,268,82,186,32,9.0
316005607,2025-01-08T00:01:45Z,48.92607,-123.71385,0.0,0.0,353,31,15,7,2.4
367779980,2025-01-08T00:01:49Z,48.68057,-123.41521,0.0,279.2,,37,24,7,1.7
367612470,2025-01-08T00:01:15Z,28.86865,-90.12097,1.6,42.3,40,70,100,20,5.0
366951230,2025-01-08T00:01:19Z,30.04512,-90.54053,0.0,79.1,275,31,489,55,3.5
367699340,2025-01-08T00:01:25Z,38.45309,-82.60349,0.0,90.9,172,31,354,33,2.6
367023390,2025-01-08T00:01:29Z,30.03566,-90.69582,0.1,276.2,,30,15,5,
316014646,2025-01-08T00:01:43Z,49.20146,-123.03542,0.0,356.7,101,32,15,6,3.6
367424090,2025-01-08T00:01:25Z,38.3351,-82.58459,0.0,,,31,20,7,
368190090,2025-01-08T00:01:29Z,27.84849,-97.2222,0.0,,,52,10,8,
367104940,2025-01-08T00:01:44Z,47.33693,-122.58173,0.0,,,37,13,4,1.8
368386160,2025-01-08T00:01:22Z,29.64639,-90.27759,4.7,267.5,,52,15,8,1.8
367546860,2025-01-08T00:01:26Z,35.08313,-90.14173,0.0,288.8,,31,16,8,
368352590,2025-01-08T00:01:27Z,29.68016,-91.22244,0.0,301.3,,52,16,11,2.0
367675910,2025-01-08T00:01:31Z,29.82576,-91.82686,4.9,350.4,355,31,215,34,3.0
368039240,2025-01-08T00:01:11Z,35.0827,-90.14166,0.0,173.6,,52,24,,
316005494,2025-01-08T00:01:37Z,49.2051,-123.05493,0.0,113.6,,52,19,6,4.0
367548170,2025-01-08T00:02:29Z,30.06179,-94.0564,0.1,299.8,,31,20,6,
366996290,2025-01-08T00:02:33Z,29.73294,-95.02066,0.0,32.0,21,52,21,9,2.8
368209880,2025-01-08T00:02:30Z,29.77369,-93.34139,0.0,0.2,87,52,30,12,6.0
366773040,2025-01-08T00:02:34Z,47.52781,-122.45049,15.3,276.6,278,60,100,24,
367649170,2025-01-08T00:02:32Z,29.91351,-92.59539,5.9,104.7,96,31,23,10,2.6
339312000,2025-01-08T00:00:46Z,26.09826,-80.16557,0.0,239.1,323,37,40,8,2.6
339274000,2025-01-08T00:00:55Z,26.00209,-80.12229,0.1,213.2,,37,30,8,2.2
367301450,2025-01-08T00:01:09Z,45.58096,-122.76028,0.0,124.0,124,31,30,9,2.2
367154130,2025-01-08T00:01:10Z,29.78156,-92.18557,0.0,,,60,43,9,
367003780,2025-01-08T00:01:11Z,29.81822,-93.97801,0.0,313.0,72,52,22,10,3.0
319121000,2025-01-08T00:00:02Z,28.42982,-96.3312,10.4,136.2,135,80,112,20,6.7
369493143,2025-01-08T00:00:04Z,33.89385,-78.03324,0.0,296.6,,51,14,4,1.0
538071537,2025-01-08T00:01:00Z,26.09745,-80.16804,0.0,245.8,,37,23,10,
338438943,2025-01-08T00:00:43Z,47.25429,-122.43255,0.0,0.0,,51,16,5,1.0
367698030,2025-01-08T00:00:59Z,29.31041,-93.4053,2.9,92.5,,30,32,8,
310594000,2025-01-08T00:01:17Z,17.69877,-64.75041,0.0,350.2,155,83,285,43,9.3
367710960,2025-01-08T00:00:31Z,28.40068,-96.50031,5.8,63.4,64,31,113,18,2.4
368252310,2025-01-08T00:01:05Z,37.51331,-122.19511,0.0,,,36,14,4,
367313850,2025-01-08T00:01:05Z,28.94343,-95.30575,12.8,132.4,131,60,13,4,2.5
368210340,2025-01-08T00:00:38Z,28.91165,-95.35761,0.0,2.0,268,52,22,10,2.8
366962130,2025-01-08T00:00:04Z,40.60292,-74.20299,0.2,117.3,,30,19,6,
367003360,2025-01-08T00:01:22Z,29.5807,-94.93202,6.5,327.5,,52,22,10,3.0
368371750,2025-01-08T00:00:21Z,47.62961,-122.39056,0.0,357.4,87,37,12,4,
367567350,2025-01-08T00:01:10Z,38.77753,-90.1281,0.0,140.2,,31,29,9,3.0
368145210,2025-01-08T00:00:27Z,26.57795,-80.0397,0.0,,,37,20,6,
368044440,2025-01-08T00:00:29Z,29.75728,-95.09489,2.0,26.5,19,52,114,18,2.6
338432757,2025-01-08T00:00:27Z,33.72419,-118.28149,0.1,,,37,13,4,
538007571,2025-01-08T00:00:41Z,30.05431,-90.49398,0.0,284.1,266,70,177,28,6.3
338494694,2025-01-08T00:00:29Z,34.24393,-119.26318,0.1,282.7,,30,12,12,
368110190,2025-01-08T00:00:53Z,39.89057,-75.19364,0.0,117.0,32,52,30,12,2.6
338468375,2025-01-08T00:00:34Z,47.52786,-122.31226,0.0,,,36,11,4,
368002440,2025-01-08T00:01:06Z,25.32203,-80.27313,0.0,23.1,,37,26,6,
367370870,2025-01-08T00:00:34Z,48.75487,-122.49786,0.0,,,60,19,5,
368052540,2025-01-08T00:01:14Z,35.13227,-76.50473,5.3,29.2,28,52,17,8,
368340560,2025-01-08T00:00:41Z,47.65472,-122.20679,0.5,89.2,,37,17,5,
368288140,2025-01-08T00:01:29Z,30.27943,-87.68524,2.9,269.0,270,31,38,,3.0
367749030,2025-01-08T00:00:41Z,27.73989,-82.69563,0.0,11.6,,36,12,4,
368241370,2025-01-08T00:00:41Z,27.92846,-82.42726,0.7,151.3,,30,25,7,
369493627,2025-01-08T00:01:14Z,20.79195,-156.51141,0.0,334.8,,51,14,4,1.0
367793030,2025-01-08T00:01:01Z,47.68594,-122.40512,1.3,159.6,,37,10,3,
368181060,2025-01-08T00:00:54Z,26.11192,-80.10725,0.0,126.8,,37,23,6,
316049371,2025-01-08T00:01:17Z,49.49018,-123.466,8.3,168.1,169,52,23,12,5.0
368119620,2025-01-08T00:00:53Z,26.83317,-80.0556,2.4,188.4,216,37,22,6,
338515319,2025-01-08T00:00:56Z,29.89399,-81.29331,0.0,252.6,45,37,14,4,
367157570,2025-01-08T00:01:17Z,40.63679,-74.07185,0.1,30.0,89,52,24,7,
338135376,2025-01-08T00:01:03Z,47.39251,-122.46379,0.0,0.0,,37,19,6,
367649360,2025-01-08T00:01:20Z,29.79029,-95.07082,0.0,202.3,154,52,22,10,3.1
368230510,2025-01-08T00:01:24Z,26.70358,-80.04547,0.0,185.3,182,37,36,8,2.2
367718490,2025-01-08T00:01:27Z,34.73322,-90.45706,3.7,55.0,43,31,268,23,3.1
368200880,2025-01-08T00:01:28Z,35.08263,-90.14261,0.0,0.0,33,56,31,8,
368293190,2025-01-08T00:01:11Z,29.70608,-95.03746,0.0,5.0,190,52,116,34,3.2
367501660,2025-01-08T00:01:17Z,29.30886,-94.81022,0.0,257.1,92,31,208,18,2.5
368344610,2025-01-08T00:01:17Z,41.61253,-71.40892,0.0,312.8,208,40,30,11,
368132210,2025-01-08T00:01:04Z,29.15065,-89.2125,0.0,,,37,20,10,
269056000,2025-01-08T00:01:05Z,27.93592,-82.44517,0.0,127.4,199,70,190,32,10.3
368286760,2025-01-08T00:01:18Z,30.11063,-90.99831,0.0,334.7,258,30,150,33,2.5
367004080,2025-01-08T00:01:24Z,30.28183,-88.64385,7.6,89.3,86,52,22,10,3.3
319253800,2025-01-08T00:00:08Z,26.32493,-80.0884,0.0,,73,37,,,
367601830,2025-01-08T00:00:08Z,48.51353,-122.6077,0.0,250.6,,37,15,5,
367638090,2025-01-08T00:01:11Z,29.99136,-90.42287,0.0,148.4,281,31,358,54,2.8
367707370,2025-01-08T00:00:08Z,48.23367,-125.70425,2.2,355.2,15,30,19,6,
368359620,2025-01-08T00:01:16Z,29.65702,-94.96995,2.3,115.9,,52,20,7,
338354382,2025-01-08T00:00:35Z,34.24296,-119.26233,0.0,,,37,14,5,
368257440,2025-01-08T00:00:45Z,26.11446,-80.10951,0.0,,,37,34,8,
367557690,2025-01-08T00:00:52Z,39.15313,-76.49994,0.0,217.4,,37,16,4,
367177840,2025-01-08T00:02:06Z,39.88055,-75.14873,7.4,76.3,75,52,30,8,3.9
338509989,2025-01-08T00:00:52Z,31.1667,-81.41451,0.0,,,36,13,5,
368258580,2025-01-08T00:01:12Z,27.83817,-97.05232,0.0,341.1,133,,23,7,
369494407,2025-01-08T00:01:12Z,38.94851,-74.88973,0.1,112.7,,51,15,5,1.6
367131000,2025-01-08T00:01:40Z,29.79351,-93.95652,0.0,180.4,247,33,67,16,
367649360,2025-01-08T00:02:30Z,29.79028,-95.07081,0.0,202.3,155,52,22,10,3.1
636020333,2025-01-08T00:02:31Z,25.05703,-79.68256,15.2,9.4,7,70,229,32,14.0
368132340,2025-01-08T00:02:34Z,29.59448,-90.66339,0.0,304.8,112,30,205,44,2.5
368292360,2025-01-08T00:01:03Z,48.42707,-123.38292,0.0,82.5,221,37,21,7,
367156340,2025-01-08T00:02:34Z,45.65198,-124.01968,8.2,354.3,355,30,22,8,
304571000,2025-01-08T00:02:35Z,29.749,-95.109,0.0,118.0,241,79,138,22,7.4
368156340,2025-01-08T00:01:04Z,47.66634,-122.38813,0.0,189.4,,37,15,4,
338388697,2025-01-08T00:00:11Z,47.64414,-122.31625,0.0,,,37,13,4,
367496820,2025-01-08T00:00:22Z,47.24504,-122.43195,0.0,158.1,,37,20,6,
338174000,2025-01-08T00:02:37Z,29.14588,-90.20999,0.0,351.8,335,70,88,18,4.5
367565130,2025-01-08T00:00:24Z,38.95821,-74.86732,0.0,49.1,,30,24,9,
368037610,2025-01-08T00:01:06Z,18.22514,-65.62112,5.9,13.6,14,60,24,9,2.1
367161060,2025-01-08T00:01:24Z,41.31399,-70.64836,2.3,126.1,,30,23,6,
367373630,2025-01-08T00:01:09Z,40.69955,-74.15094,0.0,70.9,298,52,27,9,3.5
366972270,2025-01-08T00:02:34Z,29.40443,-94.74776,0.0,281.9,,31,17,9,3.0
367410250,2025-01-08T00:01:20Z,30.74649,-88.03831,0.0,,,52,14,7,2.0
378113583,2025-01-08T00:02:28Z,18.31107,-64.6274,0.0,,84,37,16,10,
368047220,2025-01-08T00:02:27Z,30.13179,-91.02537,0.0,228.2,,52,23,9,
368156190,2025-01-08T00:01:22Z,29.3119,-94.80312,0.0,288.5,353,57,311,12,3.0
367340290,2025-01-08T00:01:44Z,47.67793,-122.40818,0.0,,,36,11,4,
368255780,2025-01-08T00:01:18Z,30.6835,-81.53236,0.0,,,36,12,7,
338172000,2025-01-08T00:01:22Z,34.17446,-119.71056,9.5,286.9,285,71,255,40,12.1
368014640,2025-01-08T00:01:18Z,21.00223,-158.14654,4.4,222.8,,30,72,,
368142150,2025-01-08T00:01:25Z,29.30153,-94.83556,0.0,330.4,,31,18,6,
367612650,2025-01-08T00:01:20Z,34.24341,-119.26411,0.0,257.9,,30,18,5,
367120990,2025-01-08T00:01:25Z,46.75189,-92.13553,0.0,136.7,135,70,305,32,
367028770,2025-01-08T00:01:43Z,29.54612,-90.7006,0.0,274.3,,31,30,9,2.0
538008831,2025-01-08T00:02:27Z,27.71064,-94.40804,11.1,135.5,119,80,183,32,11.2
368159360,2025-01-08T00:01:23Z,31.16677,-81.41523,0.0,174.0,,36,14,8,
367103120,2025-01-08T00:02:29Z,29.25577,-89.35539,0.0,259.5,,99,36,7,2.8
316053863,2025-01-08T00:01:06Z,49.29049,-123.0605,0.0,222.1,324,52,23,12,
368156190,2025-01-08T00:02:31Z,29.31189,-94.80315,0.0,288.5,353,57,311,12,3.0
367702530,2025-01-08T00:02:32Z,30.01318,-90.74368,0.0,260.8,266,31,21,9,3.0
338459582,2025-01-08T00:01:25Z,47.67973,-122.40804,0.0,307.7,,36,,,
367999960,2025-01-08T00:01:25Z,48.53724,-123.01484,0.4,184.7,,37,18,6,
316028554,2025-01-08T00:01:27Z,49.29906,-123.09233,11.1,43.4,45,60,34,12,
338330532,2025-01-08T00:01:09Z,34.40706,-119.68943,0.1,,,37,18,5,
366796250,2025-01-08T00:01:29Z,26.7662,-80.04736,0.0,232.2,,33,69,20,
338137334,2025-01-08T00:01:10Z,33.76302,-118.11618,0.0,0.0,,37,13,3,
368287890,2025-01-08T00:01:31Z,47.39932,-122.32945,0.0,275.2,,37,7,2,
378113372,2025-01-08T00:01:31Z,26.28422,-80.08329,0.0,22.6,,37,25,4,
368353990,2025-01-08T00:01:36Z,47.40084,-122.33037,0.1,356.0,,37,16,5,
338330284,2025-01-08T00:01:15Z,35.10295,-77.03907,0.0,,,37,14,6,
368302710,2025-01-08T00:01:37Z,48.12497,-123.45203,0.0,,,37,20,5,
366987340,2025-01-08T00:01:38Z,36.96809,-76.41434,0.0,299.5,,30,25,8,
367656670,2025-01-08T00:01:16Z,29.74015,-95.16315,0.0,220.2,181,31,206,18,3.1
367467940,2025-01-08T00:01:38Z,31.04647,-81.42247,0.0,109.1,,37,20,5,
368268160,2025-01-08T00:00:07Z,45.2583,-85.18322,0.0,214.2,,32,30,10,3.0
368393630,2025-01-08T00:01:40Z,26.1205,-80.11993,0.0,17.2,,36,14,7,
338518674,2025-01-08T00:01:19Z,28.40619,-80.68019,0.0,,,37,18,5,
357847000,2025-01-08T00:01:46Z,46.04488,-122.88283,0.0,198.9,180,70,189,32,6.5
368353930,2025-01-08T00:02:28Z,18.30534,-65.29733,0.1,,,36,,,
261001141,2025-01-08T00:01:50Z,34.63549,-76.72727,4.8,225.6,225,36,9,3,
367762190,2025-01-08T00:01:52Z,46.27033,-123.94719,0.0,46.3,,30,12,7,
338134834,2025-01-08T00:02:33Z,25.5239,-80.17552,0.0,15.9,,37,8,3,
338164347,2025-01-08T00:01:53Z,47.64592,-122.31145,0.0,287.9,,37,16,5,
367702880,2025-01-08T00:02:30Z,25.93002,-80.14226,0.1,,,37,19,,1.8
367653860,2025-01-08T00:01:56Z,25.31112,-80.29852,1.5,297.9,,37,22,7,
367568460,2025-01-08T00:02:34Z,40.97923,-73.09801,15.3,337.3,,60,100,15,4.0
338478967,2025-01-08T00:02:35Z,25.72565,-80.23635,0.0,50.0,311,36,12,7,
636023062,2025-01-08T00:01:49Z,31.98895,-80.44873,0.0,354.4,354,71,353,43,11.8
367132730,2025-01-08T00:02:28Z,29.56855,-90.70413,0.0,285.4,,90,23,13,10.0
367120990,2025-01-08T00:00:15Z,46.75187,-92.13556,0.0,136.7,135,70,305,32,
338318838,2025-01-08T00:01:19Z,30.06061,-93.35271,0.8,,,36,13,6,
367347650,2025-01-08T00:01:09Z,40.41924,-74.03408,0.1,292.8,304,60,60,12,
368269780,2025-01-08T00:01:45Z,29.21687,-90.22201,0.0,328.4,259,70,43,12,3.0
367711290,2025-01-08T00:01:22Z,21.31629,-157.87855,0.1,78.9,,30,78,6,
367106130,2025-01-08T00:01:11Z,30.2894,-91.22318,0.1,284.4,300,31,42,9,3.0
368157130,2025-01-08T00:02:28Z,30.74409,-88.03948,4.8,17.6,18,57,22,9,3.0
367437380,2025-01-08T00:01:21Z,38.83352,-82.15205,0.0,311.5,41,31,24,9,2.9
366999663,2025-01-08T00:01:13Z,36.60874,-121.89142,0.0,164.7,,55,26,6,1.7
367599370,2025-01-08T00:01:25Z,46.73891,-92.0855,0.1,258.4,,30,25,8,2.0
367636460,2025-01-08T00:01:09Z,30.05732,-90.84376,0.0,314.0,25,31,239,33,3.3
367375730,2025-01-08T00:01:11Z,27.8814,-97.04458,0.0,273.5,347,52,22,10,3.0
367703560,2025-01-08T00:01:15Z,29.99356,-90.02123,0.0,257.8,69,31,23,11,2.8
367401320,2025-01-08T00:01:30Z,38.83849,-90.10549,0.0,84.5,357,31,24,10,2.7
367719010,2025-01-08T00:02:29Z,28.4091,-80.60099,0.6,,167,52,23,9,
366972430,2025-01-08T00:01:22Z,29.3145,-94.79287,0.0,347.4,241,52,16,8,2.2
366995810,2025-01-08T00:02:27Z,30.21587,-91.31734,0.0,0.2,353,52,28,10,2.7
368148180,2025-01-08T00:02:28Z,28.9424,-95.3275,0.0,342.6,28,52,114,34,3.3
366932120,2025-01-08T00:01:22Z,30.24637,-88.0387,8.6,176.5,177,52,37,11,5.0
367561370,2025-01-08T00:01:13Z,26.35836,-97.34897,0.0,33.8,261,52,25,12,2.6
367631740,2025-01-08T00:01:24Z,47.33642,-122.59025,0.0,64.2,,37,13,4,
319869000,2025-01-08T00:00:58Z,26.74883,-80.04983,0.0,88.0,180,37,51,10,3.5
368393370,2025-01-08T00:01:28Z,31.15466,-81.49965,0.0,,,36,16,5,
367690010,2025-01-08T00:00:33Z,28.95067,-95.33397,0.0,294.9,91,52,25,11,3.1
338101508,2025-01-08T00:01:30Z,48.75209,-122.48715,0.0,,,36,13,3,
366943960,2025-01-08T00:01:02Z,33.38614,-118.07205,28.0,78.0,,40,37,6,1.1
367325080,2025-01-08T00:01:12Z,24.56207,-81.80298,0.0,117.6,,37,17,6,
368350690,2025-01-08T00:01:12Z,33.72446,-118.07225,0.0,159.6,,37,15,5,
369002000,2025-01-08T00:01:01Z,36.8487,-76.2968,0.0,284.0,,36,30,8,2.4
366709000,2025-01-08T00:01:06Z,30.01847,-90.47375,15.5,186.8,186,32,212,32,11.2
367658140,2025-01-08T00:01:04Z,40.64105,-74.12905,0.0,159.2,173,52,165,24,
303398000,2025-01-08T00:01:08Z,47.98443,-122.2245,0.7,151.0,157,31,27,8,
367767250,2025-01-08T00:01:02Z,27.81051,-97.34881,0.3,152.4,,52,,,
338492616,2025-01-08T00:01:33Z,37.78451,-122.26772,0.0,,,36,12,6,
215507000,2025-01-08T00:01:10Z,31.89725,-80.57175,9.3,118.7,116,70,180,28,10.5
367410990,2025-01-08T00:01:06Z,30.22067,-89.23441,7.7,58.6,55,31,176,16,2.8
366986140,2025-01-08T00:01:02Z,30.42441,-88.513,0.0,347.3,33,30,50,12,
338124935,2025-01-08T00:02:01Z,24.56195,-81.80262,0.0,263.2,144,37,29,6,2.0
538071760,2025-01-08T00:01:14Z,26.13325,-80.11893,0.0,274.2,,30,19,6,
413349820,2025-01-08T00:01:15Z,32.89768,-120.04533,11.9,309.1,305,70,200,28,10.1
368344540,2025-01-08T00:01:16Z,32.6959,-117.15264,0.0,10.6,69,52,25,12,
367581680,2025-01-08T00:01:18Z,30.73425,-88.04107,0.0,4.1,182,31,16,7,2.1
377901104,2025-01-08T00:01:15Z,26.73956,-79.90174,11.6,105.0,115,70,92,22,3.4
367343420,2025-01-08T00:01:23Z,29.76643,-95.08995,1.0,153.7,109,31,17,6,2.3
367638150,2025-01-08T00:01:23Z,38.58673,-90.2019,0.1,321.7,37,31,471,43,3.1
367714460,2025-01-08T00:01:15Z,29.97164,-90.39915,0.0,,356,52,19,12,
367713670,2025-01-08T00:01:16Z,47.63117,-122.33088,0.0,190.3,,37,22,6,
367556670,2025-01-08T00:01:24Z,30.51662,-91.23577,0.0,138.4,68,52,20,10,3.1
367487960,2025-01-08T00:01:17Z,33.86245,-78.02643,0.0,120.0,,52,22,7,3.0
367444730,2025-01-08T00:00:38Z,29.74332,-95.10023,0.0,51.4,,31,21,8,2.6
367465570,2025-01-08T00:01:17Z,38.58783,-77.21391,0.1,244.8,,30,22,8,2.5
367597470,2025-01-08T00:01:23Z,25.7483,-80.17319,0.0,127.8,294,37,19,7,2.0
563050400,2025-01-08T00:01:06Z,28.72348,-79.94489,15.7,161.9,163,70,272,40,9.6
368173140,2025-01-08T00:01:27Z,38.92643,-82.11636,0.0,262.4,18,57,341,23,2.8
368099010,2025-01-08T00:01:14Z,29.44348,-94.69648,5.6,48.1,48,31,24,8,2.7
257850000,2025-01-08T00:00:55Z,21.95459,-159.35528,0.0,262.8,74,69,229,32,6.7
367640910,2025-01-08T00:00:32Z,29.12077,-90.21139,0.0,243.9,59,40,42,12,2.0
368071270,2025-01-08T00:01:14Z,30.03337,-90.83481,0.1,166.7,345,31,20,10,3.4
367614890,2025-01-08T00:01:06Z,29.82469,-93.96093,7.8,69.0,58,52,28,12,3.0
368221920,2025-01-08T00:01:23Z,29.69256,-89.36646,0.0,301.1,,52,18,9,
366913770,2025-01-08T00:00:10Z,30.55912,-87.2147,0.0,139.7,320,31,30,9,2.8
338224354,2025-01-08T00:01:38Z,47.64629,-122.31166,0.0,,,37,10,3,
367682660,2025-01-08T00:01:13Z,48.75222,-122.48592,0.0,0.0,,51,12,4,1.0
256764000,2025-01-08T00:00:57Z,29.73633,-95.27783,0.0,48.3,336,80,161,23,6.0
338300061,2025-01-08T00:01:41Z,32.71454,-117.23329,0.1,339.1,,36,13,3,
367386570,2025-01-08T00:01:36Z,30.02149,-91.25806,0.0,328.5,,52,20,9,2.9
368154910,2025-01-08T00:00:12Z,29.45541,-94.84497,17.0,335.0,,60,38,8,1.5
316016663,2025-01-08T00:00:24Z,49.19853,-122.94328,0.1,208.6,12,52,14,5,1.0
367005170,2025-01-08T00:01:46Z,29.74109,-95.11897,0.2,347.9,274,31,23,8,
368304220,2025-01-08T00:01:41Z,38.8319,-90.10723,0.0,299.7,21,52,33,11,3.1
367079510,2025-01-08T00:00:44Z,30.22256,-93.26608,0.0,311.0,37,31,115,34,2.6
368341080,2025-01-08T00:01:43Z,30.05977,-93.36026,3.9,268.9,266,31,24,10,3.3
367387060,2025-01-08T00:02:28Z,29.60303,-89.86677,0.0,146.7,,52,15,5,
367626030,2025-01-08T00:01:23Z,29.93227,-90.3269,0.5,103.0,,31,20,8,3.0
367311510,2025-01-08T00:02:29Z,30.054,-90.58017,2.6,188.0,196,52,22,9,2.7
366954170,2025-01-08T00:01:24Z,29.92251,-90.06255,0.0,338.7,,31,63,18,2.9
367704390,2025-01-08T00:01:19Z,30.23118,-93.26157,0.0,292.6,,31,27,11,3.1
367697440,2025-01-08T00:01:15Z,28.86597,-88.05753,0.2,258.1,219,99,87,16,4.0
338317464,2025-01-08T00:01:49Z,48.39602,-122.49509,0.2,,,37,10,3,
311050400,2025-01-08T00:01:15Z,32.86046,-79.9592,0.0,191.1,283,60,92,17,4.1
368056740,2025-01-08T00:02:27Z,32.85516,-79.95209,0.1,124.3,53,52,33,13,5.6
368087360,2025-01-08T00:00:27Z,29.70779,-90.30325,0.0,,,52,42,15,
367343420,2025-01-08T00:02:27Z,29.76612,-95.08957,1.7,126.3,51,31,17,6,2.3
368207380,2025-01-08T00:01:49Z,30.25582,-81.69414,0.0,,206,37,20,6,
368228680,2025-01-08T00:00:28Z,29.46798,-94.96218,0.0,,,69,18,6,1.5
367526550,2025-01-08T00:02:32Z,29.78326,-95.07275,0.0,350.0,223,52,24,11,3.1
338336006,2025-01-08T00:02:27Z,30.4021,-86.69513,0.0,,273,37,12,4,
566949000,2025-01-08T00:00:52Z,42.34207,-71.02822,0.0,114.8,89,74,335,46,11.7
316028504,2025-01-08T00:01:16Z,49.49229,-123.46646,8.8,160.7,159,52,29,10,4.6
367774160,2025-01-08T00:02:31Z,30.07966,-90.9036,0.0,276.7,337,31,415,55,3.2
338225719,2025-01-08T00:01:41Z,34.16722,-119.2234,0.1,16.9,,36,13,7,
367574560,2025-01-08T00:01:45Z,18.28683,-65.6325,0.0,152.6,,37,20,6,
316047639,2025-01-08T00:01:30Z,49.2987,-123.02852,0.0,249.9,183,70,49,13,2.3
368025560,2025-01-08T00:01:22Z,25.3129,-80.28105,0.0,271.1,274,37,34,8,
367505620,2025-01-08T00:00:11Z,29.94281,-91.84139,0.0,299.7,,60,37,8,2.0
368092860,2025-01-08T00:02:29Z,28.876,-95.43513,0.0,36.8,57,57,114,18,3.0
477286200,2025-01-08T00:00:14Z,40.6811,-74.14988,0.0,194.1,310,71,366,48,14.7
368382020,2025-01-08T00:02:31Z,29.78102,-95.10025,0.0,177.6,186,,1,,
563148200,2025-01-08T00:00:18Z,38.41103,-74.4981,2.8,160.6,48,71,254,32,10.2
368242390,2025-01-08T00:00:36Z,29.14717,-95.1564,6.5,233.5,232,52,112,18,3.0
354721000,2025-01-08T00:02:33Z,28.74369,-89.94374,0.0,149.7,59,99,154,,17.0
367030060,2025-01-08T00:01:20Z,29.82032,-89.60922,0.0,277.2,,60,37,6,2.0
366995670,2025-01-08T00:02:33Z,28.94999,-95.33145,0.1,273.6,185,31,78,15,2.3
367441140,2025-01-08T00:01:26Z,32.72284,-117.22639,0.0,,,60,22,8,
368856000,2025-01-08T00:01:10Z,45.68103,-84.30157,0.1,93.0,318,99,68,14,4.0
338003759,2025-01-08T00:02:34Z,48.51313,-122.6078,0.0,245.5,,37,16,5,
338349926,2025-01-08T00:01:55Z,47.63355,-122.33927,0.0,,,37,13,4,
316009457,2025-01-08T00:02:33Z,48.26036,-88.78183,11.1,97.4,97,70,223,23,7.2
338467066,2025-01-08T00:01:57Z,29.54652,-95.01987,0.0,,,36,,,
338051706,2025-01-08T00:02:35Z,25.73213,-80.23052,0.0,,,37,16,6,
367688280,2025-01-08T00:02:35Z,29.76677,-95.10088,0.0,49.6,240,31,188,17,2.9
338399761,2025-01-08T00:02:36Z,37.51273,-122.19592,0.0,237.4,86,37,12,3,
338431215,2025-01-08T00:02:37Z,26.12514,-80.11372,0.0,,,37,14,6,
338519538,2025-01-08T00:00:25Z,34.17433,-119.22838,0.0,302.5,265,37,,,
338492336,2025-01-08T00:00:26Z,27.97981,-82.81984,0.0,222.1,5,36,12,4,
368286750,2025-01-08T00:01:24Z,29.93007,-93.8748,4.4,215.3,214,30,25,10,2.8
266283000,2025-01-08T00:01:07Z,38.41361,-74.24197,15.7,187.9,190,70,237,32,9.1
338500225,2025-01-08T00:00:27Z,36.92385,-76.1905,0.0,,,36,10,3,
368136920,2025-01-08T00:00:38Z,29.76356,-95.09808,0.0,315.2,232,52,112,16,2.2
366235000,2025-01-08T00:00:39Z,32.8499,-79.93849,0.0,221.4,,70,207,30,7.0
366721530,2025-01-08T00:00:39Z,21.3164,-157.8793,0.0,341.7,,30,20,8,
319246800,2025-01-08T00:01:07Z,26.75032,-80.04895,0.0,,,37,24,12,
338424712,2025-01-08T00:00:53Z,41.26522,-72.81528,0.0,0.0,193,37,16,6,
368063390,2025-01-08T00:01:02Z,37.63506,-76.57137,0.2,161.6,161,36,13,4,
366874680,2025-01-08T00:01:14Z,29.65537,-91.10131,0.0,,,52,20,8,
368272210,2025-01-08T00:00:10Z,33.75819,-118.18619,0.1,58.1,,36,14,3,
533130964,2025-01-08T00:00:11Z,21.2862,-157.84083,1.0,198.2,,36,19,9,
368019280,2025-01-08T00:00:10Z,47.40068,-122.32943,0.0,,,37,14,5,
388161873,2025-01-08T00:00:13Z,33.76135,-118.19608,0.2,,,30,20,6,
368381830,2025-01-08T00:00:18Z,29.57671,-90.60731,0.0,332.0,88,,15,7,
367744140,2025-01-08T00:01:26Z,29.96182,-90.23939,0.0,28.8,,52,18,7,2.6
316013695,2025-01-08T00:01:28Z,48.85871,-123.33068,9.6,102.0,104,35,33,8,2.6
368075150,2025-01-08T00:01:09Z,27.82192,-97.47979,0.0,277.2,108,57,113,34,3.1
367767250,2025-01-08T00:02:30Z,27.81056,-97.34886,0.4,318.0,,52,,,
366913770,2025-01-08T00:01:20Z,30.5591,-87.2147,0.0,139.7,320,31,30,9,2.8
367515970,2025-01-08T00:01:08Z,28.40879,-80.62903,0.0,353.0,,37,13,5,1.6
316047565,2025-01-08T00:01:09Z,49.11505,-123.09336,13.9,251.5,253,79,149,26,4.3
368169060,2025-01-08T00:01:10Z,29.97125,-92.80663,5.6,79.9,,57,205,16,2.8
367028690,2025-01-08T00:01:11Z,29.7857,-95.09529,0.0,317.7,,31,17,6,1.6
366828620,2025-01-08T00:01:14Z,39.25275,-76.56535,7.8,320.1,,52,30,11,4.6
367771860,2025-01-08T00:01:20Z,31.00817,-91.62881,0.1,319.0,51,31,357,43,3.1
255915661,2025-01-08T00:01:28Z,33.74372,-118.20227,0.0,17.6,91,70,255,37,13.3
316029592,2025-01-08T00:01:11Z,49.10614,-123.29873,6.7,237.6,241,33,124,20,6.7
366947620,2025-01-08T00:01:24Z,48.12436,-123.45059,0.0,158.0,,60,26,6,1.4
367306490,2025-01-08T00:01:25Z,43.07569,-70.71485,8.1,82.4,,52,28,8,5.1
316042039,2025-01-08T00:01:09Z,49.30005,-123.04396,0.3,346.2,5,52,28,13,6.1
367047370,2025-01-08T00:01:34Z,30.34374,-88.50731,0.1,279.7,,52,30,11,
366837890,2025-01-08T00:02:27Z,29.77419,-95.10185,0.0,,,31,13,3,
367597530,2025-01-08T00:01:12Z,40.80206,-73.88489,0.1,89.0,106,80,88,21,13.6
368133590,2025-01-08T00:00:39Z,28.90507,-95.36744,2.8,55.7,,31,22,10,2.9
338926412,2025-01-08T00:01:22Z,24.5671,-81.80036,0.0,97.6,94,55,46,7,3.0
366954160,2025-01-08T00:01:18Z,30.38641,-91.21775,0.0,293.3,,31,21,7,2.7
367300080,2025-01-08T00:01:22Z,29.60294,-89.86666,0.0,274.5,,30,19,6,
338205428,2025-01-08T00:01:10Z,45.64384,-122.72692,1.7,101.6,107,52,25,8,
368334140,2025-01-08T00:01:15Z,30.25135,-88.08085,0.0,226.2,180,,16,6,
367378120,2025-01-08T00:01:15Z,30.3943,-91.22101,0.1,145.6,,31,19,8,4.0
366970780,2025-01-08T00:01:17Z,38.51192,-90.26954,1.9,27.1,20,31,28,10,2.8
367515280,2025-01-08T00:01:22Z,29.3601,-94.80676,4.6,194.9,198,31,114,32,3.1
367481670,2025-01-08T00:01:23Z,38.54478,-90.24627,0.0,23.0,61,31,85,12,2.7
368294080,2025-01-08T00:01:16Z,40.73066,-74.01212,0.4,352.4,,60,27,7,
368110410,2025-01-08T00:01:17Z,29.68449,-91.15324,2.7,276.9,276,57,115,34,3.7
311213000,2025-01-08T00:00:51Z,37.80827,-122.40583,0.0,86.9,177,60,196,30,7.0
367523350,2025-01-08T00:01:22Z,30.01262,-90.76446,6.4,254.5,259,31,348,33,3.0
310780000,2025-01-08T00:01:27Z,20.10928,-68.41399,16.1,126.2,126,60,330,44,8.6
367456430,2025-01-08T00:01:20Z,29.63089,-94.89299,0.1,255.7,,31,22,8,2.2
368363180,2025-01-08T00:01:27Z,30.53054,-88.11044,0.0,249.4,,31,24,8,2.8
367764520,2025-01-08T00:01:25Z,29.99945,-89.99408,0.1,156.9,,31,115,18,3.0
636020363,2025-01-08T00:01:24Z,30.08531,-88.377,0.9,133.9,76,80,182,32,8.4
367320510,2025-01-08T00:01:25Z,38.8295,-82.15579,0.0,105.7,,31,50,12,0.9
356946000,2025-01-08T00:01:24Z,29.2994,-89.36986,0.0,143.1,335,72,300,40,12.5
367056060,2025-01-08T00:01:29Z,30.13291,-91.32297,0.0,337.4,,31,18,7,3.1
367186410,2025-01-08T00:01:30Z,29.57139,-90.71757,1.1,7.0,235,31,27,9,3.1
367107680,2025-01-08T00:01:26Z,29.32015,-94.60483,0.4,125.5,,60,31,7,2.0
367047180,2025-01-08T00:01:09Z,46.02127,-122.86827,6.6,152.6,149,52,30,10,3.2
354950000,2025-01-08T00:01:49Z,37.76662,-122.33736,0.0,235.6,343,70,169,28,5.4
367515280,2025-01-08T00:02:29Z,29.35883,-94.80742,4.4,204.0,201,31,114,32,3.1
368133590,2025-01-08T00:02:29Z,28.90589,-95.366,3.1,55.4,,31,22,10,2.9
367682610,2025-01-08T00:01:25Z,40.64105,-74.12949,0.1,217.3,216,52,28,12,5.2
368103560,2025-01-08T00:01:26Z,29.943,-90.17481,0.0,303.9,223,57,172,22,2.9
367720970,2025-01-08T00:01:11Z,30.05145,-90.59104,0.0,264.8,245,31,27,9,3.1
303935000,2025-01-08T00:01:26Z,21.36768,-157.96422,0.0,6.7,50,90,71,13,5.1
368141540,2025-01-08T00:01:13Z,40.64757,-74.0331,14.6,50.7,42,60,27,8,2.0
368352260,2025-01-08T00:01:31Z,32.72463,-117.22597,0.0,,,60,26,8,
366933730,2025-01-08T00:01:13Z,29.386,-94.81257,5.9,154.8,,31,81,12,2.6
636014996,2025-01-08T00:01:17Z,48.39207,-125.89644,5.7,116.0,121,74,305,40,13.0
368018190,2025-01-08T00:01:27Z,27.92237,-82.44633,0.0,188.0,47,52,32,14,6.0
367455770,2025-01-08T00:01:29Z,29.26781,-94.58655,11.6,156.9,155,82,183,33,8.3
367646390,2025-01-08T00:01:05Z,29.934,-90.33284,8.3,80.8,,31,19,7,2.5
352980796,2025-01-08T00:01:05Z,49.18598,-122.92161,0.0,187.6,200,70,200,32,8.8
367725870,2025-01-08T00:01:32Z,41.38573,-73.95205,3.9,201.4,,52,22,9,3.0
367602270,2025-01-08T00:01:25Z,30.51972,-87.14913,5.8,155.5,155,52,86,18,2.0
367162270,2025-01-08T00:01:14Z,29.75114,-95.06463,5.4,337.9,343,52,24,10,2.7
367115000,2025-01-08T00:01:36Z,47.25809,-122.43464,0.0,32.0,339,52,40,10,6.1
368228680,2025-01-08T00:01:29Z,29.46801,-94.96219,0.0,,,69,18,6,1.5
367026560,2025-01-08T00:02:31Z,29.42729,-94.71536,0.0,248.0,78,52,22,10,2.9
367125100,2025-01-08T00:01:36Z,29.79278,-95.06691,0.0,308.3,,31,156,17,2.5
368083410,2025-01-08T00:01:37Z,27.81174,-97.40936,0.0,163.4,174,52,30,13,6.4
367618240,2025-01-08T00:01:23Z,29.93465,-91.84194,0.0,321.5,,69,46,9,1.0
367309120,2025-01-08T00:02:33Z,30.32336,-81.62644,0.0,207.4,189,52,36,11,
538080029,2025-01-08T00:01:21Z,32.09704,-81.11248,0.0,278.1,,37,60,11,3.6
369970479,2025-01-08T00:02:36Z,38.98411,-76.46737,0.0,197.9,0,99,38,9,3.2
368274440,2025-01-08T00:02:34Z,30.01839,-93.98052,0.0,341.9,12,31,78,32,
367720010,2025-01-08T00:01:27Z,29.62805,-84.80223,10.0,240.6,,39,40,10,3.0
338118971,2025-01-08T00:01:31Z,33.84701,-118.39851,0.1,311.9,,50,10,4,
366766860,2025-01-08T00:01:14Z,18.45079,-66.10275,0.0,139.0,,31,40,10,5.5
367544970,2025-01-08T00:01:27Z,29.69121,-94.98922,7.9,133.1,132,31,18,9,2.8
367711830,2025-01-08T00:02:30Z,30.28275,-88.67067,4.9,268.1,283,31,85,33,2.9
367300160,2025-01-08T00:01:54Z,29.78065,-92.18664,0.0,25.3,177,90,48,11,
367544970,2025-01-08T00:02:28Z,29.68973,-94.98735,7.8,131.4,136,31,18,9,2.8
367702440,2025-01-08T00:02:36Z,30.00641,-90.82994,2.2,145.0,343,31,21,9,3.0
338568000,2025-01-08T00:00:37Z,47.6322,-122.3838,0.0,0.0,,30,62,12,7.2
352853000,2025-01-08T05:27:07Z,35.93923,-122.91037,9.3,322.2,328,70,399,54,12.7
352003898,2025-01-08T05:27:07Z,34.96086,-124.05047,10.4,281.0,288,70,229,32,14.1
316001749,2025-01-08T00:01:14Z,49.18112,-123.18293,0.0,,41,51,28,12,
368012220,2025-01-08T00:01:04Z,30.25133,-88.08079,0.1,95.4,189,50,18,6,
368351530,2025-01-08T00:01:25Z,29.71095,-90.16642,4.1,35.8,34,57,23,8,2.8
303466000,2025-01-08T00:01:15Z,33.76362,-118.25692,0.0,35.2,212,52,30,10,5.2
367706270,2025-01-08T00:01:16Z,36.83675,-76.24805,0.0,247.0,,52,29,9,4.1
219029620,2025-01-08T00:01:28Z,26.24298,-79.40176,11.9,192.4,191,80,250,44,9.0
316047943,2025-01-08T00:01:38Z,49.00582,-123.12978,0.0,8.5,24,60,107,24,4.6
316002280,2025-01-08T00:01:21Z,41.88486,-82.86625,12.5,97.3,98,70,226,24,8.0
366710820,2025-01-08T00:01:23Z,48.59598,-122.94259,6.3,155.9,154,60,100,24,5.2
367436230,2025-01-08T00:01:26Z,37.79266,-122.29676,9.8,89.4,88,60,35,8,
366998510,2025-01-08T05:27:08Z,37.89039,-122.40966,10.6,344.9,337,31,29,10,
868233290,2025-01-08T00:01:24Z,26.39207,-80.07066,5.8,5.3,,30,12,,
369970482,2025-01-08T00:01:27Z,38.98402,-76.46759,0.0,236.0,,99,30,7,3.0
477462400,2025-01-08T00:01:12Z,33.07777,-78.07454,13.4,243.7,245,70,275,40,12.8
367496470,2025-01-08T00:01:32Z,43.07568,-70.71368,7.7,81.8,85,52,154,24,5.1
367519920,2025-01-08T00:00:48Z,28.5352,-96.23701,4.8,58.0,,31,22,8,2.9
367490860,2025-01-08T00:02:31Z,28.40889,-80.60053,0.7,105.1,,69,85,20,4.0
367426860,2025-01-08T00:00:16Z,38.82937,-82.15567,0.0,289.3,38,31,341,34,3.1
367075320,2025-01-08T00:01:13Z,28.86642,-95.45773,0.1,225.8,81,52,18,7,3.1
367532840,2025-01-08T00:01:14Z,30.0475,-90.51262,0.1,191.6,67,31,422,54,2.9
367057260,2025-01-08T00:01:14Z,29.37405,-94.78233,6.3,227.3,230,31,19,9,3.1
367491240,2025-01-08T00:00:55Z,30.11195,-90.95584,0.0,280.2,266,31,16,4,2.5
431497000,2025-01-08T00:01:06Z,37.32363,-126.63975,15.5,74.9,70,70,199,38,9.8
256204000,2025-01-08T00:01:07Z,25.50568,-79.92104,16.0,160.2,162,60,181,29,5.8
368310270,2025-01-08T00:01:10Z,30.0498,-90.50423,5.7,65.6,242,31,21,9,
367159120,2025-01-08T00:01:14Z,36.83916,-76.29138,0.0,287.2,35,31,143,12,2.3
367061980,2025-01-08T00:01:18Z,40.68564,-74.01037,0.2,77.1,38,52,33,9,4.5
368341690,2025-01-08T00:01:21Z,37.79449,-122.39097,0.0,186.4,234,40,40,11,1.3
367082430,2025-01-08T00:01:20Z,31.15455,-87.97527,0.0,36.2,221,31,17,8,2.8
367381320,2025-01-08T00:01:06Z,29.24047,-95.01595,4.8,229.5,225,52,25,11,3.0
431497000,2025-01-08T05:27:08Z,37.32367,-126.63957,15.6,74.5,69,70,199,38,9.8
367570970,2025-01-08T00:01:26Z,29.28536,-89.36027,0.6,186.0,,60,16,4,
319252100,2025-01-08T00:01:29Z,26.09885,-80.16642,0.0,212.7,37,37,37,9,2.5
367608470,2025-01-08T00:01:14Z,29.72124,-95.27573,0.0,320.6,226,31,116,34,3.0
367006551,2025-01-08T00:01:18Z,39.19939,-76.5278,0.0,53.4,231,31,30,9,
368061910,2025-01-08T00:01:08Z,30.11679,-91.00832,0.7,330.7,,52,24,8,
367083980,2025-01-08T00:00:17Z,32.71336,-117.23082,0.0,337.4,,37,14,5,
368166720,2025-01-08T00:00:21Z,26.12379,-80.11611,0.0,,,37,28,9,
477975000,2025-01-08T00:00:22Z,29.6065,-89.85896,0.0,284.0,288,70,189,32,6.4
338193507,2025-01-08T00:00:22Z,32.72675,-117.1934,0.0,74.8,,36,11,6,
368357680,2025-01-08T00:00:24Z,47.64465,-122.31057,0.0,175.9,,37,15,4,
338456522,2025-01-08T00:00:27Z,35.84291,-75.62175,0.0,,,30,18,4,
368061780,2025-01-08T00:00:27Z,18.2852,-65.63391,0.0,,,60,28,8,
367081420,2025-01-08T00:00:28Z,47.65618,-122.3663,0.0,215.1,130,30,34,8,3.1
367658490,2025-01-08T00:00:28Z,29.62168,-85.2719,2.9,84.2,,30,30,8,
368291730,2025-01-08T00:00:33Z,29.91766,-81.30824,0.0,,,36,12,4,
367612210,2025-01-08T00:00:34Z,44.07258,-69.17945,0.1,163.3,,37,16,6,
368219740,2025-01-08T00:00:36Z,30.02767,-90.11631,0.0,,,37,16,5,
367575550,2025-01-08T00:00:38Z,41.88801,-87.61299,0.0,303.8,,60,26,8,
367008750,2025-01-08T00:00:37Z,30.23072,-93.2542,0.1,325.8,307,52,20,8,2.7
367685620,2025-01-08T00:00:43Z,38.82822,-90.10872,0.0,,,30,14,6,
367798060,2025-01-08T00:00:40Z,38.96364,-76.48177,0.0,303.9,178,36,12,4,
338189952,2025-01-08T00:00:44Z,47.62893,-122.38918,0.0,347.0,,36,10,3,
338073847,2025-01-08T00:00:44Z,30.29199,-87.55093,0.0,84.7,,37,34,10,
338240138,2025-01-08T00:00:43Z,27.69147,-80.39479,0.7,147.1,,36,15,4,
368519000,2025-01-08T00:00:49Z,28.23143,-82.76286,0.0,60.0,,37,25,8,
338469973,2025-01-08T00:01:52Z,30.28175,-87.68514,0.0,,,37,13,5,
368310270,2025-01-08T00:02:28Z,30.05032,-90.50395,5.1,294.9,271,31,21,9,
367475360,2025-01-08T00:02:32Z,29.53246,-94.48145,6.3,33.4,,52,16,7,
368061910,2025-01-08T00:02:28Z,30.11688,-91.00832,0.2,32.4,,52,24,8,
366963340,2025-01-08T00:02:27Z,30.04915,-90.53687,0.0,202.0,280,31,79,12,2.9
311000111,2025-01-08T00:01:49Z,37.92599,-122.41434,0.0,96.0,323,89,276,48,11.6
368896000,2025-01-08T00:00:47Z,36.94415,-76.32964,0.1,,,90,155,20,
366602000,2025-01-08T00:00:50Z,29.25399,-89.97406,0.0,216.7,72,54,70,13,4.0
228020700,2025-01-08T00:01:10Z,30.70343,-88.04015,0.0,192.1,108,79,125,26,5.0
352003208,2025-01-08T00:01:32Z,26.19883,-79.44482,13.1,1.2,358,70,179,30,10.2
367411940,2025-01-08T00:01:12Z,29.14499,-90.20566,0.0,14.1,,60,40,10,
367602350,2025-01-08T00:01:04Z,29.74898,-95.29118,0.0,260.7,,51,21,7,3.0
563079000,2025-01-08T00:01:24Z,37.81693,-122.44002,12.4,89.9,90,70,294,32,9.3
367379660,2025-01-08T00:01:27Z,41.13506,-73.04212,8.5,232.9,,52,24,10,5.0
367175860,2025-01-08T00:01:27Z,33.72838,-118.2742,0.1,,,31,24,10,4.5
368106020,2025-01-08T00:01:28Z,30.16933,-85.70433,0.0,,,57,24,8,
368078510,2025-01-08T00:00:05Z,29.76709,-95.10106,0.0,175.5,241,57,207,11,2.8
366996190,2025-01-08T00:00:01Z,32.7943,-79.79135,0.1,35.6,243,52,17,7,2.5
368027190,2025-01-08T00:00:01Z,29.74149,-95.20108,0.0,141.1,,52,115,34,2.8
368004350,2025-01-08T00:00:02Z,35.03878,-90.19409,3.2,35.2,,31,337,55,2.9
366892000,2025-01-08T00:00:06Z,33.73746,-118.21592,0.6,232.8,231,52,31,12,5.9
538071076,2025-01-08T00:00:12Z,26.74927,-80.05008,0.0,79.3,356,37,42,8,2.3
366687000,2025-01-08T00:00:37Z,29.29508,-94.85801,0.0,,,60,29,8,
367619370,2025-01-08T00:00:39Z,29.14073,-90.1966,0.0,240.0,341,70,57,15,4.0
366844270,2025-01-08T00:01:00Z,47.24421,-125.03995,9.7,348.6,345,52,30,12,5.2
367634360,2025-01-08T00:01:07Z,40.60698,-74.20508,2.2,53.0,31,52,36,10,4.9
367396710,2025-01-08T00:00:07Z,37.80145,-122.35366,10.6,275.6,281,52,30,18,
367430760,2025-01-08T00:00:09Z,33.9986,-77.95219,1.5,53.4,,52,30,9,3.1
368377220,2025-01-08T00:00:17Z,29.38295,-94.77223,4.5,220.8,,32,22,9,
366207650,2025-01-08T00:00:35Z,44.61648,-124.3316,2.8,352.7,344,30,25,10,
367371810,2025-01-08T00:00:48Z,39.80923,-75.41507,0.0,203.1,33,31,33,14,4.3
368163250,2025-01-08T00:00:15Z,34.37226,-90.67509,5.5,51.5,50,57,357,33,3.1
366941860,2025-01-08T00:00:16Z,29.73085,-95.04976,0.0,306.8,,31,115,18,3.1
366969670,2025-01-08T00:01:07Z,29.6739,-94.92995,6.2,209.1,212,31,109,18,2.3
338148844,2025-01-08T00:01:02Z,25.31178,-80.28103,0.0,247.1,,37,,,2.3
368136540,2025-01-08T00:00:36Z,27.84434,-97.52078,0.0,,297,33,120,20,
366898520,2025-01-08T00:00:43Z,25.31293,-80.28028,0.0,135.9,0,37,31,10,2.0
367741150,2025-01-08T00:01:14Z,47.55002,-122.44598,5.7,194.1,194,31,32,10,
367451110,2025-01-08T00:01:15Z,29.9138,-90.07934,0.0,251.8,247,31,219,17,2.8
367766210,2025-01-08T00:00:02Z,40.668,-74.13474,0.0,253.2,,70,51,17,
366926050,2025-01-08T00:00:09Z,38.97912,-76.33268,0.1,196.7,,90,23,6,2.0
303294000,2025-01-08T00:00:41Z,38.91922,-75.15096,0.1,143.0,311,80,287,50,15.9
368071410,2025-01-08T00:00:41Z,28.6326,-96.56612,6.7,9.7,20,52,206,18,3.1
538009428,2025-01-08T00:00:25Z,33.7495,-118.20902,0.0,335.4,59,70,227,32,6.7
368019060,2025-01-08T00:01:23Z,29.6343,-94.30331,5.3,241.5,243,52,122,34,3.1
367009460,2025-01-08T00:00:08Z,29.64567,-91.09444,5.2,199.6,,31,16,7,3.0
311001221,2025-01-08T00:00:23Z,18.25073,-64.47158,10.0,139.9,139,69,341,39,8.6
368144290,2025-01-08T00:00:48Z,37.92113,-122.36954,0.0,56.8,128,31,25,10,
367396710,2025-01-08T05:27:07Z,37.80189,-122.35732,10.7,281.8,284,52,30,18,
367554310,2025-01-08T00:01:09Z,30.21828,-93.25101,0.0,313.8,,52,22,9,8.6
367448060,2025-01-08T00:01:11Z,29.92564,-91.83575,0.0,286.4,337,31,20,8,3.0
367768450,2025-01-08T00:01:11Z,29.94131,-90.31128,0.1,258.8,,52,29,11,
367171010,2025-01-08T00:01:32Z,30.01281,-90.75887,0.0,298.9,171,52,16,8,2.9
369580000,2025-01-08T00:01:14Z,39.9392,-125.58526,7.2,172.1,172,52,183,23,7.6
368218210,2025-01-08T00:00:54Z,30.17518,-93.31852,0.0,,,99,16,4,
366824910,2025-01-08T00:00:32Z,48.14068,-123.4255,0.0,219.4,293,30,23,6,1.7
368185620,2025-01-08T00:01:06Z,39.24448,-76.53866,18.4,328.3,323,50,15,5,1.3
367398270,2025-01-08T00:00:16Z,28.99708,-94.22622,7.4,105.4,,30,24,7,
316004661,2025-01-08T00:00:24Z,49.19634,-123.13579,0.0,333.6,21,31,15,6,5.0
212288000,2025-01-08T00:00:36Z,29.34865,-90.24691,0.0,0.0,84,90,52,9,
316006894,2025-01-08T00:00:59Z,42.99137,-82.41771,0.0,348.0,,51,15,4,1.4
365691344,2025-01-08T00:01:24Z,42.38026,-71.04306,0.1,49.3,,57,33,9,
367299170,2025-01-08T00:01:08Z,27.84576,-97.22597,0.0,286.4,134,31,19,8,2.5
368127060,2025-01-08T00:01:10Z,29.28318,-94.9653,7.7,261.8,262,57,135,18,2.6
367540360,2025-01-08T00:01:30Z,30.01154,-90.76268,0.0,267.1,,57,12,6,3.0
367759080,2025-01-08T00:01:31Z,29.26387,-94.99211,3.1,223.2,219,52,24,12,3.1
538009778,2025-01-08T00:01:35Z,29.34058,-94.68965,11.7,102.8,109,89,183,32,9.5
368323000,2025-01-08T00:01:53Z,29.55915,-90.71245,0.0,273.0,87,60,18,5,3.5
367479280,2025-01-08T00:02:33Z,28.08706,-82.81023,0.0,260.1,,31,24,8,
366939770,2025-01-08T00:01:11Z,34.18073,-77.95805,3.2,3.3,0,31,33,9,
369850000,2025-01-08T00:01:03Z,29.68436,-91.17432,0.0,0.0,174,31,26,9,
338389944,2025-01-08T00:01:13Z,38.72632,-76.54345,0.0,136.7,348,37,13,4,
367212000,2025-01-08T00:01:47Z,36.9337,-76.32972,0.0,164.0,85,90,156,22,
338504961,2025-01-08T00:01:35Z,47.57585,-122.18749,0.0,199.9,,37,7,2,
368290870,2025-01-08T00:01:38Z,26.82941,-80.07224,0.0,57.1,90,37,,,
367428270,2025-01-08T00:02:33Z,32.82458,-79.39306,7.0,46.9,55,31,32,10,4.9
338316851,2025-01-08T00:01:17Z,39.28016,-76.58178,0.4,337.4,,37,15,5,
366710820,2025-01-08T00:02:33Z,48.59347,-122.94043,10.7,145.1,144,60,100,24,5.2
338344236,2025-01-08T00:01:41Z,29.54357,-95.0453,0.0,,,36,12,4,
338477614,2025-01-08T00:01:43Z,34.1664,-119.22329,0.0,2.3,193,37,14,5,
367331760,2025-01-08T00:01:41Z,43.93093,-124.34541,9.5,52.8,53,30,20,8,3.3
316007990,2025-01-08T00:01:14Z,49.31263,-123.10687,0.0,67.7,178,32,32,11,4.0
538070966,2025-01-08T00:01:20Z,25.73014,-80.23264,0.0,,,37,35,7,
367330510,2025-01-08T00:01:05Z,33.76365,-118.257,0.0,,212,52,23,10,4.0
367762920,2025-01-08T00:02:31Z,30.03631,-90.84058,0.0,,,33,20,10,
368091590,2025-01-08T00:02:29Z,25.76938,-80.14767,7.6,300.6,126,69,46,,
538007258,2025-01-08T00:02:35Z,18.03042,-68.23635,12.2,210.1,211,70,200,32,10.6
367661820,2025-01-08T00:02:32Z,29.93358,-90.18563,0.0,254.5,46,31,115,18,3.1
367799330,2025-01-08T00:02:27Z,29.99508,-93.91172,0.1,80.0,39,52,18,10,2.2
367731330,2025-01-08T00:02:28Z,29.75611,-90.13244,5.9,47.4,61,31,23,8,9.0
367720010,2025-01-08T00:02:36Z,29.62639,-84.80543,10.1,237.9,,39,40,10,3.0
369493057,2025-01-08T00:01:04Z,47.91304,-124.6358,0.0,254.1,,51,14,4,1.4
355919000,2025-01-08T00:02:29Z,31.94625,-80.66491,9.5,290.9,292,70,336,46,11.1
338066000,2025-01-08T00:02:34Z,37.65106,-122.90909,8.4,234.8,238,52,123,14,3.5
368142750,2025-01-08T00:00:05Z,29.94092,-90.00978,0.0,304.7,305,52,22,10,3.0
367364280,2025-01-08T00:01:05Z,29.46838,-90.31276,5.1,341.1,,31,16,7,1.8
366888800,2025-01-08T00:01:03Z,32.69606,-117.15199,0.0,93.9,67,52,30,12,4.2
367016480,2025-01-08T00:01:19Z,30.6563,-88.03073,6.4,357.4,,31,39,10,2.8
368033820,2025-01-08T00:00:04Z,29.377,-94.87179,0.0,330.2,280,52,114,18,3.0
368344380,2025-01-08T00:02:30Z,29.79101,-95.06421,0.0,0.0,305,57,25,10,2.8
338025179,2025-01-08T00:01:12Z,40.41776,-74.03519,0.1,278.3,,37,16,6,1.6
538072221,2025-01-08T00:01:52Z,18.45987,-66.08995,1.4,105.0,274,37,37,8,
366082000,2025-01-08T00:01:32Z,43.71344,-124.10039,0.0,173.3,,80,183,32,8.2
368006890,2025-01-08T00:01:14Z,27.82403,-97.48938,0.0,330.0,223,31,27,10,3.0
367519320,2025-01-08T00:00:05Z,30.20977,-91.31958,0.0,118.5,,31,207,12,3.1
366920840,2025-01-08T00:01:39Z,29.9463,-90.00583,0.0,286.1,,30,17,5,
367631610,2025-01-08T00:02:30Z,30.22928,-93.25355,0.0,251.5,147,31,119,34,2.9
367762920,2025-01-08T00:01:21Z,30.0363,-90.84059,0.0,,,33,20,10,
367367530,2025-01-08T00:01:25Z,29.4165,-94.73048,4.1,47.6,,31,147,33,3.1
311000243,2025-01-08T00:01:28Z,30.07551,-90.90249,0.0,166.0,331,70,183,30,9.5
338926457,2025-01-08T00:02:34Z,48.46988,-124.70245,27.0,119.5,118,55,46,7,
367007770,2025-01-08T00:01:27Z,29.40793,-89.60625,9.2,170.1,,52,20,10,2.2
367441370,2025-01-08T00:01:28Z,29.58729,-93.81911,0.9,282.1,,31,45,13,
368375640,2025-01-08T00:00:07Z,29.60867,-90.7096,0.0,280.6,,52,3,2,
367141680,2025-01-08T00:01:57Z,19.46507,-68.72623,12.8,109.9,112,72,149,22,7.9
367614930,2025-01-08T00:01:10Z,29.77968,-95.07676,0.0,298.5,295,52,119,18,3.3
366914190,2025-01-08T00:00:01Z,38.96828,-74.95992,0.0,,34,60,93,21,3.2
303100000,2025-01-08T00:02:35Z,26.10293,-80.12034,0.0,228.7,,38,31,7,2.1
366755020,2025-01-08T00:01:11Z,32.69686,-117.15266,0.0,155.3,250,52,30,11,5.2
368067670,2025-01-08T00:02:27Z,32.11405,-81.12712,0.0,103.5,299,70,122,17,
367774430,2025-01-08T00:00:05Z,29.48115,-94.60886,5.4,73.7,,31,17,6,
368042000,2025-01-08T00:01:13Z,29.15065,-90.1978,0.0,311.5,73,70,66,15,3.7
367549670,2025-01-08T00:02:31Z,29.90933,-91.22571,6.5,304.1,300,31,208,17,2.5
368140750,2025-01-08T00:00:07Z,29.92065,-89.96762,0.9,127.5,277,52,204,17,
247304200,2025-01-08T00:01:11Z,39.25129,-76.53723,0.0,27.0,13,70,211,32,8.0
232036363,2025-01-08T00:02:35Z,41.17282,-72.51948,15.1,88.0,88,80,183,32,8.3
367475510,2025-01-08T00:00:05Z,35.12397,-90.07704,0.0,215.2,,31,21,8,2.0
367613940,2025-01-08T00:01:11Z,30.4752,-91.19504,0.8,185.0,331,31,116,34,2.8
369493683,2025-01-08T00:00:10Z,30.17021,-85.75572,0.0,,,51,14,4,1.0
538009363,2025-01-08T00:02:37Z,29.91176,-89.91472,11.4,323.1,319,80,184,27,7.5
367530470,2025-01-08T00:00:04Z,27.85521,-97.23795,0.0,260.7,,52,18,7,3.0
368187950,2025-01-08T00:01:52Z,37.25599,-76.47899,0.1,222.1,,37,30,8,
338398884,2025-01-08T00:02:32Z,27.5109,-82.55812,0.0,,,37,16,5,
367610930,2025-01-08T00:02:41Z,40.58334,-73.94355,0.0,,,69,27,8,2.7
368188310,2025-01-08T00:01:19Z,39.12556,-84.71411,0.0,319.1,331,31,42,17,3.4
367589050,2025-01-08T00:01:32Z,29.79021,-95.07774,0.0,43.4,,52,26,10,2.7
257375000,2025-01-08T00:01:48Z,30.18781,-91.01501,0.0,325.0,327,82,182,32,8.6
367677650,2025-01-08T00:00:10Z,29.61428,-95.02272,0.0,250.1,,31,88,14,2.8
367135430,2025-01-08T00:01:15Z,30.21031,-93.25492,0.0,232.3,0,52,30,11,4.6
368351120,2025-01-08T00:01:51Z,30.07584,-90.90065,0.0,,,,15,20,
368044460,2025-01-08T00:02:32Z,29.35159,-94.74099,0.1,157.8,55,57,112,17,3.1
367145750,2025-01-08T00:02:22Z,44.37989,-68.96568,0.0,285.4,,52,18,6,2.0
367012640,2025-01-08T00:02:34Z,39.71681,-75.51669,0.0,266.5,,52,20,8,3.9
368392990,2025-01-08T00:02:35Z,28.40911,-80.61572,0.0,266.2,271,52,18,6,
368189290,2025-01-08T00:00:00Z,30.02098,-89.9065,0.0,117.7,2,57,150,22,3.0
368172430,2025-01-08T00:02:35Z,37.30479,-77.08145,8.2,167.3,165,52,30,10,4.2
367597990,2025-01-08T00:00:03Z,29.83691,-90.06309,5.5,39.9,,31,17,8,2.4
367605770,2025-01-08T00:02:33Z,29.61821,-94.88092,0.0,300.5,,33,60,16,1.0
368321130,2025-01-08T00:01:41Z,30.43085,-91.2395,0.0,122.5,,32,22,8,3.1
367308610,2025-01-08T00:02:37Z,32.72137,-117.18992,0.0,223.3,89,32,20,6,3.0
338075892,2025-01-08T00:01:42Z,43.65321,-70.25297,0.0,285.7,,90,,,
538009363,2025-01-08T00:01:26Z,29.90859,-89.91229,11.7,331.7,326,80,184,27,7.5
367472580,2025-01-08T00:02:31Z,29.91908,-90.07904,0.1,2.1,251,52,27,10,4.3
303476000,2025-01-08T00:00:05Z,29.79197,-92.14406,0.0,295.5,,60,40,8,2.0
367124980,2025-01-08T00:00:06Z,31.99056,-119.41806,4.3,318.3,,70,46,14,3.3
367638010,2025-01-08T00:01:29Z,38.40899,-90.32117,0.0,110.0,25,31,360,43,
316003768,2025-01-08T00:01:29Z,48.94763,-125.55095,0.0,341.4,,30,23,7,3.0
367004280,2025-01-08T00:02:34Z,30.16113,-90.99707,0.0,105.2,,31,16,7,2.4
367535540,2025-01-08T00:00:24Z,29.53566,-90.76835,3.0,88.3,82,31,20,7,
366929710,2025-01-08T00:01:12Z,48.12246,-123.43021,0.0,0.0,32,60,103,20,5.0
338250000,2025-01-08T00:01:12Z,47.64591,-122.33934,,,221,30,65,13,4.0
367373970,2025-01-08T00:01:29Z,32.7151,-117.17391,0.0,,172,60,22,,2.5
368051020,2025-01-08T00:01:53Z,47.68055,-122.40671,0.0,,,37,,,
378112948,2025-01-08T00:01:55Z,25.93984,-80.13946,0.0,287.1,189,37,35,8,
368279270,2025-01-08T00:02:34Z,30.40047,-86.16917,4.9,105.7,109,52,254,12,2.8
367120550,2025-01-08T00:02:34Z,39.82599,-75.36115,0.4,232.3,,52,33,10,4.0
563080300,2025-01-08T00:01:15Z,48.37974,-124.42767,10.8,112.0,116,70,199,32,7.5
367473140,2025-01-08T00:00:08Z,40.66265,-74.06185,0.0,186.9,,33,55,18,2.1
338533000,2025-01-08T00:02:35Z,30.04912,-90.47643,0.0,218.7,324,52,29,10,4.2
367425950,2025-01-08T00:01:15Z,48.00679,-122.22487,0.0,286.1,,70,34,14,
367133180,2025-01-08T00:01:06Z,43.37203,-124.21023,0.0,230.7,,31,13,4,2.5
368072920,2025-01-08T00:02:36Z,25.96985,-80.12771,0.1,119.4,,37,24,6,
338355282,2025-01-08T00:01:07Z,48.12491,-123.45074,0.0,9.2,,37,,,
367513140,2025-01-08T00:00:08Z,45.85824,-122.78513,5.8,182.7,181,52,30,10,3.4
636093167,2025-01-08T00:00:19Z,36.9127,-76.32771,0.0,347.5,352,71,335,43,10.2
367057830,2025-01-08T00:00:00Z,29.98057,-90.81865,6.4,85.1,52,31,18,8,
367422010,2025-01-08T00:01:29Z,32.67089,-117.11998,0.0,,,33,62,22,
367610930,2025-01-08T00:01:31Z,40.58335,-73.94355,0.0,,,69,27,8,2.7
369970406,2025-01-08T00:01:17Z,32.70607,-117.18864,0.1,,,90,333,,
319235600,2025-01-08T00:00:12Z,26.13884,-80.1092,0.0,258.0,,90,38,8,
577370000,2025-01-08T00:00:02Z,17.84331,-66.42001,8.3,87.0,,70,58,12,4.0
366972950,2025-01-08T00:01:11Z,29.74121,-95.19709,0.0,269.6,,31,22,9,2.4
219153000,2025-01-08T00:00:05Z,36.85643,-75.82641,6.3,292.9,298,89,147,24,6.6
636018825,2025-01-08T00:00:22Z,37.72745,-122.33467,0.2,246.1,335,80,182,32,10.6
369970253,2025-01-08T00:01:45Z,47.70526,-122.61718,0.0,212.0,297,35,57,12,
338496391,2025-01-08T00:01:07Z,30.32075,-81.43994,0.0,70.9,,37,12,4,
367194680,2025-01-08T00:00:03Z,34.94961,-90.25183,2.8,349.3,321,31,471,44,2.8
316016131,2025-01-08T00:01:00Z,48.4147,-123.38618,0.0,11.7,245,50,19,6,
338926437,2025-01-08T00:00:26Z,29.33226,-94.77324,0.0,0.0,117,55,46,8,3.0
368162850,2025-01-08T00:01:08Z,47.18179,-122.61611,16.1,314.2,,60,21,5,
338494646,2025-01-08T00:01:13Z,30.74129,-81.59665,0.1,119.7,,37,13,6,
367600490,2025-01-08T00:00:03Z,29.78751,-95.06874,0.0,252.8,330,31,116,18,2.8
366997290,2025-01-08T00:00:27Z,42.30104,-71.02801,0.0,,,60,24,6,
367380280,2025-01-08T00:00:08Z,46.15706,-123.40233,0.0,,130,31,26,8,
367461350,2025-01-08T00:01:19Z,47.53968,-122.33052,0.0,150.3,139,31,14,6,
367704950,2025-01-08T00:00:08Z,30.05323,-90.64807,0.0,274.6,,31,27,10,5.0
368351240,2025-01-08T00:01:03Z,34.71509,-76.66324,0.0,,,60,29,7,
366902120,2025-01-08T00:01:16Z,41.29268,-72.91125,0.3,12.3,335,52,24,9,3.0
367772480,2025-01-08T00:00:40Z,29.87094,-92.13005,0.1,267.3,,30,45,10,4.0
367685130,2025-01-08T00:01:18Z,35.54545,-89.9018,3.1,4.2,354,31,205,17,3.0
316001821,2025-01-08T00:01:25Z,49.28649,-123.09793,0.0,182.2,354,30,39,8,
368243940,2025-01-08T00:01:24Z,32.69322,-80.22652,0.0,282.2,,57,112,17,2.5
368382480,2025-01-08T00:01:23Z,29.69955,-91.21416,0.0,170.4,,,17,8,
368324050,2025-01-08T00:01:03Z,30.2804,-87.67714,0.0,260.6,,37,20,6,
366983440,2025-01-08T00:00:59Z,47.53052,-88.38624,11.8,78.1,75,52,257,23,8.3
338314007,2025-01-08T00:01:04Z,27.36846,-82.61793,0.0,,,37,15,6,
477308400,2025-01-08T00:01:28Z,39.88068,-75.15089,7.3,88.2,75,71,207,30,8.8
367653220,2025-01-08T00:00:28Z,28.73654,-90.46399,7.5,228.5,224,10,95,20,4.5
316005813,2025-01-08T00:01:28Z,49.12416,-123.18799,0.0,,,30,21,6,
366991110,2025-01-08T00:00:20Z,29.53545,-90.77129,3.1,90.6,,31,16,6,
303244000,2025-01-08T00:01:20Z,47.65776,-122.3752,0.0,359.1,359,70,74,12,3.5
367605850,2025-01-08T00:01:29Z,40.65555,-74.08562,0.0,300.4,274,31,24,10,0.4
368317320,2025-01-08T00:01:14Z,46.49522,-84.32613,0.0,246.6,210,52,13,7,
367474710,2025-01-08T00:01:19Z,29.96858,-90.39831,0.0,0.0,,31,18,8,2.5
367150450,2025-01-08T00:01:23Z,32.72302,-117.226,0.0,,,60,25,7,
366991860,2025-01-08T00:01:23Z,30.05053,-90.5469,1.7,110.6,338,52,18,8,2.7
367408160,2025-01-08T00:01:25Z,29.40931,-94.73872,0.0,263.7,137,31,27,9,3.0
477965900,2025-01-08T00:01:26Z,38.75089,-73.96157,6.9,7.9,353,70,272,43,12.9
338482000,2025-01-08T00:00:03Z,29.1361,-90.20183,0.0,342.6,343,90,85,18,5.5
372682000,2025-01-08T00:01:30Z,36.03851,-74.6525,3.2,343.2,333,70,106,19,4.6
338854000,2025-01-08T00:00:06Z,48.06434,-122.65954,7.7,171.3,166,32,32,9,
367390720,2025-01-08T00:00:31Z,29.11945,-90.19845,0.0,,,60,48,10,
368142010,2025-01-08T00:01:27Z,29.78457,-95.09611,0.0,290.6,343,52,30,12,2.8
367692430,2025-01-08T00:01:33Z,29.15109,-95.15002,5.2,237.4,238,31,145,18,3.1
316044614,2025-01-08T00:01:27Z,48.65397,-123.39398,0.0,,,37,11,4,
368353560,2025-01-08T00:01:28Z,47.6208,-122.51868,0.0,36.1,187,37,16,5,
367091050,2025-01-08T00:00:08Z,39.84743,-75.33566,9.5,257.1,,52,34,10,4.0
368158770,2025-01-08T00:00:08Z,29.5647,-90.72986,0.0,300.1,277,97,22,9,2.9
368052580,2025-01-08T00:01:13Z,30.06789,-93.34556,3.5,37.9,36,57,205,18,3.0
367441020,2025-01-08T00:00:00Z,40.64694,-80.49227,0.0,265.3,270,31,21,9,3.1
368093970,2025-01-08T00:01:22Z,36.8084,-76.286,0.0,29.4,68,52,143,24,
367499090,2025-01-08T00:00:24Z,30.05154,-90.64244,0.0,283.2,295,31,209,17,3.0
367605770,2025-01-08T00:01:23Z,29.61817,-94.88086,0.1,291.7,,33,60,16,1.0
367533150,2025-01-08T00:00:01Z,30.04976,-90.50501,0.3,317.4,236,52,56,16,2.7
368255760,2025-01-08T00:01:24Z,29.65735,-91.03174,0.0,240.4,,31,18,7,
368072050,2025-01-08T00:00:02Z,29.75239,-95.09653,5.8,216.2,214,57,119,17,3.3
368334430,2025-01-08T00:01:11Z,29.46273,-89.80518,0.0,294.6,,52,20,6,1.6
367409990,2025-01-08T00:00:02Z,27.98684,-80.20723,11.9,162.0,165,31,25,10,4.9
338490342,2025-01-08T00:01:03Z,34.2438,-119.26193,0.1,312.6,,36,13,4,
316018619,2025-01-08T00:00:03Z,49.2139,-122.75167,0.4,32.4,,31,12,4,
368316640,2025-01-08T00:01:17Z,29.64559,-90.31005,5.4,267.6,271,52,24,10,2.9
305684000,2025-01-08T00:00:05Z,34.77284,-127.44632,17.0,81.2,83,79,229,32,10.5
367449040,2025-01-08T00:01:17Z,29.68033,-94.20056,5.1,63.9,63,31,27,9,3.1
367547910,2025-01-08T00:00:40Z,27.86264,-82.54262,0.0,274.9,,32,22,8,2.8
367657060,2025-01-08T00:01:18Z,33.73088,-118.2774,0.1,291.7,,30,22,7,
316039153,2025-01-08T00:00:09Z,49.29158,-122.97508,0.1,266.7,132,52,24,11,4.0
367128950,2025-01-08T00:00:04Z,34.22697,-77.95326,0.0,,,52,34,9,
367327560,2025-01-08T00:00:40Z,27.81816,-97.4297,0.0,233.0,299,31,27,9,3.0
367157110,2025-01-08T00:00:46Z,26.49828,-82.01108,0.0,295.6,,31,22,8,3.0
368115220,2025-01-08T00:00:58Z,48.12549,-123.45309,0.0,195.0,28,37,35,8,2.0
367596760,2025-01-08T00:00:06Z,40.77038,-73.85022,0.0,335.9,147,32,49,24,3.7
367363590,2025-01-08T00:00:57Z,45.64727,-122.73951,0.0,255.1,289,52,26,8,3.0
366999645,2025-01-08T00:00:52Z,38.58721,-90.20892,0.0,111.7,49,55,22,6,1.4
367765860,2025-01-08T00:01:15Z,48.42687,-123.3826,0.0,246.6,,30,24,6,
367118440,2025-01-08T00:01:07Z,34.88244,-90.3058,3.4,50.4,63,31,50,11,3.0
366994920,2025-01-08T00:01:13Z,44.10447,-69.10239,0.1,185.2,,50,17,5,1.5
338257000,2025-01-08T00:00:39Z,28.94755,-95.32901,0.0,71.7,257,90,44,12,2.8
538006801,2025-01-08T00:01:08Z,45.54876,-122.69367,0.0,198.9,329,70,200,32,9.8
367796040,2025-01-08T00:01:11Z,40.68613,-74.07749,0.0,197.4,280,31,21,7,2.8
367186380,2025-01-08T00:01:19Z,41.81509,-71.40031,0.0,273.3,,52,30,7,
304940000,2025-01-08T00:00:22Z,34.24533,-126.76866,2.0,323.3,340,70,87,13,4.9
367618760,2025-01-08T00:00:14Z,29.61411,-95.01201,0.0,233.9,,30,17,8,
372627000,2025-01-08T00:00:33Z,31.37653,-80.37863,14.7,45.9,44,70,232,32,9.5
368137980,2025-01-08T00:00:33Z,29.58145,-90.37776,0.0,0.4,,52,20,7,
338470118,2025-01-08T00:01:06Z,47.24955,-122.43329,0.0,,,37,16,5,
367090270,2025-01-08T00:00:38Z,29.25727,-89.36121,0.0,,,60,32,7,
366088000,2025-01-08T00:00:36Z,29.14413,-90.20499,0.0,104.5,161,70,77,18,5.1
368272230,2025-01-08T00:01:26Z,33.7586,-118.18984,0.0,,,36,11,6,
316028702,2025-01-08T00:00:44Z,49.31426,-123.29535,7.7,281.0,279,52,12,5,2.3
367006540,2025-01-08T00:01:26Z,42.35734,-71.03313,0.0,3.9,303,52,145,24,5.5
367633030,2025-01-08T00:01:27Z,26.90943,-80.08372,0.5,257.6,,37,22,,
367585550,2025-01-08T00:00:59Z,29.77989,-92.18431,0.0,268.7,,70,38,10,3.0
636019353,2025-01-08T00:01:09Z,28.66568,-95.12069,0.0,,43,70,299,50,13.4
367010390,2025-01-08T00:01:07Z,40.68575,-74.1545,0.0,31.8,29,31,33,11,5.5
367644450,2025-01-08T00:01:12Z,48.98887,-122.76955,0.0,40.6,,36,13,4,
367057830,2025-01-08T00:01:07Z,29.98113,-90.81642,6.3,67.5,46,31,18,8,
367529150,2025-01-08T00:01:11Z,28.36976,-96.56855,4.7,242.4,238,31,116,34,2.8
368006670,2025-01-08T00:01:33Z,29.83767,-93.95673,0.0,328.1,359,52,28,12,5.0
319238200,2025-01-08T00:01:00Z,30.32018,-81.62713,0.0,125.9,26,90,80,16,5.0
367688490,2025-01-08T00:01:34Z,37.78023,-122.38537,0.0,74.2,,37,12,6,
368201030,2025-01-08T00:00:04Z,30.07182,-94.04799,0.0,63.7,8,57,287,34,2.7
367723170,2025-01-08T00:01:23Z,26.12252,-80.11612,0.0,266.8,,37,26,6,
366998110,2025-01-08T00:01:04Z,30.129,-90.9215,8.3,147.0,153,31,147,22,3.1
338173738,2025-01-08T00:01:26Z,26.77315,-80.05131,0.1,37.1,,36,14,4,
368189190,2025-01-08T00:00:14Z,29.35742,-90.25102,0.0,119.0,331,70,9,,3.9
368391720,2025-01-08T00:01:11Z,41.61249,-71.40881,0.0,302.9,208,40,32,11,
366974120,2025-01-08T00:00:32Z,30.08025,-93.33423,0.0,288.6,,52,20,8,1.9
366755010,2025-01-08T00:00:06Z,33.74025,-118.27809,0.0,340.4,10,31,30,10,5.5
368189290,2025-01-08T00:01:11Z,29.93972,-90.17858,0.0,319.0,314,57,150,22,3.0
368272520,2025-01-08T00:02:31Z,30.05876,-93.57054,4.9,270.5,273,52,24,10,3.4
367444420,2025-01-08T00:01:13Z,29.85309,-90.06312,0.0,263.9,69,31,43,13,3.1
367339020,2025-01-08T00:02:51Z,29.61012,-90.69226,0.0,242.5,,31,21,8,
368013770,2025-01-08T00:01:02Z,40.50781,-74.02966,32.2,357.7,353,66,45,12,1.2
367301480,2025-01-08T00:01:18Z,37.79752,-122.3264,3.2,110.3,111,52,30,7,6.8
368130550,2025-01-08T00:01:18Z,29.60356,-89.86989,0.0,323.2,,31,20,8,3.0
369020000,2025-01-08T00:01:08Z,29.73787,-95.1592,0.0,202.1,359,52,205,24,5.6
367594860,2025-01-08T00:01:25Z,39.4287,-124.08833,7.7,337.6,337,30,16,7,
367374630,2025-01-08T00:01:28Z,29.63889,-91.11739,4.5,295.5,323,31,116,34,3.1
367444420,2025-01-08T00:00:02Z,29.8531,-90.06313,0.0,222.7,68,31,43,13,3.1
338332691,2025-01-08T00:01:09Z,18.07882,-65.79547,0.1,29.1,,37,18,6,
367426920,2025-01-08T00:01:38Z,29.55283,-93.36625,17.6,214.8,212,60,52,9,2.5
367692670,2025-01-08T00:01:11Z,28.40199,-96.70485,0.0,81.1,149,31,17,7,2.2
366962010,2025-01-08T00:01:38Z,29.36388,-94.89181,0.0,,,31,16,5,
368244130,2025-01-08T00:01:18Z,28.40815,-80.63025,0.0,,,60,34,8,2.5
538006204,2025-01-08T00:01:11Z,32.92381,-120.19507,11.3,320.2,319,80,249,44,8.0
368221490,2025-01-08T00:01:43Z,30.06914,-91.29241,0.0,128.9,289,57,27,10,3.3
548624000,2025-01-08T00:01:08Z,31.77257,-117.09003,4.2,344.4,344,80,183,32,11.3
368396460,2025-01-08T00:01:21Z,27.95516,-80.53046,8.2,336.4,,52,21,8,2.3
367589520,2025-01-08T00:01:11Z,27.84773,-97.06168,0.0,320.9,231,52,25,12,2.8
367435780,2025-01-08T00:02:26Z,27.84405,-97.06988,0.0,280.7,,60,30,14,3.6
367753570,2025-01-08T00:01:30Z,33.21006,-117.39728,0.0,315.9,,36,14,4,
366584000,2025-01-08T00:02:28Z,28.41308,-80.62034,0.0,33.6,126,70,51,12,3.0
368048840,2025-01-08T00:01:11Z,29.7661,-95.09212,0.0,,,31,20,7,
367576750,2025-01-08T00:02:30Z,29.99328,-90.02109,0.0,328.9,66,31,116,17,3.1
366988090,2025-01-08T00:02:31Z,29.67517,-91.22763,0.0,287.7,,31,20,7,2.8
366989970,2025-01-08T00:02:34Z,38.01843,-90.08787,0.0,331.7,290,31,336,44,2.8
316042408,2025-01-08T00:01:30Z,49.31239,-123.09305,0.1,128.5,,37,10,4,
366484000,2025-01-08T00:02:34Z,29.11795,-90.19778,0.0,233.1,159,70,78,18,3.3
319232900,2025-01-08T00:01:17Z,25.73011,-80.23138,0.0,266.9,49,37,29,7,2.1
368059840,2025-01-08T00:01:49Z,29.95348,-90.05607,0.0,233.6,179,60,31,7,1.0
338141422,2025-01-08T00:01:04Z,37.51305,-122.19585,0.0,243.0,244,37,25,12,2.0
368227820,2025-01-08T00:02:34Z,30.035,-93.78499,0.0,,,22,20,8,2.5
367630170,2025-01-08T00:01:35Z,48.51353,-122.60699,0.0,190.5,358,37,14,5,
538007028,2025-01-08T00:01:16Z,29.3915,-94.81377,12.1,156.1,157,80,225,36,11.9
338520698,2025-01-08T00:01:54Z,34.71357,-76.71042,0.0,,,36,13,4,
338311105,2025-01-08T00:01:50Z,38.09934,-121.56612,0.0,13.9,283,37,10,3,
367444940,2025-01-08T00:01:24Z,29.23584,-90.211,0.0,51.7,,69,49,10,1.8
367586750,2025-01-08T00:01:11Z,30.07996,-93.72465,0.0,276.2,348,52,28,12,3.3
367747440,2025-01-08T00:02:27Z,29.06162,-80.916,0.4,21.1,,36,14,8,
305684000,2025-01-08T00:01:11Z,34.77334,-127.43997,17.1,86.4,85,79,229,32,10.5
367502290,2025-01-08T00:01:14Z,30.0462,-90.58897,0.1,277.8,,31,20,8,3.0
368095360,2025-01-08T00:00:08Z,44.42929,-69.00496,0.0,192.9,277,52,28,16,5.0
369235000,2025-01-08T00:01:25Z,26.73393,-79.74633,12.0,7.4,14,52,213,32,10.8
431858000,2025-01-08T00:00:07Z,33.55148,-118.20545,9.2,159.4,157,70,200,32,8.1
367476840,2025-01-08T00:02:37Z,30.07728,-94.07063,0.0,,262,52,22,10,2.6
367648550,2025-01-08T00:00:43Z,29.31514,-94.79688,0.0,295.9,,52,37,11,6.0
316027848,2025-01-08T00:02:37Z,49.289,-123.07976,0.0,245.9,,52,11,4,2.1
368240330,2025-01-08T00:01:49Z,38.96831,-76.47789,0.0,266.4,,37,16,5,
305079000,2025-01-08T00:01:24Z,26.07499,-80.1148,3.5,184.6,185,71,148,24,6.6
367728720,2025-01-08T00:01:29Z,30.34328,-91.19578,3.8,252.9,252,52,28,12,2.6
338400219,2025-01-08T00:01:22Z,47.28142,-122.40219,0.0,205.8,,37,12,5,
367726480,2025-01-08T00:01:12Z,40.70114,-74.01691,7.7,248.1,,69,38,10,4.3
367561460,2025-01-08T00:01:25Z,30.07619,-94.08529,0.0,311.6,277,52,30,12,5.0
338520698,2025-01-08T00:00:24Z,34.71357,-76.71045,0.3,,,36,13,4,
636021733,2025-01-08T00:01:37Z,23.25426,-81.53055,1.7,111.2,53,89,244,42,12.3
368274580,2025-01-08T00:01:26Z,29.74967,-95.10774,0.0,327.3,63,52,26,12,4.5
338473815,2025-01-08T00:00:26Z,33.6152,-117.90226,0.1,,,37,,,
319041000,2025-01-08T00:00:44Z,25.96986,-80.12746,0.0,229.0,4,37,40,8,2.5
366359000,2025-01-08T00:01:22Z,30.38987,-81.52412,8.3,259.3,263,52,125,20,5.5
367419080,2025-01-08T00:01:33Z,40.66604,-74.00879,0.6,215.9,78,31,28,10,4.3
366991413,2025-01-08T00:01:23Z,36.91832,-76.18218,0.0,144.1,94,35,103,29,3.5
368048710,2025-01-08T00:00:52Z,18.32166,-64.78739,0.1,271.4,,99,20,9,
366839940,2025-01-08T00:00:29Z,42.38173,-70.7484,3.8,278.8,,30,28,7,
636021961,2025-01-08T00:01:07Z,48.7726,-123.0372,11.5,234.6,240,80,243,44,12.8
338374772,2025-01-08T00:00:30Z,45.65186,-122.83395,0.0,0.0,,36,,2,
366986160,2025-01-08T00:01:26Z,29.65602,-91.12403,0.0,302.6,240,30,33,9,
369970518,2025-01-08T00:00:53Z,36.91607,-76.1824,0.0,80.3,276,35,55,12,4.0
367786010,2025-01-08T00:01:26Z,37.79498,-122.39149,0.0,315.1,228,60,41,12,2.0
368237970,2025-01-08T00:00:32Z,47.66502,-122.38733,0.2,305.8,,37,9,3,
368129810,2025-01-08T00:01:04Z,40.70369,-73.97685,0.1,292.8,18,60,30,9,
368198310,2025-01-08T00:01:12Z,28.94807,-95.32889,0.0,280.9,,70,36,8,3.0
366996610,2025-01-08T00:01:14Z,28.95051,-95.33391,0.0,26.8,90,31,91,17,2.2
338520164,2025-01-08T00:00:30Z,29.57054,-90.37972,0.0,284.7,,,20,7,
366989970,2025-01-08T00:01:26Z,38.01843,-90.08788,0.0,346.9,290,31,336,44,2.8
368149190,2025-01-08T00:00:30Z,41.64852,-70.92107,0.0,282.4,,52,31,8,3.8
366993250,2025-01-08T00:01:20Z,48.03535,-122.75233,0.0,335.5,,52,21,7,2.1
367005270,2025-01-08T00:01:11Z,27.82446,-97.43587,0.0,249.0,33,31,45,30,2.5
368216230,2025-01-08T00:01:16Z,29.56341,-94.4514,3.8,66.6,77,57,24,10,3.1
366988070,2025-01-08T00:01:19Z,41.32856,-70.70074,1.4,170.7,225,30,22,7,3.7
338239291,2025-01-08T00:00:33Z,37.91225,-122.34672,0.0,,,37,8,3,
316044079,2025-01-08T00:00:33Z,48.65214,-123.39392,0.0,,,36,13,4,
368280820,2025-01-08T00:01:26Z,30.02237,-93.98382,0.0,109.1,263,31,30,10,2.6
367310140,2025-01-08T00:01:11Z,30.13211,-85.71511,0.0,,231,33,106,14,
368071170,2025-01-08T00:00:34Z,30.27724,-81.71281,0.0,101.1,,36,16,4,
366988190,2025-01-08T00:01:22Z,38.56761,-90.23405,0.0,294.0,26,31,354,33,2.9
338494100,2025-01-08T00:00:35Z,47.65627,-122.36666,0.0,216.1,254,30,27,11,3.2
368049430,2025-01-08T00:00:40Z,25.63427,-80.29234,0.0,,,37,20,5,
366985310,2025-01-08T00:01:28Z,37.85605,-122.4777,0.1,295.9,280,60,41,12,2.4
367396520,2025-01-08T00:02:27Z,28.85509,-95.28037,5.9,172.8,171,31,28,10,3.5
366918650,2025-01-08T00:02:28Z,32.08198,-81.06458,0.0,292.6,,52,34,10,
367786010,2025-01-08T00:02:33Z,37.7956,-122.39,3.2,82.5,243,60,41,12,2.0
368166290,2025-01-08T00:01:01Z,28.41372,-80.61133,0.0,,,52,16,8,2.8
368144120,2025-01-08T00:01:08Z,28.93231,-89.40744,0.0,101.2,,50,16,5,
367112970,2025-01-08T00:01:36Z,34.02028,-77.94843,0.0,,,37,13,4,
368168920,2025-01-08T00:02:42Z,25.70373,-80.25245,0.0,,,37,13,4,
367501860,2025-01-08T00:01:30Z,38.76248,-90.16881,0.0,265.7,,31,20,7,
338230503,2025-01-08T00:02:09Z,18.07934,-65.79645,0.1,280.4,,36,12,6,
368140540,2025-01-08T00:01:09Z,29.76493,-95.09317,1.9,241.1,246,57,115,17,2.8
338473616,2025-01-08T00:01:33Z,47.65608,-122.20837,0.0,341.3,170,37,19,5,
368387160,2025-01-08T00:01:32Z,47.64728,-122.34321,0.0,315.2,,37,21,6,
367638940,2025-01-08T00:01:29Z,40.64442,-74.02844,0.3,,,55,14,6,
367778530,2025-01-08T00:02:45Z,46.20581,-123.38664,0.0,205.9,,30,22,6,2.8
367615680,2025-01-08T00:01:35Z,29.66178,-94.97333,7.2,341.9,342,30,115,34,3.1
368041340,2025-01-08T00:01:31Z,24.56391,-81.73676,0.0,,,36,12,8,
368277550,2025-01-08T00:01:52Z,47.68177,-122.40659,0.0,300.0,,37,12,6,
368252890,2025-01-08T00:01:36Z,29.90771,-90.11321,6.2,87.9,79,52,99,22,3.1
368334310,2025-01-08T00:01:55Z,30.66935,-81.46661,0.0,,,36,12,6,
477881600,2025-01-08T00:01:36Z,29.42459,-93.69992,0.1,291.2,39,89,183,32,8.0
368376110,2025-01-08T00:02:20Z,18.38611,-64.70475,0.0,,,36,16,9,
338489647,2025-01-08T00:02:50Z,32.8036,-79.93233,0.0,,,37,10,6,
338068521,2025-01-08T00:02:23Z,33.98196,-118.44885,0.0,124.6,,37,14,5,
368073280,2025-01-08T00:01:16Z,29.74434,-95.09602,0.0,96.9,54,31,19,8,
338303768,2025-01-08T00:02:52Z,39.28284,-76.6089,0.0,313.9,,36,16,5,
367514520,2025-01-08T00:01:42Z,29.65739,-90.14766,3.7,67.1,,31,18,7,2.2
367340460,2025-01-08T00:01:39Z,29.38499,-94.76877,0.0,315.7,227,31,27,9,2.8
538009232,2025-01-08T00:01:20Z,40.48548,-73.46152,3.2,243.3,254,89,183,32,10.4
215251000,2025-01-08T00:01:18Z,40.48527,-73.58778,0.6,29.1,322,71,366,48,14.4
503080560,2025-01-08T00:01:06Z,41.57052,-71.44547,0.0,,319,36,20,5,
367777460,2025-01-08T00:02:27Z,27.91153,-82.44126,0.0,207.8,52,52,28,12,5.2
367702240,2025-01-08T00:02:27Z,29.85402,-90.01931,0.0,151.9,30,31,282,22,2.9
368064650,2025-01-08T00:01:24Z,33.72374,-118.27953,0.0,,,37,26,6,
368050920,2025-01-08T00:02:29Z,29.72744,-95.22325,0.0,0.0,357,57,118,34,3.1
338228903,2025-01-08T00:01:24Z,45.5929,-122.53141,0.0,117.0,,36,10,4,
367595190,2025-01-08T00:01:25Z,26.27219,-80.09127,0.0,47.5,,37,27,6,
338227114,2025-01-08T00:01:25Z,47.29491,-122.41865,0.0,342.0,,37,15,4,
338158000,2025-01-08T00:02:33Z,37.62549,-123.53791,13.5,289.4,290,80,183,32,9.0
319271300,2025-01-08T00:02:35Z,25.78638,-80.18028,0.0,357.2,357,37,70,12,3.7
366986160,2025-01-08T00:02:35Z,29.65606,-91.12403,0.0,302.6,240,30,33,9,
367403140,2025-01-08T00:01:26Z,44.10298,-69.10298,0.0,278.2,,80,19,6,3.0
636023860,2025-01-08T00:01:58Z,27.74688,-92.47253,12.9,323.9,320,80,299,46,9.6
367691950,2025-01-08T00:01:11Z,30.21912,-93.24872,0.0,313.5,71,31,115,34,3.1
431585000,2025-01-08T00:01:09Z,34.53003,-75.45647,16.2,42.3,34,70,200,32,8.7
368183570,2025-01-08T00:01:12Z,27.91252,-82.44164,0.0,348.3,,57,10,4,
367343990,2025-01-08T00:01:11Z,41.70657,-87.47406,9.2,310.3,,52,20,5,3.0
612345678,2025-01-08T00:01:36Z,30.54177,-87.90075,0.1,,,37,13,,
368228930,2025-01-08T00:01:11Z,18.19892,-65.60074,6.8,297.0,,31,30,12,3.2
368141170,2025-01-08T00:01:18Z,25.78874,-80.22983,0.0,,,37,24,6,
367080810,2025-01-08T00:00:06Z,29.62297,-91.04643,5.5,255.8,,31,17,7,9.0
367650950,2025-01-08T00:01:43Z,34.24378,-119.26161,0.0,98.3,,36,14,4,
368317110,2025-01-08T00:01:09Z,30.38822,-81.46152,1.3,192.4,,52,15,6,1.5
367761740,2025-01-08T00:01:19Z,29.56737,-94.41997,0.0,,,70,30,10,2.0
367554880,2025-01-08T00:01:20Z,48.66981,-123.4056,0.0,,,37,16,6,
368075010,2025-01-08T00:01:22Z,25.70542,-80.25018,0.0,,,37,21,9,
367073370,2025-01-08T00:01:14Z,30.0239,-90.83911,0.0,302.1,,52,34,10,
368226590,2025-01-08T00:01:49Z,47.68366,-122.40476,0.0,219.9,,36,10,4,
367502670,2025-01-08T00:02:27Z,32.50042,-80.78393,0.0,,,52,19,8,
368067690,2025-01-08T00:00:25Z,29.29062,-94.8902,1.9,208.8,217,31,205,18,3.2
367502170,2025-01-08T00:02:28Z,29.91834,-90.14106,0.0,238.0,347,31,114,17,2.7
367798840,2025-01-08T00:01:38Z,26.34491,-80.07287,0.0,139.6,44,37,14,8,
371185000,2025-01-08T00:00:39Z,34.09318,-119.18883,0.3,6.0,323,70,190,28,7.5
338516576,2025-01-08T00:01:16Z,32.71428,-117.23269,0.0,,,37,16,5,
367087950,2025-01-08T00:01:28Z,29.84915,-93.97043,0.0,51.5,326,31,116,34,3.2
338032241,2025-01-08T00:01:40Z,33.98086,-118.44917,0.0,0.0,,37,15,5,
367669370,2025-01-08T00:01:16Z,47.65955,-122.38128,0.0,285.7,0,30,47,11,3.8
368562000,2025-01-08T00:01:20Z,48.49285,-122.68231,0.0,,,30,10,3,
367726810,2025-01-08T00:01:30Z,40.47706,-73.86012,4.2,69.0,,69,17,5,
367691190,2025-01-08T00:01:11Z,29.70716,-95.0453,0.0,320.9,,31,135,34,3.0
636092878,2025-01-08T00:01:12Z,38.55954,-74.67234,0.2,64.8,304,70,256,37,11.5
367560980,2025-01-08T00:01:36Z,27.62702,-82.56346,0.0,28.3,262,31,30,13,5.3
368142710,2025-01-08T00:01:16Z,30.02491,-90.47513,0.0,230.3,,31,20,8,9.6
367751250,2025-01-08T00:01:44Z,32.20473,-80.23264,8.7,210.4,208,37,14,8,
367618990,2025-01-08T00:01:17Z,35.02072,-90.25907,3.5,94.8,91,32,43,13,
338518154,2025-01-08T00:01:22Z,27.9749,-82.80148,0.0,22.5,269,37,27,8,
367628640,2025-01-08T00:01:49Z,26.77287,-80.05095,0.0,34.9,,37,28,6,
368134150,2025-01-08T00:01:23Z,29.70323,-94.925,1.7,352.2,,52,15,5,2.2
367503240,2025-01-08T00:01:25Z,29.61865,-94.95779,7.2,162.1,163,31,214,17,3.1
368237160,2025-01-08T00:01:27Z,29.93711,-90.00358,0.0,37.1,305,52,207,18,3.0
368243510,2025-01-08T00:01:43Z,48.57116,-123.16738,1.2,,,37,,,
366779000,2025-01-08T00:01:29Z,47.27409,-122.45629,0.0,145.8,112,70,208,30,8.0
338301547,2025-01-08T00:01:21Z,35.67342,-76.05674,0.1,50.0,,37,15,4,
367379810,2025-01-08T00:01:32Z,29.93698,-90.32345,0.9,277.1,,31,23,9,10.0
368276870,2025-01-08T00:01:30Z,26.75551,-80.04321,0.2,,,36,16,7,
368246350,2025-01-08T00:01:31Z,39.79989,-74.18423,0.0,,,37,20,6,
563211600,2025-01-08T00:01:32Z,15.25639,-66.0608,15.0,109.6,111,80,230,37,12.3
368346590,2025-01-08T00:01:33Z,37.05489,-76.28691,0.0,,,36,14,8,
367084780,2025-01-08T00:01:35Z,46.00984,-122.84866,0.0,343.3,,60,18,6,
367133950,2025-01-08T00:01:15Z,38.95841,-74.87567,0.0,0.0,,30,26,8,
367693040,2025-01-08T00:01:17Z,38.95846,-74.87541,0.0,99.6,,30,25,7,
368131000,2025-01-08T00:01:41Z,26.32531,-80.08853,0.0,,,37,18,5,
368014310,2025-01-08T00:01:35Z,27.97655,-82.82493,0.0,,,60,22,4,2.5
368080240,2025-01-08T00:01:19Z,41.54702,-71.34245,1.2,179.6,,30,30,8,
367505630,2025-01-08T00:02:30Z,30.06481,-90.90013,0.0,166.0,119,52,58,15,3.4
368310140,2025-01-08T00:01:45Z,47.39398,-122.46411,0.0,336.5,199,37,11,3,
367695640,2025-01-08T00:01:46Z,33.98134,-118.44586,0.0,252.2,,37,22,6,
367571450,2025-01-08T00:02:30Z,29.36053,-89.07972,17.0,107.1,,60,43,8,3.0
367327630,2025-01-08T00:02:27Z,29.98557,-93.8044,4.7,72.0,72,30,207,22,3.1
220504000,2025-01-08T00:01:12Z,36.04976,-127.07845,11.8,157.9,157,89,144,23,9.0
339915000,2025-01-08T00:02:28Z,25.7853,-80.17863,0.0,131.5,,37,36,11,
368390360,2025-01-08T00:02:29Z,30.04052,-90.01362,0.0,,,37,15,3,
338433352,2025-01-08T00:02:30Z,29.28083,-89.36168,0.0,,60,37,11,4,
366935420,2025-01-08T00:02:30Z,29.92884,-89.97415,0.0,273.4,,31,81,12,
338208078,2025-01-08T00:02:31Z,29.54985,-95.02711,0.0,247.1,,36,14,4,
367415390,2025-01-08T00:02:33Z,40.73217,-74.02298,14.9,153.8,,60,23,4,2.0
636024673,2025-01-08T00:01:13Z,36.15434,-123.8095,2.2,177.5,76,70,336,51,11.4
368237350,2025-01-08T00:02:33Z,29.76071,-95.10635,2.9,115.3,111,31,26,10,3.1
366990540,2025-01-08T00:01:17Z,40.76138,-74.00477,1.1,266.3,,60,30,8,2.0
367506730,2025-01-08T00:01:56Z,32.72726,-117.20387,0.0,63.7,,36,15,4,
316037764,2025-01-08T00:01:39Z,30.74393,-81.52534,0.0,,,36,12,4,
367661670,2025-01-08T00:01:19Z,29.98252,-90.40428,0.0,246.0,230,31,115,34,3.1
368288760,2025-01-08T00:01:16Z,33.6527,-79.09569,0.1,,,37,,,
366822520,2025-01-08T00:01:27Z,29.46763,-94.97022,0.0,295.7,,40,38,7,
367537070,2025-01-08T00:01:18Z,29.82698,-90.00261,0.0,,,60,14,6,
368165260,2025-01-08T00:01:29Z,35.10083,-90.08983,6.8,243.8,,31,21,8,3.0
319032800,2025-01-08T00:01:42Z,26.74825,-80.05107,0.0,202.1,95,37,60,11,3.5
538010983,2025-01-08T00:01:31Z,38.59977,-74.72487,0.6,203.2,297,70,186,35,9.5
366951660,2025-01-08T00:01:21Z,47.66694,-122.39142,0.0,173.9,178,52,15,14,4.0
338348251,2025-01-08T00:01:22Z,39.3609,-75.88308,0.0,,,37,12,4,
338389772,2025-01-08T00:01:48Z,47.54375,-122.63877,0.1,145.3,,36,11,4,
367787790,2025-01-08T00:01:50Z,30.1171,-85.60067,0.0,83.1,,37,33,7,
367570750,2025-01-08T00:02:31Z,29.40055,-94.75229,0.1,,,31,29,10,10.0
366896060,2025-01-08T00:02:33Z,29.72082,-93.86459,0.0,331.9,237,50,21,7,
367581220,2025-01-08T00:02:34Z,37.82189,-122.31127,0.1,240.0,295,52,33,13,5.7
338498846,2025-01-08T00:02:34Z,26.77343,-80.05047,0.0,82.1,2,37,16,,
367365380,2025-01-08T00:01:23Z,40.64151,-74.1312,0.0,254.7,223,52,25,9,3.0
367772272,2025-01-08T00:02:34Z,37.82765,-76.27805,0.0,,,30,54,12,
367586920,2025-01-08T00:01:25Z,40.64221,-74.11817,0.0,162.8,343,31,39,12,5.5
338109454,2025-01-08T00:02:34Z,26.99884,-80.09199,0.0,,,37,9,3,
368325040,2025-01-08T00:01:32Z,40.68598,-74.07738,0.0,274.9,267,52,21,8,2.8
367690950,2025-01-08T00:01:25Z,30.14992,-91.32758,0.1,323.5,,31,390,6,3.9
368067690,2025-01-08T00:01:34Z,29.29009,-94.89054,1.9,210.0,221,31,205,18,3.2
367626860,2025-01-08T00:02:35Z,46.16813,-123.04948,0.0,338.5,,36,13,4,
367686010,2025-01-08T00:01:25Z,41.70553,-71.16532,0.0,234.0,333,31,33,10,
366870980,2025-01-08T00:01:27Z,36.83651,-76.24814,0.0,265.3,209,31,26,9,
319079700,2025-01-08T00:01:10Z,27.45833,-80.32333,0.1,141.0,,37,60,10,3.5
367725050,2025-01-08T00:00:50Z,46.16837,-123.9141,0.0,54.1,,30,27,7,
338399679,2025-01-08T00:00:44Z,27.77127,-82.63056,0.0,,,37,20,5,
368063040,2025-01-08T00:02:27Z,27.82789,-97.49665,0.0,94.6,304,52,82,18,3.1
367702480,2025-01-08T00:01:05Z,30.51327,-91.24453,7.1,67.9,69,31,83,12,3.6
367516330,2025-01-08T00:01:06Z,29.9591,-90.29153,9.9,56.9,62,52,20,10,2.9
338254368,2025-01-08T00:00:58Z,38.32738,-75.10431,0.0,0.0,,30,14,5,
367505630,2025-01-08T00:01:10Z,30.06481,-90.90013,0.0,166.3,119,52,58,15,3.4
367757990,2025-01-08T00:00:59Z,47.62943,-122.39172,0.0,179.0,,37,15,5,
249667000,2025-01-08T00:02:29Z,18.57669,-66.05027,19.5,40.8,42,69,317,48,9.0
368335380,2025-01-08T00:00:51Z,48.50382,-122.60463,0.4,52.5,,37,13,4,
367441040,2025-01-08T00:02:28Z,38.41277,-82.49079,0.0,149.6,71,52,34,8,2.9
352002038,2025-01-08T00:02:35Z,18.45973,-66.1019,0.0,,,31,30,11,3.8
367791410,2025-01-08T00:01:16Z,29.5709,-89.51135,0.0,321.4,,60,14,4,2.0
368370350,2025-01-08T00:01:24Z,29.92571,-90.06006,0.2,242.5,216,57,23,11,3.0
367539810,2025-01-08T00:01:26Z,29.9824,-90.40424,0.1,317.7,232,31,211,17,3.0
367511740,2025-01-08T00:01:00Z,42.04906,-124.26841,0.1,339.3,174,30,21,6,
367702150,2025-01-08T00:01:29Z,29.9721,-90.39911,0.0,307.5,344,31,484,54,3.7
367672140,2025-01-08T00:01:37Z,33.72355,-118.28044,0.0,112.6,,60,25,6,
367312120,2025-01-08T00:01:03Z,28.94308,-90.03369,0.6,220.8,,60,45,15,
367756350,2025-01-08T00:02:27Z,32.84875,-79.9361,0.0,93.8,243,52,28,12,5.2
368352560,2025-01-08T00:01:16Z,30.29146,-87.55082,0.0,320.0,6,37,17,6,
366993120,2025-01-08T00:01:10Z,29.93594,-90.33728,0.0,323.5,,31,22,9,2.8
338708000,2025-01-08T00:01:51Z,29.91482,-90.07673,0.0,275.9,243,31,172,24,8.1
316003351,2025-01-08T00:01:31Z,49.11807,-123.16403,0.0,,,30,23,6,
238179000,2025-01-08T00:02:32Z,28.87054,-89.37401,0.1,7.6,70,70,183,32,9.2
368266590,2025-01-08T00:01:13Z,29.74457,-95.09636,0.0,121.6,43,52,26,14,14.6
248820000,2025-01-08T00:01:42Z,48.42715,-123.38356,0.0,0.0,226,37,37,8,
367615990,2025-01-08T00:02:30Z,29.31469,-94.77878,0.0,,,90,29,8,
316039252,2025-01-08T00:01:33Z,49.26034,-125.86525,0.0,,,99,,,
338376771,2025-01-08T00:01:23Z,33.92993,-77.99665,0.0,,,37,21,6,
368121840,2025-01-08T00:01:24Z,45.6065,-122.66375,0.1,,,37,12,4,
367014420,2025-01-08T00:02:36Z,31.0006,-91.66433,0.0,223.6,306,52,23,8,1.8
319937000,2025-01-08T00:02:31Z,26.09762,-80.16365,0.0,106.6,357,37,50,11,2.4
316009316,2025-01-08T00:01:53Z,43.11447,-79.19535,0.0,292.8,,31,20,5,3.1
319259900,2025-01-08T00:01:24Z,25.69191,-80.17516,0.1,,,37,,,
367600750,2025-01-08T00:02:30Z,27.82774,-97.4967,0.0,240.3,308,31,22,9,3.4
366969140,2025-01-08T00:02:47Z,29.71309,-95.05644,0.0,322.1,7,31,16,6,2.1
241693000,2025-01-08T00:01:38Z,28.92861,-87.35434,12.3,141.5,142,70,199,32,6.7
366984850,2025-01-08T00:01:25Z,38.17693,-90.30634,6.1,104.0,110,31,357,33,2.8
339002000,2025-01-08T00:02:35Z,26.09136,-80.175,0.1,152.0,238,37,47,9,
471706202,2025-01-08T00:01:38Z,29.95121,-90.01511,0.1,,,50,14,5,
316011603,2025-01-08T00:01:53Z,49.2221,-122.83935,0.1,199.4,,31,20,7,1.5
367063060,2025-01-08T00:01:26Z,38.78817,-75.16133,0.2,163.0,352,90,48,10,4.0
367188610,2025-01-08T00:02:33Z,27.94187,-82.44898,0.0,0.0,,60,41,8,2.0
367113260,2025-01-08T00:01:25Z,25.63459,-80.29261,0.0,267.0,,37,35,8,2.2
368103550,2025-01-08T00:02:37Z,38.1867,-90.33202,0.0,266.0,,52,106,14,
368240710,2025-01-08T00:02:13Z,48.4966,-122.6,0.0,319.8,229,37,27,7,2.2
367536590,2025-01-08T00:01:11Z,29.7814,-95.07555,0.0,20.8,24,31,116,34,3.1
367643140,2025-01-08T00:01:25Z,29.37216,-89.55291,0.0,239.7,,68,20,5,1.5
367769180,2025-01-08T00:01:26Z,36.9135,-76.33977,2.2,230.0,,52,28,12,6.0
368376570,2025-01-08T00:01:27Z,47.6284,-122.38868,0.1,82.4,,37,11,4,
367442390,2025-01-08T00:02:31Z,29.33547,-94.69653,13.1,287.0,290,50,20,7,1.0
316001633,2025-01-08T00:01:35Z,43.29639,-79.81808,0.3,43.2,308,70,225,24,6.9
368128420,2025-01-08T00:01:31Z,38.10522,-90.23807,0.0,151.3,313,31,20,7,3.0
366969140,2025-01-08T00:01:37Z,29.71308,-95.05644,0.0,330.2,7,31,16,6,2.1
366920910,2025-01-08T00:01:48Z,40.66447,-74.06943,0.0,303.8,218,31,36,9,5.0
368359850,2025-01-08T00:01:12Z,40.64292,-80.47741,0.4,225.1,253,57,211,12,2.4
419001940,2025-01-08T00:01:11Z,17.5175,-64.72736,0.3,234.8,166,80,183,32,11.7
367473540,2025-01-08T00:02:42Z,32.08722,-81.09871,0.0,245.0,,31,20,7,4.0
367604770,2025-01-08T00:02:28Z,30.39886,-91.21274,24.5,33.4,,69,12,5,1.6
368036150,2025-01-08T00:01:12Z,27.83054,-97.13005,3.6,80.1,,31,13,6,2.5
366934770,2025-01-08T00:01:32Z,36.80454,-121.78587,0.0,204.1,,30,25,7,
368386990,2025-01-08T00:02:31Z,29.73378,-95.13794,0.0,205.1,99,57,114,34,2.8
367401660,2025-01-08T00:02:32Z,29.81689,-90.00577,0.0,273.9,,30,19,6,
367620210,2025-01-08T00:01:12Z,29.78565,-95.09586,0.0,47.9,340,31,112,18,3.2
368188410,2025-01-08T00:01:35Z,47.63284,-122.33963,0.0,215.2,,37,18,4,
367766260,2025-01-08T00:01:32Z,42.24415,-70.96904,0.1,256.9,,31,25,12,4.0
316018605,2025-01-08T00:01:49Z,49.21587,-123.18152,11.8,290.8,,90,10,5,
366975740,2025-01-08T00:01:27Z,37.81407,-122.45386,10.3,272.2,,60,25,8,2.6
338134000,2025-01-08T00:02:32Z,25.19673,-80.08614,15.1,26.0,25,52,206,24,8.6
367593540,2025-01-08T00:02:27Z,26.71413,-80.04809,0.0,285.0,2,37,35,8,2.2
368310440,2025-01-08T00:02:31Z,31.69487,-81.27181,0.0,,,36,15,5,
368172960,2025-01-08T00:02:29Z,30.37059,-88.56418,0.0,3.6,3,31,42,14,6.4
367191190,2025-01-08T00:02:21Z,40.76991,-73.8498,0.0,276.3,345,31,46,24,4.1
367444740,2025-01-08T00:02:27Z,29.62317,-91.04333,3.5,75.8,,31,205,22,3.2
368332760,2025-01-08T00:02:31Z,29.61384,-95.00208,7.6,268.7,268,52,25,10,
367539810,2025-01-08T00:02:35Z,29.9824,-90.40425,0.0,155.6,231,31,211,17,3.0
538071854,2025-01-08T00:02:33Z,18.69382,-66.66045,11.7,289.1,287,37,60,10,3.4
338092932,2025-01-08T00:01:55Z,45.86555,-122.79701,0.0,0.0,,36,12,4,
366984870,2025-01-08T00:01:20Z,35.19012,-90.06269,5.2,351.0,355,31,421,,3.6
366193000,2025-01-08T00:01:38Z,30.36973,-88.56458,0.0,292.2,,31,41,11,5.9
366996310,2025-01-08T00:02:32Z,36.96148,-76.40959,0.1,54.2,,31,18,7,2.6
367388530,2025-01-08T00:01:58Z,36.95323,-76.32791,0.0,325.1,106,52,28,10,4.0
367702380,2025-01-08T00:02:28Z,30.00699,-90.79168,3.6,46.7,265,31,23,10,3.0
367501660,2025-01-08T00:02:28Z,29.30884,-94.81023,0.0,257.1,92,31,208,18,2.5
367506840,2025-01-08T00:01:45Z,30.3443,-88.50727,0.0,,,31,24,9,
367648680,2025-01-08T00:01:46Z,29.94922,-90.02527,0.0,255.8,,60,81,17,2.6
368266590,2025-01-08T00:02:32Z,29.7446,-95.0964,0.0,121.6,44,52,26,14,14.6
367390380,2025-01-08T00:02:33Z,47.63505,-122.32833,0.0,267.4,,30,90,13,7.0
352001822,2025-01-08T00:01:22Z,29.39967,-93.60707,0.3,345.0,15,80,229,37,9.3
368234460,2025-01-08T00:02:34Z,27.62711,-82.56399,0.0,178.9,,52,24,10,3.3
368328130,2025-01-08T00:01:29Z,29.42304,-89.87447,0.0,272.9,,52,15,6,2.0
367602890,2025-01-08T00:02:34Z,29.14546,-90.20556,0.0,77.4,158,70,95,20,6.0
636017731,2025-01-08T00:01:09Z,31.86594,-117.47715,17.5,339.9,338,79,202,28,8.8
367557410,2025-01-08T00:01:29Z,30.05866,-93.57513,4.0,269.9,269,31,206,12,3.1
368036150,2025-01-08T00:02:33Z,27.83079,-97.12855,3.5,78.1,,31,13,6,2.5
367493350,2025-01-08T00:01:35Z,27.91198,-82.44365,4.8,168.3,,69,51,12,2.0
367464840,2025-01-08T00:01:12Z,29.61787,-89.89303,0.1,278.9,,31,9,11,
367339560,2025-01-08T00:02:37Z,43.6573,-70.24932,0.0,222.3,,58,19,,
368174490,2025-01-08T00:01:28Z,30.0269,-90.47441,8.8,183.4,,31,9,8,
338028795,2025-01-08T00:01:15Z,47.33113,-122.58015,0.0,,,37,15,5,
367480250,2025-01-08T00:01:28Z,41.66674,-87.44404,0.0,350.3,47,52,222,22,5.6
367769180,2025-01-08T00:02:36Z,36.91351,-76.34032,2.5,321.8,,52,28,12,6.0
368344630,2025-01-08T00:00:38Z,29.31312,-94.795,0.0,217.3,154,70,85,18,3.5
367133910,2025-01-08T00:00:06Z,33.76551,-118.25557,0.0,259.6,,51,22,8,4.0
367441040,2025-01-08T00:01:17Z,38.41277,-82.49079,0.0,149.6,71,52,34,8,2.9
368243930,2025-01-08T00:01:24Z,41.55476,-71.40487,2.8,327.1,326,30,22,7,
477127900,2025-01-08T00:02:36Z,32.0504,-117.8121,12.1,114.4,113,71,337,48,14.2
366975740,2025-01-08T00:02:36Z,37.81462,-122.45798,10.4,269.1,,60,25,8,2.6
368253810,2025-01-08T00:01:17Z,45.73523,-122.85237,0.0,214.5,,37,17,6,
565475000,2025-01-08T00:01:23Z,24.22216,-80.44736,12.8,51.9,50,71,209,30,8.0
366920910,2025-01-08T00:00:28Z,40.66447,-74.06945,0.0,139.9,217,31,36,9,5.0
366773090,2025-01-08T00:01:10Z,47.51104,-122.46327,0.0,195.8,215,60,94,22,4.3
538009715,2025-01-08T00:01:28Z,28.93258,-89.40956,10.2,32.9,30,80,185,32,8.4
367473540,2025-01-08T00:01:22Z,32.08723,-81.09872,0.0,245.0,,31,20,7,4.0
367691660,2025-01-08T00:01:27Z,33.74882,-118.11406,0.0,235.1,,30,15,4,
440186000,2025-01-08T00:01:26Z,49.30136,-123.08313,0.0,191.3,92,70,230,38,7.1
368217380,2025-01-08T00:02:36Z,29.96358,-93.86198,0.0,70.1,,31,17,8,
377908000,2025-01-08T00:02:37Z,25.32883,-79.96959,12.5,203.4,184,70,90,17,4.9
367588670,2025-01-08T00:01:15Z,29.57025,-89.79742,0.0,284.2,,31,45,10,1.4
338236856,2025-01-08T00:01:23Z,34.72371,-76.66607,0.0,235.7,,37,15,7,
316002238,2025-01-08T00:01:14Z,41.72515,-87.49952,1.8,308.1,,31,40,10,4.6
368319610,2025-01-08T00:01:12Z,29.67254,-91.45256,7.9,295.9,297,52,20,9,2.9
338473134,2025-01-08T00:01:27Z,33.72296,-118.06678,0.0,228.9,198,37,15,5,
368393340,2025-01-08T00:01:28Z,39.88056,-75.19983,0.0,318.2,,33,,,
367658490,2025-01-08T00:01:29Z,29.62173,-85.27095,2.9,92.8,,30,30,8,
367695890,2025-01-08T00:01:16Z,29.48555,-94.59729,3.1,244.0,248,31,205,18,2.5
368009990,2025-01-08T00:01:17Z,34.72579,-90.48341,0.1,314.1,68,31,48,16,2.8
368072830,2025-01-08T00:01:21Z,30.7517,-91.39941,0.0,89.5,252,31,24,16,
367388450,2025-01-08T00:01:30Z,30.27624,-91.1437,7.8,107.1,115,31,85,11,3.0
477929100,2025-01-08T00:01:18Z,32.11499,-124.04727,16.0,139.3,137,70,366,51,15.1
338032349,2025-01-08T00:01:30Z,32.39612,-80.67767,0.3,50.8,,37,13,5,
367396790,2025-01-08T00:01:25Z,37.79701,-122.32631,3.3,109.6,89,52,30,11,
367472940,2025-01-08T00:01:27Z,38.40193,-82.56567,0.0,187.0,,52,44,14,3.0
366685950,2025-01-08T00:01:11Z,32.71525,-117.17729,5.8,89.8,108,60,44,9,3.0
367456820,2025-01-08T00:01:27Z,29.98677,-93.91302,7.0,103.1,101,31,115,18,2.6
367352290,2025-01-08T00:01:11Z,33.36707,-79.28715,0.0,0.0,,36,14,4,
366902570,2025-01-08T00:01:28Z,27.69354,-82.7197,0.0,265.0,116,50,19,6,1.5
367533940,2025-01-08T00:02:37Z,30.25408,-88.53061,7.5,88.7,83,31,106,18,2.8
338468663,2025-01-08T00:01:17Z,47.62061,-122.52183,0.0,207.9,,37,11,4,
366601000,2025-01-08T00:01:30Z,30.3373,-88.50801,0.0,159.6,19,90,64,13,4.0
367351510,2025-01-08T00:01:34Z,29.78623,-95.08477,0.0,45.1,,32,17,6,3.0
367701120,2025-01-08T00:01:17Z,24.56465,-81.73381,0.0,,,30,20,6,
377908000,2025-01-08T00:01:26Z,25.33259,-79.96779,12.3,204.6,184,70,90,17,4.9
636018861,2025-01-08T00:01:18Z,33.61038,-118.03645,0.0,214.0,105,80,228,32,8.5
367716710,2025-01-08T00:01:04Z,28.20511,-80.61291,0.3,66.2,,37,13,6,
353706000,2025-01-08T00:01:30Z,31.13197,-81.53557,0.0,81.0,132,70,199,37,9.7
367507220,2025-01-08T00:01:17Z,29.96822,-90.39843,0.0,243.3,355,31,213,18,2.9
368078650,2025-01-08T00:01:22Z,25.69056,-80.25778,0.0,175.1,,37,23,,
367631990,2025-01-08T00:01:24Z,29.95815,-90.23292,8.5,126.2,,52,19,8,3.0
367012530,2025-01-08T00:01:08Z,39.89244,-75.19191,0.0,351.9,,52,24,11,4.0
538080044,2025-01-08T00:01:19Z,18.33358,-64.95198,0.1,342.5,217,37,50,10,2.5
367524240,2025-01-08T00:01:19Z,30.36867,-91.23976,8.5,227.1,,31,23,8,2.7
368360610,2025-01-08T00:02:29Z,29.60065,-89.85175,0.0,263.1,292,52,30,20,
367466470,2025-01-08T00:02:28Z,30.06618,-90.86752,0.0,318.2,,52,19,7,3.0
367074940,2025-01-08T00:02:28Z,29.15713,-89.34903,0.0,96.8,87,52,20,8,2.2
316022498,2025-01-08T00:01:22Z,49.29491,-123.13302,0.0,289.6,,60,26,8,2.3
368155170,2025-01-08T00:01:27Z,30.11478,-91.31803,0.0,336.4,325,52,120,34,3.1
368057280,2025-01-08T00:00:31Z,37.05558,-76.2872,0.0,158.4,194,36,16,8,
368329530,2025-01-08T00:01:22Z,36.83665,-76.24787,0.0,244.0,,52,28,8,
367171930,2025-01-08T00:02:32Z,29.93856,-90.00605,0.0,135.8,305,31,27,10,3.1
338433185,2025-01-08T00:00:53Z,33.72304,-118.06689,0.0,20.5,188,37,22,20,
538009715,2025-01-08T00:02:37Z,28.93545,-89.40765,10.2,29.1,29,80,185,32,8.4
563194900,2025-01-08T00:02:33Z,33.70376,-120.36114,13.9,273.4,275,70,336,51,14.9
316044662,2025-01-08T00:01:01Z,39.14115,-76.25922,0.0,143.5,,36,16,6,
368122650,2025-01-08T00:01:12Z,29.84759,-92.35092,5.0,291.3,284,57,238,14,3.0
338469075,2025-01-08T00:01:04Z,47.62998,-122.39354,0.0,,,37,12,4,
367455690,2025-01-08T00:02:34Z,46.25803,-123.55343,10.5,262.6,,30,20,6,
338334269,2025-01-08T00:01:06Z,38.67654,-77.25228,0.0,,,37,14,5,
367692750,2025-01-08T00:01:00Z,29.61895,-94.99989,0.1,,,36,16,4,
367546250,2025-01-08T00:01:50Z,33.74175,-118.15675,0.4,328.1,37,32,35,10,4.1
368002610,2025-01-08T00:01:01Z,29.10817,-87.94352,0.0,45.0,,90,200,,
338385639,2025-01-08T00:01:13Z,47.91536,-122.39299,0.0,,,37,9,3,
538009686,2025-01-08T00:02:28Z,29.82467,-93.3485,10.5,178.5,177,82,183,32,10.5
338190648,2025-01-08T00:01:02Z,28.62036,-80.80919,0.1,137.4,,36,10,4,
368351150,2025-01-08T00:01:22Z,29.74489,-93.8691,0.0,314.6,132,52,31,13,
369043000,2025-01-08T00:02:32Z,28.85589,-89.43265,11.5,357.9,2,80,183,32,8.5
338339000,2025-01-08T00:01:16Z,29.14395,-90.21288,0.0,77.1,158,98,80,18,5.2
368357020,2025-01-08T00:02:28Z,29.73744,-94.09001,3.9,226.2,229,57,207,23,3.0
366685950,2025-01-08T00:02:33Z,32.71529,-117.17519,3.7,90.2,107,60,44,9,3.0
367369920,2025-01-08T00:01:24Z,29.83344,-93.95218,0.0,,,52,13,8,2.0
338236435,2025-01-08T00:01:08Z,48.46328,-122.96959,0.0,147.8,,37,12,4,
367658440,2025-01-08T00:02:30Z,29.83685,-90.06347,4.1,217.1,220,31,24,9,3.1
367423260,2025-01-08T00:02:31Z,30.18096,-89.34907,6.7,266.3,,31,171,17,7.6
338208645,2025-01-08T00:01:27Z,47.72686,-122.64385,0.0,131.6,,37,12,4,
367695890,2025-01-08T00:02:36Z,29.48508,-94.59866,3.7,252.7,250,31,205,18,2.5
368328620,2025-01-08T00:01:16Z,30.78433,-91.54688,3.8,50.0,36,57,165,33,3.1
367608860,2025-01-08T00:01:18Z,47.97458,-122.34919,0.0,344.4,327,60,110,25,
366211560,2025-01-08T00:02:33Z,38.94915,-74.90713,0.0,241.1,,30,32,8,3.3
518100920,2025-01-08T00:01:02Z,18.31634,-64.61835,0.3,352.4,,36,19,8,
367581980,2025-01-08T00:01:25Z,29.78339,-93.33164,0.0,39.1,,79,39,10,4.0
366985270,2025-01-08T00:01:10Z,37.80911,-122.41108,0.1,256.4,,60,24,9,2.4
368056750,2025-01-08T00:01:14Z,32.85456,-79.95256,0.0,168.0,233,52,33,12,
368355550,2025-01-08T00:01:10Z,27.83911,-97.06114,0.0,,6,37,20,7,
366989120,2025-01-08T00:01:14Z,29.65183,-91.10321,0.0,281.3,,60,53,10,1.4
367075220,2025-01-08T00:01:22Z,29.17031,-95.11835,5.3,235.7,234,52,18,7,2.5
367751160,2025-01-08T00:01:31Z,30.31281,-88.07398,5.7,55.1,50,31,208,18,3.1
367605680,2025-01-08T00:01:06Z,29.11291,-90.19582,0.0,153.0,204,70,39,8,2.6
319751000,2025-01-08T00:02:29Z,25.93872,-80.13943,0.0,84.4,178,37,37,8,2.3
367690480,2025-01-08T00:01:25Z,47.54418,-122.63763,0.0,15.2,,37,9,3,
367702280,2025-01-08T00:02:33Z,30.27913,-91.18591,4.0,273.9,271,31,362,,3.6
366999275,2025-01-08T00:01:24Z,36.85732,-76.30776,0.0,184.3,,90,17,6,
367128160,2025-01-08T00:01:07Z,40.44537,-80.01933,0.0,0.0,,37,30,8,
367768250,2025-01-08T00:02:30Z,27.84285,-97.07015,4.7,340.4,,60,26,14,3.6
367671160,2025-01-08T00:01:26Z,27.84758,-97.06164,0.0,292.1,229,31,139,34,3.3
368056750,2025-01-08T00:02:34Z,32.85456,-79.95257,0.0,168.0,233,52,33,12,
366798280,2025-01-08T00:01:11Z,47.6672,-122.39372,0.0,267.2,181,31,22,10,2.0
338379197,2025-01-08T00:01:11Z,48.75772,-122.49975,0.0,,,37,17,4,
366986380,2025-01-08T00:02:37Z,45.567,-122.71561,0.0,,308,33,61,18,5.0
366961550,2025-01-08T00:01:25Z,30.04938,-90.53933,0.0,43.0,279,31,79,12,2.5
338200114,2025-01-08T00:01:31Z,36.80302,-121.78499,0.0,243.8,,67,13,6,
368047580,2025-01-08T00:01:26Z,29.38097,-94.87773,6.0,278.2,273,52,115,10,2.3
338304735,2025-01-08T00:01:38Z,48.99392,-122.75807,0.0,52.1,,37,20,6,
316044832,2025-01-08T00:01:27Z,49.3202,-123.15508,5.9,102.0,,52,13,6,2.3
367308990,2025-01-08T00:01:15Z,30.25626,-88.4035,4.9,263.0,267,31,27,9,3.0
367514360,2025-01-08T00:01:28Z,29.9523,-90.38862,0.0,320.9,127,30,207,18,3.3
538009130,2025-01-08T00:01:13Z,36.85339,-75.80782,9.5,300.6,302,70,200,32,7.4
368457000,2025-01-08T00:01:05Z,33.77366,-118.24673,1.0,,,36,14,4,
367710320,2025-01-08T00:01:28Z,38.5414,-90.24959,0.0,,,31,15,6,
368303380,2025-01-08T00:02:42Z,30.01362,-90.76759,8.9,75.1,,31,19,9,
367716440,2025-01-08T00:01:23Z,26.83213,-80.05388,0.0,228.0,,37,34,7,
368019930,2025-01-08T00:01:32Z,34.1478,-119.20301,0.0,2.2,268,52,24,10,3.2
369234000,2025-01-08T00:02:12Z,48.51315,-122.64528,0.0,344.9,242,98,71,18,5.9
368128060,2025-01-08T00:01:23Z,30.0145,-90.83007,0.1,330.0,,60,14,5,
368627000,2025-01-08T00:01:24Z,29.95233,-93.86364,0.0,36.0,182,70,76,16,5.5
368368870,2025-01-08T00:02:35Z,29.73708,-95.14151,0.0,295.1,,12,14,6,3.0
368189130,2025-01-08T00:01:24Z,47.65005,-122.3137,0.0,,,37,24,6,
367799380,2025-01-08T00:02:34Z,30.38685,-81.53859,9.8,78.1,80,70,220,32,8.9
366997390,2025-01-08T00:01:26Z,30.13236,-85.71447,0.0,12.0,,52,20,8,2.5
368294650,2025-01-08T00:02:37Z,30.38446,-88.27124,0.0,,,70,49,11,
367744470,2025-01-08T00:02:38Z,32.69404,-117.15223,0.0,257.7,222,31,30,8,10.0
367653620,2025-01-08T00:02:39Z,25.77331,-80.17597,0.1,243.1,301,52,28,12,5.0
366919210,2025-01-08T00:02:40Z,29.45813,-94.67179,7.3,247.0,244,31,34,10,2.6
563182200,2025-01-08T00:02:13Z,40.6608,-74.14755,0.0,0.0,207,71,335,51,14.0
367074530,2025-01-08T00:02:41Z,41.64736,-70.92095,0.0,79.8,,30,26,12,
367509840,2025-01-08T00:02:38Z,29.56452,-94.43902,3.5,268.1,,31,113,34,3.0
366997880,2025-01-08T00:01:08Z,29.932,-90.18567,4.6,233.0,234,52,22,8,3.1
377618000,2025-01-08T00:02:14Z,26.74849,-80.05102,0.0,292.0,95,37,54,9,3.5
338167484,2025-01-08T00:01:23Z,37.92419,-122.37269,0.0,0.0,,51,12,4,
368349000,2025-01-08T00:01:24Z,30.27727,-88.03529,1.9,12.4,9,30,108,24,16.7
366298000,2025-01-08T00:02:41Z,47.66345,-122.39088,0.0,356.3,179,30,39,10,4.0
367402520,2025-01-08T00:01:24Z,38.54464,-82.70397,5.3,305.7,306,31,35,10,3.3
368037320,2025-01-08T00:01:29Z,47.33505,-122.58747,0.0,221.7,,30,18,6,
477214400,2025-01-08T00:02:10Z,39.25355,-76.54607,0.0,224.0,307,71,231,32,12.2
369320000,2025-01-08T00:01:24Z,26.34337,-80.07708,0.0,163.9,154,37,40,8,2.4
370020000,2025-01-08T00:01:55Z,45.63924,-122.77788,0.0,220.0,229,70,180,32,7.0
367671080,2025-01-08T00:01:31Z,40.64128,-74.12983,0.0,133.3,209,52,28,12,4.6
367402210,2025-01-08T00:02:35Z,40.70808,-73.9846,17.3,265.6,,60,47,10,
368071000,2025-01-08T00:02:34Z,29.12269,-90.21018,0.0,256.7,237,60,70,17,3.2
367389230,2025-01-08T00:02:35Z,48.52368,-122.62603,8.7,345.5,4,60,38,13,2.5
367633250,2025-01-08T00:02:35Z,30.04436,-90.53813,0.0,211.7,271,52,12,8,3.0
367465980,2025-01-08T00:01:24Z,29.80595,-93.95476,0.1,165.4,,31,21,8,2.9
368353820,2025-01-08T00:02:27Z,29.85317,-93.34709,7.7,188.5,,31,26,7,1.5
367659930,2025-01-08T00:01:25Z,30.73904,-88.04085,0.0,,,31,18,8,
229347000,2025-01-08T00:01:48Z,24.50899,-79.91729,12.5,55.1,57,70,229,32,14.3
368062270,2025-01-08T00:01:09Z,30.30547,-87.50115,4.9,106.9,106,57,27,10,2.7
367484710,2025-01-08T00:01:30Z,40.41724,-74.03173,0.0,227.1,,60,20,6,
367149890,2025-01-08T00:01:28Z,36.83745,-76.27796,0.0,298.0,79,52,33,10,
368381850,2025-01-08T00:01:12Z,34.24526,-119.26365,0.1,,,36,15,8,
366933680,2025-01-08T00:01:10Z,29.74996,-95.28724,0.0,286.6,332,52,22,10,3.0
368295830,2025-01-08T00:01:33Z,30.40197,-86.69675,0.0,,,37,13,4,
367746730,2025-01-08T00:01:12Z,47.62966,-122.39397,0.0,96.6,281,36,12,4,
366919210,2025-01-08T00:01:31Z,29.45905,-94.6693,7.2,246.8,244,31,34,10,2.6
367638050,2025-01-08T00:01:20Z,29.97336,-90.39919,0.0,238.8,,31,357,,3.4
367535250,2025-01-08T00:01:12Z,38.58647,-90.20149,0.1,316.7,35,31,367,33,
368012890,2025-01-08T00:02:38Z,35.52583,-89.95448,0.0,97.9,,31,20,9,3.0
368102360,2025-01-08T00:01:11Z,38.50991,-90.26945,10.5,194.0,194,52,22,10,2.7
368009990,2025-01-08T00:02:28Z,34.7258,-90.48341,0.0,207.8,68,31,48,16,2.8
367581120,2025-01-08T00:01:13Z,29.75958,-95.11468,0.0,303.3,243,31,115,18,2.7
369493414,2025-01-08T00:01:15Z,38.31269,-123.05157,0.0,113.8,,51,14,4,1.4
367374930,2025-01-08T00:01:36Z,30.02646,-94.03699,0.0,217.2,246,31,206,17,2.7
366972410,2025-01-08T00:01:15Z,29.73887,-94.92529,0.0,326.2,,52,18,8,1.0
538008493,2025-01-08T00:02:32Z,29.96233,-90.39511,9.4,358.5,355,70,199,32,11.0
368194250,2025-01-08T00:01:38Z,29.78792,-95.06605,0.0,276.8,,52,18,8,2.2
366904380,2025-01-08T00:02:32Z,30.31847,-81.32599,3.4,48.5,40,32,33,10,4.6
368085790,2025-01-08T00:01:43Z,29.74018,-95.11202,6.9,249.1,251,52,84,10,2.5
368219430,2025-01-08T00:01:28Z,24.56427,-81.73888,0.0,98.9,96,37,18,5,
367379670,2025-01-08T00:02:34Z,39.8962,-75.19668,0.0,53.1,,31,24,9,
316052572,2025-01-08T00:01:29Z,49.29042,-122.9744,0.0,249.9,140,,23,12,
367456820,2025-01-08T00:02:38Z,29.98628,-93.91044,7.0,101.0,98,31,115,18,2.6
367745570,2025-01-08T00:01:10Z,28.90671,-95.36583,0.0,337.2,240,31,113,34,3.1
367558410,2025-01-08T00:02:29Z,30.2816,-88.94789,6.2,270.5,272,52,25,11,2.7
368114220,2025-01-08T00:01:13Z,48.67095,-123.40531,0.0,,,37,28,7,
367799380,2025-01-08T00:01:14Z,30.38623,-81.54253,8.6,81.3,81,70,220,32,8.9
366963860,2025-01-08T00:02:27Z,30.04744,-90.47623,0.8,250.0,,52,20,8,3.3
538004740,2025-01-08T00:01:04Z,29.93933,-90.35633,0.0,289.0,289,70,180,30,7.1
368175050,2025-01-08T00:01:21Z,26.09405,-80.17022,0.0,,,37,23,6,
241156000,2025-01-08T00:01:11Z,37.27642,-76.10303,0.0,152.9,311,70,229,32,11.9
367602530,2025-01-08T00:02:35Z,30.40466,-81.54705,0.3,32.7,104,52,29,10,
367131150,2025-01-08T00:01:33Z,30.01832,-93.98043,0.0,304.5,13,60,116,18,2.9
671317100,2025-01-08T00:01:31Z,18.33008,-64.96113,0.0,,25,99,27,8,3.6
368278070,2025-01-08T00:01:07Z,29.8709,-81.30356,0.0,,,37,17,4,
367465960,2025-01-08T00:01:39Z,29.54602,-90.70001,0.0,289.4,,31,20,8,3.0
367614020,2025-01-08T00:02:36Z,43.37212,-124.21048,0.0,229.3,,31,22,6,3.0
373415000,2025-01-08T00:01:48Z,30.35188,-81.62049,0.1,139.3,190,70,180,29,9.7
368315150,2025-01-08T00:02:31Z,29.95689,-90.23211,0.0,41.0,,31,19,7,2.9
367012730,2025-01-08T00:01:32Z,30.94843,-87.97607,5.3,7.2,7,31,117,34,3.1
368010420,2025-01-08T00:01:24Z,40.60665,-74.20568,0.8,72.5,20,31,134,24,4.6
538008591,2025-01-08T00:01:32Z,30.71372,-88.04248,0.1,263.5,300,70,200,32,12.0
367052130,2025-01-08T00:02:36Z,29.9252,-90.1357,0.0,291.2,,52,28,8,
367465980,2025-01-08T00:02:33Z,29.80595,-93.95475,0.0,167.2,,31,21,8,2.9
477631400,2025-01-08T00:01:15Z,29.32712,-94.66276,11.5,120.8,119,80,183,32,12.0
209705000,2025-01-08T00:01:38Z,26.76793,-80.05248,0.0,300.7,91,73,148,23,6.1
367560890,2025-01-08T00:01:21Z,29.62647,-89.92074,0.0,99.5,,31,17,7,
367779190,2025-01-08T00:01:08Z,25.72584,-80.23438,0.0,148.2,,36,12,4,
366709780,2025-01-08T00:02:33Z,47.80712,-122.41534,16.5,237.5,235,60,134,26,5.5
338462799,2025-01-08T00:01:08Z,27.49992,-82.57364,0.0,,,37,18,6,
367633250,2025-01-08T00:01:25Z,30.04436,-90.53813,0.0,211.7,272,52,12,8,3.0
316012406,2025-01-08T00:01:28Z,48.43193,-123.42815,0.0,,,31,14,4,
538005550,2025-01-08T00:01:27Z,29.06223,-94.67772,0.2,29.5,50,80,144,22,8.3
367721310,2025-01-08T00:02:31Z,29.7817,-90.06432,4.7,292.0,,52,17,7,
367538940,2025-01-08T00:01:28Z,29.78313,-95.09677,0.1,61.2,159,30,205,18,3.1
367524270,2025-01-08T00:01:19Z,29.71817,-95.02014,6.8,1.0,0,52,22,10,2.7
368392810,2025-01-08T00:01:28Z,26.76241,-80.04154,0.0,111.8,,37,12,6,
367571660,2025-01-08T00:02:29Z,29.74434,-95.10019,0.0,109.4,,31,21,9,2.9
367361210,2025-01-08T00:01:29Z,29.31859,-94.78633,0.0,203.0,45,31,110,18,3.0
319795000,2025-01-08T00:02:31Z,26.11232,-80.10867,0.0,320.6,10,37,43,9,2.4
368112640,2025-01-08T00:01:29Z,17.84419,-65.92474,4.4,213.7,,36,16,5,
368398010,2025-01-08T00:02:33Z,27.26656,-97.41286,5.3,193.3,193,31,23,10,2.6
563046800,2025-01-08T00:02:29Z,30.19858,-91.1081,0.1,235.6,240,80,180,28,10.7
367477560,2025-01-08T00:02:34Z,29.90679,-90.10149,0.0,301.8,245,31,119,18,3.1
369320000,2025-01-08T00:02:33Z,26.34337,-80.07705,0.0,163.9,154,37,40,8,2.4
368403000,2025-01-08T00:01:18Z,47.98264,-122.21854,0.0,263.8,107,32,38,8,4.6
316001104,2025-01-08T00:01:55Z,49.2905,-123.06088,0.0,251.1,320,52,25,10,
338519000,2025-01-08T00:01:13Z,48.11664,-122.75125,0.0,222.1,,40,22,9,1.0
366897820,2025-01-08T00:01:16Z,40.66261,-74.15678,0.0,329.1,,52,27,9,4.3
368264020,2025-01-08T00:02:33Z,29.1681,-89.3733,0.0,140.4,53,31,16,6,2.2
339244972,2025-01-08T00:01:16Z,34.8054,-76.68538,0.0,211.7,,51,25,16,2.0
368330790,2025-01-08T00:02:34Z,28.70876,-95.91614,5.7,65.8,69,57,20,9,2.0
338302000,2025-01-08T00:01:59Z,27.59858,-83.90033,11.0,272.4,276,80,186,32,9.0
367779550,2025-01-08T00:02:37Z,40.70312,-74.00554,0.1,151.5,237,60,26,8,2.0
367652820,2025-01-08T00:01:29Z,41.63609,-70.90801,0.0,326.4,,30,28,8,
368173000,2025-01-08T00:02:37Z,37.77401,-122.24172,,,155,31,29,10,4.0
367669550,2025-01-08T00:02:01Z,46.20031,-123.38572,0.0,248.8,143,30,30,8,
367765140,2025-01-08T00:01:10Z,28.71515,-95.9768,3.5,170.3,,31,27,9,2.8
316028561,2025-01-08T00:01:30Z,49.12348,-123.18524,0.1,,,30,11,3,
366980170,2025-01-08T00:01:15Z,47.49209,-122.49772,7.1,26.6,,52,22,9,3.0
368225266,2025-01-08T00:01:11Z,24.56263,-81.73003,0.0,,,37,24,6,
367694520,2025-01-08T00:02:04Z,26.83293,-80.05542,0.0,56.4,,37,33,9,2.1
367052130,2025-01-08T00:01:17Z,29.92522,-90.1357,0.0,298.7,,52,28,8,
368182240,2025-01-08T00:01:31Z,37.80717,-122.44052,0.0,202.1,290,37,15,5,
368111380,2025-01-08T00:01:24Z,37.79868,-122.32612,0.1,226.6,,99,53,13,
367573610,2025-01-08T00:02:40Z,27.8224,-97.42989,0.0,256.8,,31,133,22,2.6
338130902,2025-01-08T00:01:33Z,34.24128,-119.2618,0.0,,,37,10,3,
368264020,2025-01-08T00:01:13Z,29.1681,-89.3733,0.0,142.2,54,31,16,6,2.2
352004951,2025-01-08T00:01:12Z,18.31683,-64.97777,0.1,60.8,114,80,95,16,4.2
338428831,2025-01-08T00:01:37Z,37.7851,-122.26741,0.0,133.6,,36,13,6,
368330790,2025-01-08T00:01:14Z,28.70787,-95.91831,5.6,65.0,65,57,20,9,2.0
248879000,2025-01-08T00:02:42Z,26.74934,-80.04874,0.0,325.0,179,37,81,12,3.5
367587590,2025-01-08T00:02:44Z,29.68194,-94.98454,0.0,276.3,,51,21,7,1.0
368006870,2025-01-08T00:01:11Z,34.74203,-121.29812,7.5,326.2,326,52,153,24,4.4
367153610,2025-01-08T00:01:15Z,48.49744,-122.60066,0.1,59.6,,37,20,5,
338140889,2025-01-08T00:01:10Z,33.76998,-118.21233,0.0,237.2,,34,16,5,
367779320,2025-01-08T00:01:38Z,48.75482,-122.50422,0.0,,,36,14,4,
368328770,2025-01-08T00:01:14Z,27.91378,-97.13065,0.0,330.0,,60,32,8,
338167473,2025-01-08T00:01:40Z,48.56541,-122.77018,37.5,143.6,138,37,9,,
373178000,2025-01-08T00:01:30Z,25.41651,-79.20524,0.1,346.0,256,69,333,38,8.7
367554440,2025-01-08T00:01:42Z,41.74843,-124.18388,0.0,174.1,,30,13,4,
367166490,2025-01-08T00:01:47Z,30.11597,-90.9905,10.6,100.4,,50,,,
366938760,2025-01-08T00:01:10Z,46.57427,-84.74729,6.6,316.5,320,70,188,21,6.7
367078680,2025-01-08T00:01:48Z,48.65279,-123.39381,0.1,256.5,,37,30,6,
338326771,2025-01-08T00:01:48Z,47.28184,-122.40223,0.0,31.1,,37,11,4,
368357030,2025-01-08T00:01:49Z,29.32054,-94.78478,0.0,302.5,302,52,30,13,6.5
368179250,2025-01-08T00:02:27Z,25.7718,-80.15139,0.0,,106,60,47,,
366801510,2025-01-08T00:01:54Z,29.60669,-85.31663,2.4,225.1,,30,22,8,
367505050,2025-01-08T00:01:26Z,30.04043,-90.67583,0.0,322.6,236,31,26,11,2.8
368203320,2025-01-08T00:01:08Z,27.51173,-82.55745,0.0,48.6,88,37,19,5,
367424420,2025-01-08T00:01:14Z,29.7232,-95.24884,4.9,188.1,,52,30,12,
316032409,2025-01-08T00:01:27Z,48.45446,-123.44942,0.1,209.7,,37,11,3,
367587070,2025-01-08T00:01:27Z,41.49839,-71.41576,0.5,118.3,,30,22,7,
367330820,2025-01-08T00:01:42Z,29.35689,-90.25054,0.0,285.6,,60,44,8,3.0
368132790,2025-01-08T00:01:29Z,29.6286,-89.91245,0.1,,,60,12,5,
367527090,2025-01-08T00:01:10Z,38.9486,-74.90591,0.0,82.3,,30,28,8,
563226200,2025-01-08T00:02:26Z,32.45304,-79.2602,11.8,223.3,225,71,366,51,11.1
368394990,2025-01-08T00:01:30Z,18.30785,-64.83422,0.2,291.9,,37,29,7,
368063940,2025-01-08T00:01:13Z,30.07034,-93.34286,0.0,307.6,,57,118,34,3.6
367657110,2025-01-08T00:01:40Z,29.12111,-90.19909,0.0,246.2,338,70,95,20,5.2
354928000,2025-01-08T00:01:18Z,40.41418,-73.03457,6.6,311.2,310,79,364,51,14.8
366970020,2025-01-08T00:01:19Z,37.79601,-122.3928,0.0,200.7,216,60,48,11,2.3
319133200,2025-01-08T00:01:12Z,18.33521,-64.92233,0.0,168.0,252,37,55,9,
636010378,2025-01-08T00:01:08Z,29.26172,-94.51282,0.1,327.3,39,80,177,31,8.0
338208423,2025-01-08T00:01:14Z,32.72596,-117.20937,0.0,315.0,,36,13,4,
368132990,2025-01-08T00:01:23Z,29.9258,-89.98226,0.0,24.3,277,57,117,18,2.8
367468610,2025-01-08T00:01:15Z,29.62413,-91.0396,3.9,265.7,,31,13,9,2.9
367313340,2025-01-08T00:01:09Z,46.503,-84.35245,0.0,261.5,84,31,23,7,3.0
368260710,2025-01-08T00:01:10Z,36.85868,-76.34687,0.0,,335,52,21,9,3.0
477846500,2025-01-08T00:01:29Z,29.77518,-93.34113,0.0,193.7,180,4,295,45,9.3
338434719,2025-01-08T00:01:17Z,47.62993,-122.38944,0.0,16.3,,37,10,4,
368366220,2025-01-08T00:00:23Z,37.51299,-122.19577,0.0,,,37,15,6,
303179000,2025-01-08T00:01:11Z,39.20859,-76.58249,0.0,305.6,283,32,38,10,4.6
538072019,2025-01-08T00:00:26Z,25.78909,-80.2342,,,,37,33,7,
368388360,2025-01-08T00:00:30Z,25.32117,-80.27206,0.0,,,37,10,3,
316047881,2025-01-08T00:02:37Z,48.43029,-123.37584,0.0,305.3,305,79,24,11,3.8
338228202,2025-01-08T00:00:36Z,18.33604,-64.93074,0.0,,,36,13,8,
538002784,2025-01-08T00:02:38Z,43.5995,-68.60708,8.8,237.8,245,80,184,27,11.0
354928000,2025-01-08T00:02:38Z,40.41582,-73.03699,6.7,311.8,310,79,364,51,14.8
368287060,2025-01-08T00:00:36Z,29.15022,-90.07664,2.8,57.2,,30,,,
367313340,2025-01-08T00:02:39Z,46.50301,-84.35243,0.1,291.2,86,31,23,7,3.0
367570060,2025-01-08T00:00:44Z,47.66186,-122.38565,0.0,277.6,,37,35,8,2.2
367571920,2025-01-08T00:00:48Z,47.65618,-122.37735,0.0,,,30,19,6,
367645060,2025-01-08T00:00:49Z,26.7504,-80.04882,0.5,,179,36,18,8,
368338520,2025-01-08T00:00:48Z,33.97379,-118.44953,0.0,,,36,18,5,
368144240,2025-01-08T00:02:41Z,48.51293,-122.60599,0.0,319.9,,37,20,6,
367337690,2025-01-08T00:02:32Z,29.7485,-95.29226,0.0,186.7,,60,33,8,
367067640,2025-01-08T00:00:48Z,28.4086,-80.62114,0.0,310.4,,30,30,9,
366870980,2025-01-08T00:02:37Z,36.83651,-76.24813,0.0,299.0,209,31,26,9,
367570080,2025-01-08T00:02:31Z,29.96761,-93.86071,0.0,103.0,300,31,121,17,4.0
367561730,2025-01-08T00:02:31Z,29.14152,-90.21182,0.0,187.9,160,68,66,10,2.7
367725350,2025-01-08T00:01:10Z,30.0001,-90.80005,0.0,280.5,220,31,209,44,2.9
366963430,2025-01-08T00:01:11Z,38.46444,-82.60621,0.0,185.1,158,52,44,20,3.0
338519025,2025-01-08T00:00:57Z,45.60716,-122.67779,0.0,138.7,,37,16,8,
538003526,2025-01-08T00:01:26Z,33.44603,-117.92531,0.4,150.6,83,80,250,44,11.9
352003071,2025-01-08T00:01:12Z,49.30034,-123.0726,0.1,163.2,88,70,229,32,7.7
338210835,2025-01-08T00:00:56Z,33.97534,-118.45486,0.1,245.4,,36,12,6,
367505510,2025-01-08T00:01:28Z,30.02694,-90.47017,0.0,291.1,18,31,356,,3.4
367791540,2025-01-08T00:01:03Z,40.70415,-73.97672,0.1,270.8,110,60,26,8,2.0
367550410,2025-01-08T00:00:58Z,27.00455,-80.09347,0.0,110.8,,37,19,,
367416660,2025-01-08T00:01:01Z,40.74588,-74.00973,0.0,164.6,,37,32,6,
368574000,2025-01-08T00:01:23Z,29.817,-93.98292,0.0,14.3,89,37,102,17,2.8
338426776,2025-01-08T00:00:53Z,25.78185,-80.17139,0.0,,,37,,,
367705050,2025-01-08T00:01:24Z,47.58711,-122.34335,0.0,248.1,169,32,30,10,4.0
366874960,2025-01-08T00:01:06Z,29.82161,-90.06646,8.0,35.8,38,31,115,18,3.1
366984540,2025-01-08T00:01:09Z,26.5629,-80.01987,9.6,185.4,186,52,179,25,4.8
367354090,2025-01-08T00:00:56Z,25.77837,-80.18568,0.6,273.9,,60,20,7,
338391217,2025-01-08T00:01:10Z,47.79552,-122.49838,0.1,,,37,,,
368230530,2025-01-08T00:02:31Z,29.72829,-95.02194,0.1,,,52,15,5,
338238572,2025-01-08T00:01:02Z,48.49968,-122.60483,0.0,,,37,12,4,
368132990,2025-01-08T00:02:31Z,29.92579,-89.98227,0.0,24.3,277,57,117,18,2.8
367129820,2025-01-08T00:01:10Z,30.05853,-93.68834,5.0,88.0,,31,19,7,2.3
367488490,2025-01-08T00:02:33Z,29.73681,-95.0544,6.2,306.2,315,31,31,14,2.7
367395980,2025-01-08T00:01:09Z,36.83742,-76.2911,0.1,299.9,,52,17,7,2.5
367005130,2025-01-08T00:01:30Z,27.62699,-82.56408,0.0,276.7,,31,26,8,4.0
368190630,2025-01-08T00:01:15Z,47.65382,-122.60651,11.5,196.6,,55,8,3,
367643350,2025-01-08T00:02:27Z,29.76967,-95.1002,1.4,359.6,356,31,300,17,3.2
338132664,2025-01-08T00:01:03Z,33.68188,-79.04191,0.0,34.3,,37,16,5,
368330780,2025-01-08T00:02:29Z,30.01543,-90.73905,6.4,95.8,97,57,207,43,3.1
339083000,2025-01-08T00:00:42Z,25.78619,-80.17903,0.0,,,37,33,7,
366873510,2025-01-08T00:02:38Z,21.27127,-157.9284,11.2,78.8,,52,40,10,5.5
316001267,2025-01-08T00:02:35Z,48.74914,-123.43031,11.8,143.3,140,60,110,24,3.3
368130770,2025-01-08T00:00:46Z,48.60949,-123.15443,0.0,123.4,,37,16,4,
367308510,2025-01-08T00:03:00Z,29.34775,-90.24662,0.0,276.7,,92,54,12,4.0
367413270,2025-01-08T00:02:36Z,29.6145,-91.11864,0.2,,,33,95,14,
538071093,2025-01-08T00:01:12Z,25.94001,-80.13937,0.0,,,37,30,7,
367728310,2025-01-08T00:01:28Z,36.96251,-76.29605,0.0,240.7,,52,18,9,
367432470,2025-01-08T00:01:01Z,35.24518,-75.79306,7.6,22.6,,69,45,20,3.0
368325390,2025-01-08T00:01:28Z,27.50179,-97.30983,3.8,213.0,203,52,25,10,2.8
636013683,2025-01-08T00:01:15Z,35.76129,-123.71728,7.2,220.8,230,80,229,42,8.1
265816730,2025-01-08T00:01:01Z,26.26786,-80.08399,0.0,,,37,,,
367021310,2025-01-08T00:01:15Z,29.71154,-91.22268,0.0,278.0,,52,20,8,2.1
368214190,2025-01-08T00:01:25Z,45.58124,-122.76024,0.0,283.2,305,31,25,11,3.1
338029727,2025-01-08T00:01:01Z,47.64359,-122.31508,0.0,,,37,10,,
367740630,2025-01-08T00:01:23Z,47.64923,-122.32957,0.0,230.7,,37,22,6,2.0
367663890,2025-01-08T00:01:29Z,29.98109,-93.88213,0.0,293.1,97,31,24,10,2.9
368231080,2025-01-08T00:00:12Z,44.1414,-68.44927,0.2,241.4,22,70,12,4,
368158760,2025-01-08T00:01:26Z,29.59833,-90.6629,0.7,52.7,,99,20,8,3.1
367583090,2025-01-08T00:00:16Z,39.27644,-76.60342,0.0,76.0,,36,12,4,
367506050,2025-01-08T00:01:29Z,39.89374,-75.20606,0.0,262.8,200,31,31,10,
367505780,2025-01-08T00:01:10Z,29.70576,-95.04092,0.1,0.4,272,31,124,33,3.0
366123456,2025-01-08T00:01:33Z,29.78542,-95.09151,0.0,139.4,10,37,9,3,
367062120,2025-01-08T00:01:30Z,49.1552,-123.00562,0.0,240.0,62,52,29,10,
368011860,2025-01-08T00:02:29Z,39.03868,-84.36886,0.0,124.4,,52,16,6,2.5
367035040,2025-01-08T00:01:22Z,29.5599,-93.42482,0.0,,,91,30,12,
367684610,2025-01-08T00:01:11Z,39.11931,-84.70755,0.0,218.5,231,31,18,8,2.6
367579120,2025-01-08T00:02:31Z,29.81712,-93.9834,0.0,263.6,,31,80,14,2.7
367720280,2025-01-08T00:00:22Z,39.37355,-74.42042,0.0,164.8,,30,23,6,
368120090,2025-01-08T00:02:36Z,29.60222,-89.86126,1.7,315.5,,68,10,8,2.0
367503760,2025-01-08T00:02:30Z,30.06675,-93.34735,0.0,28.0,28,31,27,9,3.1
367321740,2025-01-08T00:01:19Z,29.01307,-90.03467,21.2,287.4,288,69,47,10,2.0
366961230,2025-01-08T00:02:39Z,30.45072,-91.19276,0.3,31.4,319,52,17,7,2.2
367637190,2025-01-08T00:02:43Z,29.777,-92.1762,0.1,185.9,,60,47,9,
367799260,2025-01-08T00:02:32Z,29.37755,-94.87196,0.0,,,31,57,22,
368010480,2025-01-08T00:02:33Z,30.11102,-90.91814,0.0,220.6,356,31,22,8,2.1
538071504,2025-01-08T00:01:37Z,26.74985,-80.05229,0.0,269.5,270,37,47,10,2.9
366936810,2025-01-08T00:01:44Z,41.70984,-87.54411,0.0,53.0,33,52,37,10,4.7
367561730,2025-01-08T00:01:21Z,29.1415,-90.21182,0.0,187.9,160,68,66,10,2.7
366941830,2025-01-08T00:02:32Z,29.77541,-95.10143,0.0,255.7,,30,79,16,2.7
367791010,2025-01-08T00:00:22Z,38.95745,-74.87424,0.0,339.7,,30,30,11,
316018604,2025-01-08T00:01:48Z,49.23161,-122.7705,0.0,277.9,,31,11,6,
368125820,2025-01-08T00:01:25Z,48.56243,-122.32324,0.8,,,37,8,3,
366903910,2025-01-08T00:01:28Z,47.67851,-122.40839,0.0,22.2,,36,14,4,
338165445,2025-01-08T00:01:10Z,32.39509,-80.67796,0.0,268.7,,37,,,
367649770,2025-01-08T00:02:34Z,41.49161,-81.72092,0.1,292.9,,52,24,6,4.0
367002210,2025-01-08T00:02:35Z,46.95941,-123.84796,0.3,151.6,130,31,29,9,5.5
368087050,2025-01-08T00:01:30Z,47.57425,-122.19109,0.1,,,37,5,13,
367549860,2025-01-08T00:01:13Z,27.93916,-82.44117,0.0,,,31,18,6,
373879000,2025-01-08T00:01:14Z,45.96771,-122.82162,11.9,315.7,312,70,178,29,10.3
368156970,2025-01-08T00:02:34Z,29.70251,-93.07332,0.1,,,30,27,8,
366959350,2025-01-08T00:02:30Z,29.95509,-90.06217,0.0,187.5,,69,71,12,2.2
368370970,2025-01-08T00:01:23Z,29.25353,-89.97718,0.0,,,33,115,16,
367799260,2025-01-08T00:01:23Z,29.37755,-94.87196,0.0,,,31,57,22,
368077290,2025-01-08T00:01:30Z,29.99393,-93.9105,0.0,11.9,43,32,22,10,3.1
316047351,2025-01-08T00:01:43Z,49.27373,-123.13927,0.0,340.9,357,30,13,4,
367615770,2025-01-08T00:02:33Z,29.93748,-90.3257,0.0,65.7,259,31,125,33,2.5
368374830,2025-01-08T00:01:35Z,48.30266,-123.38245,6.3,181.7,156,37,14,6,
367791540,2025-01-08T00:02:43Z,40.70414,-73.97674,0.1,233.5,113,60,26,8,2.0
367481540,2025-01-08T00:02:35Z,25.65345,-81.8761,4.7,337.7,,31,33,10,3.0
311622000,2025-01-08T00:02:48Z,25.77427,-80.17843,0.0,250.0,296,60,216,32,7.0
338417017,2025-01-08T00:01:37Z,47.27013,-122.65001,0.2,,,37,11,4,
366940860,2025-01-08T00:02:52Z,30.23988,-89.56725,0.0,17.9,,31,30,12,3.1
338354435,2025-01-08T00:01:39Z,32.71239,-117.23092,0.0,,,37,14,4,
338493808,2025-01-08T00:01:40Z,25.69908,-80.16951,0.0,,,37,18,6,
338107922,2025-01-08T00:01:18Z,37.80984,-122.42044,0.1,231.6,,30,13,5,
319210300,2025-01-08T00:02:47Z,26.74812,-80.05108,0.0,88.9,88,37,60,10,3.3
367496820,2025-01-08T00:01:23Z,47.24509,-122.43199,0.0,158.1,,37,20,6,
368325390,2025-01-08T00:02:39Z,27.5007,-97.31036,3.6,201.9,203,52,25,10,2.8
368169450,2025-01-08T00:01:08Z,29.76313,-95.11275,0.0,357.9,236,31,27,10,2.9
338143134,2025-01-08T00:01:28Z,33.76133,-118.18604,0.0,193.9,,36,11,4,
367644790,2025-01-08T00:01:29Z,30.15698,-90.99628,0.0,274.5,353,31,24,9,2.9
368062690,2025-01-08T00:01:32Z,18.45964,-66.08811,0.0,143.2,,37,18,10,
345020013,2025-01-08T00:02:44Z,32.40568,-117.22211,0.5,255.1,,,,,
215596000,2025-01-08T00:01:45Z,18.38645,-64.5167,0.8,,,36,29,7,3.6
366849420,2025-01-08T00:01:34Z,32.72625,-117.18966,0.0,0.0,219,36,15,4,
366948840,2025-01-08T00:01:32Z,32.68649,-117.13357,0.1,245.1,,52,27,11,
338472528,2025-01-08T00:01:36Z,18.07462,-67.18953,0.5,,314,37,15,4,
368011730,2025-01-08T00:01:37Z,48.72286,-122.67655,9.3,44.6,217,60,32,14,
368282150,2025-01-08T00:02:33Z,43.65742,-70.24758,0.0,,,52,35,10,4.5
257560000,2025-01-08T00:01:34Z,30.40578,-81.54645,0.4,40.0,18,70,200,32,8.6
369113000,2025-01-08T00:01:46Z,29.71663,-93.8617,0.0,204.0,343,52,170,24,5.3
367666110,2025-01-08T00:02:28Z,29.71012,-90.1672,4.1,37.7,,31,12,8,2.0
367005470,2025-01-08T00:02:29Z,30.03846,-94.04628,0.0,,43,31,111,8,3.0
367095660,2025-01-08T00:02:31Z,29.23518,-95.02239,5.2,225.6,227,31,23,8,3.0
368271360,2025-01-08T00:01:23Z,29.31483,-94.79596,0.1,,,60,31,25,1.9
367108030,2025-01-08T00:02:39Z,32.08564,-80.99063,0.0,0.9,158,52,30,11,
368276880,2025-01-08T00:01:38Z,32.62249,-117.10098,0.0,194.2,166,36,15,4,
367691010,2025-01-08T00:01:27Z,41.29781,-70.09576,10.3,344.2,341,60,70,18,4.0
368082340,2025-01-08T00:01:28Z,35.20748,-75.70391,0.0,170.2,120,65,53,18,4.0
366785930,2025-01-08T00:01:29Z,47.66725,-122.3932,0.1,268.9,,37,34,10,4.0
367593050,2025-01-08T00:01:03Z,34.14774,-119.20296,0.0,206.0,271,31,25,10,3.5
368126610,2025-01-08T00:01:39Z,48.51296,-122.60867,0.0,270.7,,37,18,5,
367506850,2025-01-08T00:01:12Z,30.34448,-88.50732,0.0,338.5,,52,17,6,3.6
369222000,2025-01-08T00:01:17Z,32.54351,-117.574,0.9,111.0,21,70,199,32,9.5
367510420,2025-01-08T00:02:25Z,28.18682,-96.84715,3.1,53.0,52,52,22,8,2.9
368088610,2025-01-08T05:27:08Z,37.92457,-122.42581,31.7,351.4,349,60,44,12,1.9
369970440,2025-01-08T00:01:42Z,38.86996,-90.15412,0.0,208.6,,90,29,10,
368102380,2025-01-08T00:01:27Z,38.53921,-90.2553,0.0,,,31,21,8,
367014440,2025-01-08T00:01:11Z,35.07621,-90.15728,0.0,283.2,272,33,90,20,2.5
368223870,2025-01-08T00:01:41Z,47.60998,-122.20965,0.1,317.4,,37,15,5,
366998040,2025-01-08T00:01:13Z,29.7385,-95.11718,5.0,247.1,,31,146,12,2.9
316020724,2025-01-08T00:01:19Z,49.30649,-123.18405,26.2,70.5,,60,11,4,
367077850,2025-01-08T00:01:48Z,26.76637,-80.04673,0.1,250.2,,31,21,8,11.0
518998674,2025-01-08T00:01:47Z,26.77346,-80.05038,0.0,,,37,29,6,
367486910,2025-01-08T00:02:27Z,27.85987,-97.05333,4.9,23.0,,31,30,8,3.6
368398890,2025-01-08T00:02:32Z,26.11694,-80.10827,0.0,255.4,,,,,
367770220,2025-01-08T00:01:47Z,32.71989,-117.22159,0.0,291.6,,36,15,4,
367663890,2025-01-08T00:02:40Z,29.98109,-93.88213,0.0,256.1,97,31,24,10,2.9
368126190,2025-01-08T00:03:14Z,37.92166,-122.40929,0.0,78.7,323,32,39,11,5.0
367504970,2025-01-08T00:02:29Z,29.73317,-95.13336,0.0,172.2,280,31,120,34,2.5
338010788,2025-01-08T00:01:47Z,33.91771,-78.02825,0.0,,,36,15,4,
367505060,2025-01-08T00:02:30Z,29.70612,-95.03768,0.0,247.5,192,31,28,10,3.0
367008750,2025-01-08T00:02:26Z,30.2307,-93.25418,0.1,302.0,308,52,20,8,2.7
367328540,2025-01-08T00:02:38Z,30.04548,-93.72803,0.0,285.1,167,31,21,8,3.0
636019310,2025-01-08T00:02:41Z,38.94109,-75.17169,0.0,184.2,311,80,274,48,15.8
367739650,2025-01-08T00:02:21Z,29.14145,-90.21202,0.0,0.3,162,70,53,10,2.5
367603940,2025-01-08T00:01:50Z,32.71455,-117.22797,0.0,22.6,221,36,13,4,
368362250,2025-01-08T00:01:07Z,38.22187,-122.31606,0.0,,,36,14,10,
367378170,2025-01-08T00:02:31Z,29.24275,-95.01322,6.0,232.3,,31,32,11,2.6
338412569,2025-01-08T00:00:59Z,36.8026,-121.78591,0.0,,119,36,12,4,
369970315,2025-01-08T00:01:10Z,38.98386,-76.46791,0.0,239.0,,35,32,10,
341683001,2025-01-08T00:02:28Z,29.78551,-95.0906,0.2,112.6,83,96,,,3.2
369493679,2025-01-08T00:01:13Z,30.04824,-90.12459,4.0,329.7,,51,14,4,1.0
367304380,2025-01-08T00:02:33Z,30.39073,-81.47603,0.0,288.0,,52,20,9,2.4
368332760,2025-01-08T00:01:02Z,29.61385,-94.99845,7.6,273.8,271,52,25,10,
368147680,2025-01-08T00:01:03Z,43.85782,-67.59483,2.5,265.3,326,30,21,7,
367510420,2025-01-08T00:00:36Z,28.18582,-96.84845,2.8,53.5,51,52,22,8,2.9
368051430,2025-01-08T00:01:10Z,36.92251,-76.18776,0.0,193.2,,36,12,4,
366842680,2025-01-08T00:01:16Z,47.72299,-122.64158,0.0,,,37,14,5,
356068000,2025-01-08T00:00:11Z,41.16101,-71.01614,0.0,63.3,200,79,140,50,9.5
338075091,2025-01-08T00:01:08Z,34.24413,-119.26294,0.0,304.9,,37,12,4,
367087950,2025-01-08T00:02:39Z,29.84916,-93.97041,0.0,51.5,326,31,116,34,3.2
367559620,2025-01-08T00:00:16Z,29.97273,-90.27839,0.0,,,60,14,5,
316031388,2025-01-08T00:01:29Z,49.29195,-122.88231,0.0,51.6,,37,9,4,
367754480,2025-01-08T00:01:06Z,29.30824,-94.80506,0.0,164.8,91,52,26,12,5.5
367139510,2025-01-08T00:01:15Z,39.26042,-76.55617,0.0,243.5,,52,29,10,4.3
367715380,2025-01-08T00:01:16Z,30.04886,-90.56973,0.0,345.8,102,31,483,44,3.4
311358000,2025-01-08T00:01:29Z,33.59104,-78.27276,7.6,202.4,194,70,190,29,6.3
338457046,2025-01-08T00:01:30Z,47.26561,-122.63617,0.0,,,37,13,3,
368175910,2025-01-08T00:01:34Z,29.94186,-89.99711,0.4,8.4,,60,14,4,
367310050,2025-01-08T00:01:34Z,43.65167,-70.25336,0.0,163.6,,30,30,8,
367532810,2025-01-08T00:01:17Z,30.04523,-90.84144,2.8,350.1,348,31,223,43,2.9
367519170,2025-01-08T00:01:20Z,39.87416,-75.20941,0.0,206.7,296,52,25,3,
338287000,2025-01-08T00:01:18Z,48.75647,-122.50357,0.0,293.3,,37,17,10,
368067110,2025-01-08T00:02:34Z,47.57199,-122.48785,31.1,68.1,69,40,24,8,1.0
367471940,2025-01-08T00:01:41Z,38.18679,-121.66194,2.2,94.8,270,67,25,11,
316021351,2025-01-08T00:02:35Z,49.2948,-123.1329,0.0,272.8,,60,38,10,5.4
367715380,2025-01-08T00:02:36Z,30.04885,-90.56973,0.0,345.0,101,31,483,44,3.4
368337080,2025-01-08T00:01:44Z,30.67517,-81.46739,0.0,,,36,,,
368295240,2025-01-08T00:01:45Z,47.62852,-122.39521,0.0,,,36,,,
636016396,2025-01-08T00:01:47Z,29.34841,-94.53213,0.1,91.4,44,72,160,25,6.9
538072013,2025-01-08T00:02:12Z,26.13426,-80.1191,0.0,277.2,87,37,29,7,2.7
367085710,2025-01-08T00:01:51Z,29.86671,-93.9338,0.0,314.0,,30,25,,
367696380,2025-01-08T00:01:24Z,41.42412,-71.41039,0.9,185.0,56,30,25,7,4.0
367014420,2025-01-08T00:01:25Z,31.00059,-91.66431,0.0,337.8,306,52,23,8,1.8
368115350,2025-01-08T00:01:51Z,43.75178,-70.10806,0.0,,335,60,18,9,
367442390,2025-01-08T00:01:26Z,29.33419,-94.69206,13.6,291.3,291,50,20,7,1.0
367707030,2025-01-08T00:01:11Z,41.63635,-70.9198,0.0,190.7,127,30,31,10,
366768480,2025-01-08T00:01:43Z,29.09441,-91.28233,0.1,,48,52,44,10,4.0
367442770,2025-01-08T00:01:29Z,38.5619,-82.8036,0.0,,,31,21,27,
367668570,2025-01-08T00:01:44Z,48.75516,-122.50383,0.0,,,30,20,4,
367369060,2025-01-08T00:01:35Z,30.0501,-91.2678,0.0,264.9,323,31,32,11,2.9
367049160,2025-01-08T00:01:21Z,32.8545,-79.95324,0.0,267.1,,52,27,10,4.5
367471790,2025-01-08T00:02:27Z,30.10796,-88.65645,8.1,253.8,,30,28,7,
368350450,2025-01-08T00:02:27Z,29.64249,-94.93677,0.6,175.6,,,,,
338356169,2025-01-08T00:01:50Z,30.29602,-87.62879,0.0,,,37,17,5,
367648630,2025-01-08T00:02:35Z,26.04779,-80.11508,0.0,,,69,39,12,
367023480,2025-01-08T00:02:41Z,39.81385,-75.40401,0.0,310.9,53,52,29,10,
368276440,2025-01-08T00:02:28Z,40.58796,-80.23778,0.0,225.0,,31,15,6,2.0
368243930,2025-01-08T00:02:44Z,41.55563,-71.40554,2.7,332.0,330,30,22,7,
366982350,2025-01-08T00:02:49Z,29.13757,-90.1974,0.0,291.2,,60,50,10,
367450320,2025-01-08T00:01:50Z,29.44855,-91.78897,0.2,121.7,,30,23,8,
367442770,2025-01-08T00:02:49Z,38.56188,-82.80359,0.0,,,31,21,27,
367560930,2025-01-08T00:01:50Z,29.75842,-95.09796,0.0,11.6,294,31,119,34,3.1
368059490,2025-01-08T00:02:30Z,29.20488,-95.04947,5.3,238.7,240,52,302,11,2.9
316020868,2025-01-08T00:02:19Z,49.00541,-123.12684,0.9,182.0,172,52,26,12,5.4
338493751,2025-01-08T00:02:31Z,27.75927,-82.63577,0.1,,,37,12,4,
563198500,2025-01-08T00:02:33Z,34.46062,-121.12025,7.3,107.4,103,71,272,43,13.0
367506840,2025-01-08T00:02:46Z,30.3443,-88.50727,0.0,,,31,24,9,
366943460,2025-01-08T00:02:34Z,39.89559,-75.1968,0.0,32.9,,31,33,12,6.0
368309230,2025-01-08T00:02:34Z,25.31121,-80.29869,0.6,,295,37,28,6,
368237000,2025-01-08T00:02:38Z,18.215,-65.50878,15.1,66.6,69,60,49,14,
366839940,2025-01-08T00:01:57Z,42.38196,-70.75034,2.5,275.5,,30,28,7,
368346080,2025-01-08T00:02:36Z,41.40651,-71.24266,2.3,279.9,287,53,21,6,
368457000,2025-01-08T00:02:35Z,33.77361,-118.24671,0.2,,,36,14,4,
367064470,2025-01-08T00:02:40Z,40.63679,-74.07268,0.0,2.0,88,31,32,8,
367130000,2025-01-08T00:02:40Z,45.61494,-122.78869,6.1,160.2,159,9,120,16,5.6
319257200,2025-01-08T00:02:43Z,26.06132,-80.13104,0.0,295.8,122,37,42,9,2.8
367407750,2025-01-08T00:02:45Z,30.07818,-91.30836,0.0,86.3,,52,32,11,3.0
369494418,2025-01-08T00:02:42Z,42.36757,-71.05072,0.1,264.4,49,51,15,5,1.0
367308990,2025-01-08T00:02:36Z,30.25611,-88.4056,4.9,265.0,273,31,27,9,3.0
367133910,2025-01-08T00:02:46Z,33.76561,-118.2555,0.1,278.7,,51,22,8,4.0
367171010,2025-01-08T00:02:43Z,30.0128,-90.75887,0.0,49.6,170,52,16,8,2.9
367640860,2025-01-08T00:02:36Z,38.10399,-76.25331,9.7,163.2,160,31,28,8,
538004638,2025-01-08T00:03:25Z,28.67307,-94.14691,1.3,128.6,93,80,244,42,9.5
367108820,2025-01-08T00:03:38Z,37.82834,-76.27933,0.0,,,30,66,10,
367536590,2025-01-08T00:02:31Z,29.78142,-95.07556,0.0,319.8,37,31,116,34,3.1
368215890,2025-01-08T00:01:59Z,48.3133,-124.37978,17.9,143.1,,37,10,3,
368080890,2025-01-08T00:02:36Z,26.77974,-80.05077,0.0,291.2,,37,21,5,
368276480,2025-01-08T00:02:32Z,29.68897,-91.21471,0.0,336.7,12,32,20,10,
371228000,2025-01-08T00:02:30Z,19.98429,-68.33763,16.6,170.9,169,71,337,46,13.3
368183730,2025-01-08T00:01:59Z,47.80778,-122.39306,0.0,,,36,12,4,
367102000,2025-01-08T00:01:18Z,29.95579,-90.03567,10.5,289.2,289,89,186,32,8.5
367590790,2025-01-08T00:01:30Z,35.1839,-90.05801,0.1,58.8,353,31,32,11,2.8
367006540,2025-01-08T00:02:37Z,42.35735,-71.03315,0.0,3.9,304,52,145,24,5.5
367493760,2025-01-08T00:01:32Z,29.1503,-90.19882,0.0,349.3,,30,42,8,
366992950,2025-01-08T00:01:13Z,28.96017,-90.0187,0.8,350.0,,60,44,9,0.3
367505050,2025-01-08T00:02:38Z,30.04043,-90.67579,0.0,215.2,236,31,26,11,2.8
367692120,2025-01-08T00:01:20Z,28.60787,-96.1701,3.7,224.1,,31,114,18,3.0
367113160,2025-01-08T00:02:27Z,29.73511,-95.20493,0.0,118.0,205,31,27,10,2.9
369008000,2025-01-08T00:02:03Z,47.5898,-122.35019,0.0,22.0,,52,29,10,4.6
367691190,2025-01-08T00:02:32Z,29.70716,-95.0453,0.0,275.0,,31,135,34,3.0
369970411,2025-01-08T00:02:38Z,46.1908,-123.74634,0.0,257.8,33,52,36,10,5.0
368062270,2025-01-08T00:02:40Z,30.3049,-87.49888,5.0,103.4,101,57,27,10,2.7
367602640,2025-01-08T00:02:41Z,45.60258,-122.63228,0.8,6.9,106,37,11,4,
368319680,2025-01-08T00:02:10Z,32.72827,-117.19949,0.0,,,36,16,6,
367743660,2025-01-08T00:01:09Z,27.81649,-97.42382,0.0,271.0,112,52,26,10,0.5
367587840,2025-01-08T00:01:30Z,48.38128,-122.50955,0.0,,,37,19,7,
368396660,2025-01-08T00:01:35Z,26.71414,-80.04775,0.0,,,37,,,
367185320,2025-01-08T00:01:41Z,24.81071,-82.17856,3.4,97.8,,30,27,8,
338360123,2025-01-08T00:01:42Z,25.6931,-80.26033,0.0,,,37,18,,
339071000,2025-01-08T00:01:43Z,26.09853,-80.16668,0.0,302.7,216,37,,,2.5
338244375,2025-01-08T00:01:45Z,47.3364,-122.59082,0.0,10.5,297,36,12,4,
367005550,2025-01-08T00:01:21Z,29.30853,-94.81031,0.0,,97,31,205,18,2.9
232039142,2025-01-08T00:01:47Z,26.77863,-80.05081,0.0,,271,37,,,
338501763,2025-01-08T00:02:26Z,27.51134,-82.55828,0.0,,,37,,,
367751630,2025-01-08T00:01:49Z,41.63844,-70.91585,0.0,263.9,70,30,23,7,
368345390,2025-01-08T00:01:50Z,48.06343,-123.03977,0.0,129.4,,37,14,10,
368573000,2025-01-08T00:01:50Z,32.71141,-117.17367,0.0,,49,30,22,6,
367408220,2025-01-08T00:01:08Z,29.13398,-90.21851,0.0,256.2,175,52,20,6,
367005550,2025-01-08T00:02:30Z,29.30853,-94.81031,0.0,,95,31,205,18,2.9
367140820,2025-01-08T00:01:27Z,38.48023,-82.63003,4.4,116.4,118,31,348,33,2.8
368007340,2025-01-08T00:02:32Z,29.31453,-94.77872,0.0,239.7,,39,30,8,2.4
366998090,2025-01-08T00:01:13Z,45.56403,-122.70983,0.0,,,52,36,8,
316037887,2025-01-08T00:01:53Z,48.67064,-123.4061,0.0,,,37,20,7,
338396755,2025-01-08T00:01:54Z,47.65442,-122.20701,0.0,,,37,20,4,
367327970,2025-01-08T00:02:35Z,35.10639,-90.08451,0.0,272.8,275,31,126,18,3.0
367537710,2025-01-08T00:02:33Z,29.50396,-94.54615,4.6,68.7,65,31,208,18,3.1
369307000,2025-01-08T00:01:58Z,47.60479,-122.34068,0.1,,,69,38,11,
338514201,2025-01-08T00:02:34Z,30.66934,-81.46721,0.0,,,37,14,7,
367091720,2025-01-08T00:02:34Z,36.9232,-76.18219,0.0,114.1,,36,12,3,
367691010,2025-01-08T00:02:37Z,41.30102,-70.097,10.3,343.2,341,60,70,18,4.0
367450580,2025-01-08T00:02:39Z,46.1687,-123.914,0.0,242.1,94,30,23,7,3.4
368097780,2025-01-08T00:02:04Z,30.52031,-91.73097,0.0,,330,52,22,10,
338430402,2025-01-08T00:01:58Z,38.72552,-76.54264,0.0,62.3,194,37,16,5,
368321010,2025-01-08T00:02:09Z,48.36855,-124.61324,0.0,112.6,340,31,45,12,5.0
257560000,2025-01-08T00:02:43Z,30.40585,-81.54637,0.3,32.0,17,70,200,32,8.6
368162730,2025-01-08T00:01:59Z,48.51974,-122.62309,0.0,169.0,,37,15,5,
249639000,2025-01-08T00:02:46Z,18.1766,-64.27206,12.0,85.7,86,60,264,32,8.0
367057530,2025-01-08T00:02:47Z,30.05419,-90.5727,0.0,223.5,274,31,329,,3.1
477965900,2025-01-08T00:02:36Z,38.75313,-73.96115,7.0,10.1,354,70,272,43,12.9
367582850,2025-01-08T00:01:16Z,27.83223,-97.12282,5.2,82.5,80,31,117,34,3.1
431080000,2025-01-08T00:01:48Z,33.74343,-118.19473,0.0,226.7,89,70,364,51,14.0
367771280,2025-01-08T00:02:01Z,36.95311,-76.30964,0.0,323.3,,36,11,5,
367653470,2025-01-08T00:02:35Z,29.73279,-95.04946,7.4,117.4,114,52,25,11,2.6
367750740,2025-01-08T00:02:35Z,45.62181,-122.67563,0.0,,270,52,19,6,3.5
367657730,2025-01-08T00:02:45Z,39.10907,-84.6984,0.0,,,31,20,7,1.9
338432501,2025-01-08T00:02:38Z,36.83106,-75.9764,0.0,,,37,13,6,
368211990,2025-01-08T00:02:38Z,40.66278,-74.13837,0.0,196.6,103,52,23,8,3.0
316009547,2025-01-08T00:02:50Z,48.92555,-123.71389,0.0,197.9,89,60,52,16,2.0
367174060,2025-01-08T00:02:24Z,41.63333,-70.90635,0.0,32.7,82,69,71,18,3.2
368206360,2025-01-08T00:02:39Z,47.7941,-122.49562,0.0,2.4,20,40,43,13,1.0
367135480,2025-01-08T00:01:36Z,29.88674,-92.41344,4.0,277.8,277,52,26,10,3.1
367486370,2025-01-08T00:02:32Z,29.32368,-94.78203,0.0,333.2,,70,44,12,2.5
367379320,2025-01-08T00:02:39Z,42.35594,-71.04554,8.4,93.4,89,40,37,10,2.0
368155390,2025-01-08T00:02:35Z,36.80847,-76.28567,0.0,130.2,,52,82,12,2.9
368217570,2025-01-08T00:02:39Z,40.64167,-74.072,0.0,307.7,81,69,96,22,4.2
368283290,2025-01-08T00:00:58Z,43.92992,-124.49087,6.6,179.7,176,30,21,9,
367326360,2025-01-08T00:02:40Z,47.6635,-122.39232,0.0,272.9,182,30,35,10,4.0
338184064,2025-01-08T00:01:09Z,30.38992,-86.49165,0.0,19.0,216,37,21,6,
367726950,2025-01-08T00:02:32Z,30.08104,-93.32755,0.0,,262,31,114,34,3.0
367376530,2025-01-08T00:01:11Z,28.74246,-88.82556,0.0,278.0,,90,44,44,
367435980,2025-01-08T00:01:01Z,32.69256,-117.14731,0.0,286.3,206,31,20,8,1.9
367011830,2025-01-08T00:02:37Z,38.42372,-82.59896,0.0,220.9,149,31,31,10,2.8
368001250,2025-01-08T00:02:33Z,29.83939,-95.10204,0.1,183.8,347,52,79,10,3.0
366749460,2025-01-08T00:01:13Z,37.24771,-76.50443,0.0,253.5,,60,19,6,
367486370,2025-01-08T00:01:22Z,29.32369,-94.78203,0.0,330.0,,70,44,12,2.5
368340590,2025-01-08T00:02:50Z,32.7099,-117.23314,0.1,259.5,345,37,25,7,1.9
376736000,2025-01-08T00:01:29Z,17.92387,-65.87003,9.2,208.4,206,52,29,8,3.4
316039018,2025-01-08T00:02:33Z,48.76131,-123.06949,10.5,243.7,237,52,32,13,5.8
368192060,2025-01-08T00:01:17Z,47.04565,-122.90638,0.0,159.6,,37,12,5,
367475360,2025-01-08T00:01:22Z,29.53073,-94.48261,6.2,26.9,,52,16,7,
367763450,2025-01-08T00:01:24Z,30.28414,-87.56445,0.0,271.3,,37,20,6,
636093306,2025-01-08T00:01:22Z,32.10883,-81.12144,5.7,146.8,145,71,336,43,12.7
367362960,2025-01-08T00:01:23Z,30.04818,-90.53451,2.4,270.9,271,31,146,22,2.8
367305380,2025-01-08T00:01:24Z,30.69985,-88.03425,0.0,319.6,,31,23,9,
338511977,2025-01-08T00:01:25Z,47.62081,-122.52199,0.0,,,36,14,4,
368345760,2025-01-08T00:01:00Z,25.79611,-80.1457,0.0,83.7,177,37,17,8,
538010465,2025-01-08T00:01:32Z,29.25946,-94.5291,8.9,309.6,313,80,183,32,7.4
367673340,2025-01-08T00:01:25Z,29.93466,-89.98729,0.0,289.5,,31,114,18,3.1
367553370,2025-01-08T00:01:27Z,41.81511,-71.40021,0.0,336.5,327,31,32,10,
311000416,2025-01-08T00:01:26Z,32.69944,-117.15954,0.1,181.2,308,70,190,30,10.3
368248960,2025-01-08T00:01:33Z,40.66806,-74.03106,0.0,274.3,2,57,159,26,6.4
316004831,2025-01-08T00:01:27Z,49.2732,-123.13787,0.0,,,30,17,4,
367702270,2025-01-08T00:02:34Z,28.91824,-95.34762,0.5,237.9,239,52,22,10,3.1
367136020,2025-01-08T00:01:09Z,28.41533,-80.60889,0.0,160.0,,31,19,8,3.0
538006420,2025-01-08T00:01:46Z,49.30448,-123.06703,0.0,288.0,84,79,229,33,7.7
316023833,2025-01-08T00:02:37Z,49.2865,-123.09805,0.0,169.5,354,30,43,10,5.8
367017440,2025-01-08T00:01:14Z,33.77086,-118.2117,0.0,235.3,,56,42,8,2.0
367758660,2025-01-08T00:00:24Z,29.49626,-89.1541,2.6,319.8,,30,26,8,
319154100,2025-01-08T00:02:37Z,17.90499,-64.54615,7.2,84.7,83,37,64,12,3.5
357338000,2025-01-08T00:01:20Z,49.01067,-123.16775,0.0,186.6,109,70,230,38,7.8
338210797,2025-01-08T00:00:28Z,34.40691,-119.68928,0.0,,,37,16,4,
538011428,2025-01-08T00:01:16Z,46.09911,-122.93937,0.0,21.4,111,70,229,32,6.9
256389000,2025-01-08T00:01:23Z,25.32247,-79.83341,18.2,156.2,160,69,249,32,7.0
636023896,2025-01-08T00:01:16Z,34.17968,-77.95773,3.1,1.6,0,70,183,32,8.5
368260080,2025-01-08T00:00:30Z,48.7549,-122.50498,0.1,53.0,,36,14,4,
368212230,2025-01-08T00:01:25Z,30.70842,-88.04349,0.0,327.6,117,52,30,14,
367638020,2025-01-08T00:01:20Z,29.9738,-90.39958,0.0,170.0,345,31,357,,3.4
345090026,2025-01-08T00:01:27Z,29.14364,-90.21701,0.0,286.0,255,79,79,18,4.0
338163045,2025-01-08T00:00:31Z,33.6203,-117.92745,0.0,,,37,14,5,
367389450,2025-01-08T00:01:37Z,31.09341,-91.71529,4.3,66.3,62,52,30,10,2.8
367417780,2025-01-08T00:01:10Z,33.98065,-118.45005,0.0,270.7,,37,19,7,1.6
368373790,2025-01-08T00:01:24Z,26.33694,-97.49168,4.8,262.5,259,57,115,34,3.0
367003590,2025-01-08T00:01:32Z,30.47553,-91.19559,1.2,190.9,,31,15,10,2.5
338035036,2025-01-08T00:01:05Z,33.75726,-118.1868,0.0,167.4,,37,10,4,
368018050,2025-01-08T00:01:37Z,26.2223,-80.10994,0.0,258.1,,37,10,4,1.0
367523580,2025-01-08T00:01:17Z,39.25768,-76.55593,0.0,235.7,,52,24,11,
367004120,2025-01-08T00:01:32Z,30.0494,-90.57946,2.3,254.1,,31,24,8,
367780610,2025-01-08T00:00:40Z,26.11176,-80.10735,0.0,,,37,24,6,
338493409,2025-01-08T00:00:13Z,34.24571,-119.26484,0.0,,,37,9,3,
368264040,2025-01-08T00:02:27Z,29.93455,-89.99912,0.1,273.6,,31,24,8,
256389000,2025-01-08T00:02:30Z,25.31722,-79.8311,18.2,160.5,167,69,249,32,7.0
367583840,2025-01-08T00:02:36Z,41.80722,-87.78299,2.6,35.3,,31,23,8,2.8
367776390,2025-01-08T00:01:06Z,37.66418,-122.37307,10.6,273.5,,60,17,6,0.7
367008520,2025-01-08T00:02:35Z,29.36882,-89.35627,0.0,257.0,,52,14,6,1.4
367313120,2025-01-08T00:01:09Z,29.30183,-92.38808,7.8,198.0,184,70,43,10,
366930000,2025-01-08T00:02:38Z,29.92484,-90.13576,0.0,274.0,,31,32,10,5.0
338602000,2025-01-08T00:00:14Z,33.74743,-118.22007,5.8,301.1,300,52,29,10,
368330600,2025-01-08T00:01:10Z,30.02019,-90.83841,0.0,343.4,352,57,209,18,2.9
367419340,2025-01-08T00:02:39Z,38.03999,-122.13785,0.0,228.5,53,52,30,12,6.0
367656820,2025-01-08T00:01:11Z,30.07983,-93.33575,3.8,217.1,217,31,115,34,3.1
367737720,2025-01-08T00:01:13Z,28.87885,-95.26442,6.7,151.6,,70,47,12,3.0
338513393,2025-01-08T00:00:16Z,24.58524,-81.78318,0.8,266.3,,37,15,5,
367160000,2025-01-08T00:01:26Z,29.9248,-90.13578,0.0,241.5,,52,33,10,
241741000,2025-01-08T00:02:37Z,32.97823,-117.94301,10.8,158.6,159,80,274,48,9.2
316003702,2025-01-08T00:00:17Z,48.75424,-122.5053,0.0,265.1,,30,24,6,
368211560,2025-01-08T00:01:28Z,29.0775,-90.8712,0.0,279.8,,52,15,7,3.2
367076910,2025-01-08T00:02:36Z,29.99589,-92.79033,0.0,270.7,,31,21,7,6.0
367165430,2025-01-08T00:02:34Z,40.67695,-74.13323,6.0,21.1,27,52,32,9,4.1
367377380,2025-01-08T00:02:38Z,42.35556,-71.04966,0.0,17.6,279,60,30,12,2.7
368385470,2025-01-08T00:00:23Z,33.92101,-78.06198,0.0,315.9,,37,13,5,
367625190,2025-01-08T00:02:40Z,29.05673,-90.1159,0.0,285.7,,90,18,17,1.5
338138391,2025-01-08T00:00:24Z,47.63277,-122.33976,0.4,262.2,,37,19,5,
367625810,2025-01-08T00:02:11Z,33.73983,-118.2782,0.0,255.2,9,52,32,12,5.8
368018050,2025-01-08T00:02:47Z,26.22232,-80.10997,0.0,249.2,,37,10,4,1.0
368168970,2025-01-08T00:02:35Z,39.09232,-84.55624,0.0,255.3,216,52,22,9,2.8
367513750,2025-01-08T00:02:48Z,28.94302,-89.4968,0.1,,,30,33,9,3.3
367523340,2025-01-08T00:02:33Z,36.8823,-75.83409,0.5,126.1,319,52,45,14,6.4
316008174,2025-01-08T00:00:27Z,48.33558,-123.60186,0.0,21.9,,51,10,4,
366988470,2025-01-08T00:02:18Z,29.5613,-90.70367,0.0,286.9,,31,16,8,
368353080,2025-01-08T00:01:59Z,38.01948,-90.09052,0.0,328.4,300,57,81,14,2.5
366766970,2025-01-08T00:02:51Z,20.89823,-156.46919,0.0,240.3,121,52,36,10,4.6
368356590,2025-01-08T00:02:46Z,30.07979,-90.91031,0.0,311.0,347,57,19,8,3.1
366841550,2025-01-08T00:01:29Z,36.95319,-76.32891,0.0,311.5,285,52,28,10,4.2
367658000,2025-01-08T00:02:39Z,47.62934,-122.38382,0.0,259.6,2,30,55,12,4.3
367504960,2025-01-08T00:01:41Z,29.78953,-95.06535,0.0,293.8,319,52,28,12,3.1
538070032,2025-01-08T00:02:05Z,32.71981,-117.22431,0.0,201.4,36,37,27,7,3.2
538090308,2025-01-08T00:01:11Z,17.42499,-64.81409,0.5,219.6,156,80,228,32,11.2
367004120,2025-01-08T00:02:41Z,30.04928,-90.58031,2.3,257.1,,31,24,8,
367776390,2025-01-08T00:02:34Z,37.66427,-122.37597,5.2,270.8,,60,17,6,0.7
563077500,2025-01-08T00:02:42Z,29.54697,-89.76892,0.1,116.3,313,70,229,32,12.1
228391700,2025-01-08T00:02:47Z,27.88011,-97.26671,0.0,32.1,124,80,293,46,8.8
367486980,2025-01-08T00:02:30Z,28.64736,-96.06391,3.6,51.2,53,31,96,16,2.5
368254630,2025-01-08T00:02:34Z,29.6538,-90.10708,0.0,,,52,15,6,
367642410,2025-01-08T00:01:58Z,29.11904,-90.20625,0.0,247.3,,31,14,4,2.0
367160000,2025-01-08T00:02:37Z,29.9248,-90.13578,0.0,241.5,,52,33,10,
338411249,2025-01-08T00:00:31Z,29.70955,-94.99796,0.0,29.2,,37,12,4,
304822000,2025-01-08T00:01:15Z,26.0658,-80.11569,0.0,348.8,,70,53,11,2.0
367754650,2025-01-08T00:01:24Z,29.54611,-90.70124,0.0,288.1,350,70,52,10,3.0
367741210,2025-01-08T00:00:32Z,26.11447,-80.10735,0.0,,,37,30,7,
367752120,2025-01-08T00:01:25Z,29.99468,-90.01828,0.0,288.2,327,52,26,12,3.1
368292050,2025-01-08T00:00:32Z,26.08702,-80.18429,0.5,,314,37,18,6,
367728750,2025-01-08T00:01:29Z,30.04517,-90.83959,9.1,166.5,174,31,119,34,2.9
538006053,2025-01-08T00:02:34Z,37.17178,-123.40998,1.1,129.3,43,80,184,27,10.8
369381000,2025-01-08T00:00:41Z,24.56634,-81.7373,0.0,,17,36,20,5,
368311730,2025-01-08T00:01:34Z,29.79049,-95.06191,0.0,16.4,116,52,21,9,3.3
372956000,2025-01-08T00:02:39Z,33.6154,-120.72362,7.6,92.0,91,80,174,28,10.6
367707750,2025-01-08T00:01:37Z,30.52358,-88.02298,7.6,172.4,,31,16,6,
367503920,2025-01-08T00:02:30Z,29.96901,-93.86042,0.0,119.8,,31,21,9,
367506690,2025-01-08T00:01:53Z,31.22893,-87.93468,6.5,313.5,321,31,45,10,3.1
367469690,2025-01-08T00:02:27Z,29.79291,-92.14317,0.0,266.6,,60,19,5,
366961670,2025-01-08T00:02:28Z,29.68556,-94.95862,0.0,,,52,16,7,
367197410,2025-01-08T00:02:28Z,29.77869,-93.34076,4.0,217.5,220,60,58,10,2.0
366957490,2025-01-08T00:02:31Z,28.92083,-89.41752,20.3,35.8,,60,16,4,
367524110,2025-01-08T00:02:35Z,29.7638,-95.09331,0.0,41.2,138,52,19,9,2.6
316024256,2025-01-08T00:02:34Z,45.89286,-83.8487,7.8,327.4,331,52,35,11,5.2
366884240,2025-01-08T00:02:42Z,27.91325,-82.44213,0.0,144.1,,52,28,16,5.1
367670110,2025-01-08T00:02:34Z,29.83415,-90.06058,0.0,296.7,139,52,49,15,2.9
368332080,2025-01-08T00:02:48Z,25.75645,-80.14149,0.0,133.6,128,37,22,7,
338073000,2025-01-08T00:02:29Z,40.64058,-74.12974,0.0,232.9,304,52,28,12,
366971370,2025-01-08T00:01:28Z,43.22218,-87.08536,13.8,195.9,195,70,305,32,8.5
339086000,2025-01-08T00:03:04Z,26.75072,-80.0499,0.0,184.0,89,37,40,8,2.6
366395000,2025-01-08T00:02:29Z,26.11067,-80.11747,0.0,1.3,297,37,44,8,2.8
366254000,2025-01-08T00:01:01Z,21.06969,-157.37159,8.5,289.0,286,32,37,11,5.0
339197000,2025-01-08T00:02:16Z,18.45158,-64.71413,0.0,141.7,35,37,44,9,2.3
367025330,2025-01-08T00:02:37Z,32.72306,-117.22665,0.0,,,60,24,8,2.0
416482000,2025-01-08T00:02:32Z,32.29637,-79.54151,14.8,242.9,246,74,335,46,11.2
338922000,2025-01-08T00:02:48Z,48.73456,-122.68615,0.1,229.9,,90,53,10,3.7
367702530,2025-01-08T00:01:22Z,30.01318,-90.74367,0.0,280.4,266,31,21,9,3.0
367777450,2025-01-08T00:02:50Z,29.62187,-92.27436,0.0,,,31,13,5,2.9
367351520,2025-01-08T00:01:27Z,41.29414,-72.90617,0.0,8.5,297,52,23,8,3.0
310034000,2025-01-08T00:03:10Z,18.47081,-64.57621,0.0,130.0,127,37,50,9,3.8
366950440,2025-01-08T00:02:30Z,28.40908,-80.61601,0.1,,93,52,18,6,
271052065,2025-01-08T00:02:03Z,40.6839,-74.07374,0.0,154.3,131,70,225,32,6.1
366972910,2025-01-08T00:01:21Z,30.05639,-93.73713,0.0,281.4,,52,16,8,2.2
368070420,2025-01-08T00:01:12Z,29.74483,-95.1003,0.1,298.5,317,52,83,11,2.5
368068980,2025-01-08T00:02:40Z,47.5898,-122.3497,0.1,192.6,,34,14,5,2.0
316003447,2025-01-08T00:01:23Z,49.12303,-123.18185,0.0,341.5,103,30,23,7,
368016810,2025-01-08T00:02:19Z,41.63659,-70.92017,0.0,,,30,40,10,4.2
576299000,2025-01-08T00:00:48Z,29.14365,-90.2148,0.0,36.0,340,99,132,22,5.1
338196000,2025-01-08T00:01:42Z,29.1227,-90.19987,0.0,6.8,186,70,79,16,5.9
368144320,2025-01-08T00:01:26Z,29.83284,-91.82395,0.0,48.5,42,31,24,9,3.1
366971540,2025-01-08T00:01:28Z,42.47948,-73.78811,0.0,267.6,,52,15,6,2.0
338331633,2025-01-08T00:00:43Z,30.40667,-87.25328,1.0,,,37,14,4,
367637070,2025-01-08T00:01:02Z,30.05825,-93.68742,0.0,328.5,180,31,19,7,3.0
367432880,2025-01-08T00:01:03Z,36.95333,-76.3284,0.0,225.8,278,52,27,10,4.5
368155160,2025-01-08T00:00:46Z,18.45959,-66.08875,0.0,,,37,17,4,
367434580,2025-01-08T00:02:21Z,38.43108,-82.60246,0.0,238.5,164,52,45,15,
366744020,2025-01-08T00:01:20Z,26.05281,-80.04008,5.4,340.5,,31,30,8,4.9
338409803,2025-01-08T00:00:50Z,47.12688,-88.61029,0.0,,,99,20,7,
366495000,2025-01-08T00:01:28Z,30.42118,-88.01496,12.0,186.3,186,80,187,32,11.1
367342210,2025-01-08T00:02:39Z,38.84077,-90.10572,0.0,224.8,359,31,125,18,3.1
367533020,2025-01-08T00:02:30Z,30.44959,-91.19276,0.1,59.4,1,31,361,,3.6
255806070,2025-01-08T00:01:43Z,26.07434,-80.1227,0.0,249.4,179,71,165,26,7.1
368045410,2025-01-08T00:02:28Z,27.84025,-97.06876,0.0,178.3,,60,46,16,
367731160,2025-01-08T00:01:31Z,40.41722,-74.03124,0.0,217.0,,60,19,7,
338246049,2025-01-08T00:01:03Z,29.54509,-95.04603,0.0,158.3,83,37,14,4,
316031625,2025-01-08T00:00:53Z,49.2938,-123.12683,0.3,131.9,,36,15,4,
338150482,2025-01-08T00:01:07Z,30.39308,-86.51037,0.0,,,30,16,6,
477023800,2025-01-08T00:01:32Z,38.53016,-74.73884,5.8,323.1,321,80,237,44,9.4
368181460,2025-01-08T00:00:56Z,32.78673,-79.90943,0.0,,,36,14,4,
367428170,2025-01-08T00:01:21Z,30.44134,-91.22756,0.1,63.7,,31,18,8,3.0
367499890,2025-01-08T00:00:16Z,24.72974,-81.01447,0.0,,,36,11,7,
368359620,2025-01-08T00:02:26Z,29.65673,-94.96976,0.1,,,52,20,7,
338921000,2025-01-08T00:01:32Z,38.09463,-123.27297,11.4,323.7,320,99,53,10,3.7
367362770,2025-01-08T00:00:19Z,30.12918,-91.01529,2.2,65.6,,37,38,4,
366774330,2025-01-08T00:01:32Z,41.78052,-71.37083,0.0,171.9,338,52,168,22,7.6
374158000,2025-01-08T00:01:45Z,33.76225,-118.18305,0.1,135.0,,74,334,48,11.2
367702550,2025-01-08T00:01:48Z,29.94697,-90.16641,9.3,44.8,40,52,22,9,
368296490,2025-01-08T00:02:27Z,26.47281,-79.70577,6.5,125.2,140,70,29,10,
368277150,2025-01-08T00:02:27Z,26.11134,-80.10823,0.0,,99,37,37,21,
367430780,2025-01-08T00:02:35Z,28.93192,-95.29129,0.0,356.1,,52,26,10,3.7
215196000,2025-01-08T00:01:50Z,27.94895,-87.02898,13.7,165.8,162,71,364,46,11.1
367125330,2025-01-08T00:02:09Z,30.3238,-81.62606,0.0,26.5,85,52,41,10,5.4
311000341,2025-01-08T00:02:28Z,24.89053,-79.96572,14.3,200.7,203,60,326,55,8.6
367547090,2025-01-08T00:02:43Z,35.12456,-90.07646,0.0,261.5,,31,18,7,
367345040,2025-01-08T00:02:32Z,29.72989,-93.87102,0.0,,,60,18,5,1.2
367718490,2025-01-08T00:02:29Z,34.73365,-90.45597,3.3,70.0,35,31,268,23,3.1
367175640,2025-01-08T00:00:18Z,40.7102,-74.04437,0.0,0.0,,34,14,5,
368383090,2025-01-08T00:02:46Z,29.30711,-89.05137,2.9,57.2,,70,26,8,
368077040,2025-01-08T00:00:18Z,47.64023,-122.34144,0.0,,,37,20,5,
368012560,2025-01-08T00:02:33Z,40.94975,-73.07481,0.1,217.1,126,31,25,8,3.7
367456950,2025-01-08T00:02:34Z,30.29271,-91.22635,0.0,308.8,329,31,267,22,2.9
367633260,2025-01-08T00:02:32Z,30.08772,-90.90671,0.0,135.6,333,52,18,12,2.7
367458590,2025-01-08T00:02:36Z,30.70978,-88.03661,0.0,194.6,69,31,38,11,3.0
367413160,2025-01-08T00:02:35Z,29.79465,-93.32445,0.0,177.6,,70,40,14,3.5
367164250,2025-01-08T00:02:39Z,42.37999,-71.04205,0.0,204.8,89,52,28,10,4.3
311000388,2025-01-08T00:02:41Z,29.7405,-95.20644,0.0,317.6,113,80,225,36,7.7
368278180,2025-01-08T00:02:44Z,38.47048,-90.28263,0.0,,,52,20,8,
512007050,2025-01-08T00:00:21Z,26.14278,-80.10941,0.8,141.5,,36,14,7,
368258580,2025-01-08T00:02:31Z,27.83817,-97.05232,0.0,101.1,133,,23,7,
367434320,2025-01-08T00:02:46Z,30.70505,-88.03955,0.0,0.0,,52,29,12,4.5
354800000,2025-01-08T00:02:51Z,32.3275,-117.09556,0.1,256.4,284,82,183,32,11.0
338396317,2025-01-08T00:00:21Z,26.8466,-80.06786,0.0,,,37,13,,
367019070,2025-01-08T00:02:38Z,44.38488,-124.32955,0.5,,,30,20,6,
369494407,2025-01-08T00:02:21Z,38.94851,-74.88971,0.1,94.3,,51,15,5,1.6
368230510,2025-01-08T00:02:36Z,26.70358,-80.04547,0.0,159.7,182,37,36,8,2.2
316049371,2025-01-08T00:02:38Z,49.48711,-123.46516,8.3,172.0,172,52,23,12,5.0
338422141,2025-01-08T00:00:22Z,45.71451,-122.86851,0.0,,,37,7,2,
366748650,2025-01-08T00:03:14Z,29.25619,-89.35904,0.0,336.7,,60,44,8,2.0
367028770,2025-01-08T00:02:53Z,29.54613,-90.70058,0.0,337.8,,31,30,9,2.0
367373660,2025-01-08T00:02:38Z,39.57013,-76.09993,0.0,132.8,,52,19,8,
367157570,2025-01-08T00:02:37Z,40.63679,-74.07184,0.1,259.4,88,52,24,7,
368092790,2025-01-08T00:02:42Z,29.94428,-91.84207,0.0,296.0,,31,18,7,
367351520,2025-01-08T00:02:37Z,41.29417,-72.90618,0.0,8.5,297,52,23,8,3.0
367659160,2025-01-08T00:02:38Z,38.87432,-77.02144,0.0,292.2,,60,32,8,1.2
368252420,2025-01-08T00:02:40Z,29.98102,-90.4015,1.1,328.6,329,57,23,10,2.9
367010480,2025-01-08T00:02:32Z,29.89988,-90.07971,0.0,338.6,,52,19,8,2.0
367702080,2025-01-08T00:02:44Z,29.9402,-90.17839,0.0,346.6,318,31,35,11,2.5
243710119,2025-01-08T00:00:23Z,26.06246,-79.79353,2.3,7.7,,,,,
316001235,2025-01-08T00:01:53Z,48.61391,-123.51745,0.0,347.0,101,60,46,14,
368252420,2025-01-08T00:01:31Z,29.98047,-90.40111,3.6,328.8,330,57,23,10,2.9
368132340,2025-01-08T00:01:14Z,29.59451,-90.66342,0.0,304.8,112,30,205,44,2.5
338492842,2025-01-08T00:00:26Z,30.29579,-87.62868,0.0,,,37,18,6,
338316385,2025-01-08T00:00:30Z,33.20584,-117.39048,0.0,129.9,,37,12,4,
367045720,2025-01-08T00:00:35Z,47.33529,-122.58845,0.0,,,30,19,10,
368048120,2025-01-08T00:02:33Z,34.74068,-90.44482,0.0,312.4,,32,20,8,
367384770,2025-01-08T00:00:36Z,48.75422,-122.50472,0.0,230.4,,37,13,4,
367533290,2025-01-08T00:02:35Z,33.7345,-118.27069,0.2,212.9,,90,46,26,3.2
538005391,2025-01-08T00:02:26Z,28.67225,-94.4312,11.2,181.6,180,80,256,43,12.3
366867370,2025-01-08T00:02:36Z,36.86149,-76.31896,9.9,130.3,,60,15,5,1.8
368321320,2025-01-08T00:00:39Z,47.6813,-122.40604,0.3,,,36,12,4,
368087950,2025-01-08T00:02:28Z,30.38929,-86.32774,0.0,,,37,22,5,
368037610,2025-01-08T00:02:28Z,18.22807,-65.62033,5.4,9.3,10,60,24,9,2.1
338385022,2025-01-08T00:01:51Z,47.65525,-122.20825,0.0,,,37,10,4,
316041691,2025-01-08T00:02:33Z,49.31333,-123.16758,8.2,72.6,72,52,18,8,0.1
368202320,2025-01-08T00:01:51Z,47.62911,-122.39287,0.0,45.5,,37,15,4,
367790830,2025-01-08T00:02:33Z,40.72102,-73.96559,5.6,92.5,85,60,26,8,2.0
367170010,2025-01-08T00:02:31Z,29.42258,-94.72119,0.1,104.0,215,31,82,23,3.1
338229401,2025-01-08T00:01:52Z,25.77019,-80.14042,0.1,62.1,,37,27,6,
366984240,2025-01-08T00:01:13Z,30.03912,-90.68533,7.9,51.0,56,52,59,19,3.2
367031390,2025-01-08T00:02:40Z,36.83883,-76.29138,0.0,262.5,142,52,24,10,3.3
368293260,2025-01-08T00:02:33Z,30.34402,-88.50728,0.0,29.8,179,52,27,12,5.0
367466650,2025-01-08T00:01:20Z,27.63181,-82.56398,0.0,344.0,7,31,109,20,3.7
368589000,2025-01-08T00:02:08Z,29.25464,-94.67565,0.1,186.1,38,80,187,33,8.0
367106880,2025-01-08T00:01:27Z,30.28367,-91.22197,4.6,268.5,,60,43,18,
338402158,2025-01-08T00:01:55Z,18.07797,-65.79647,0.0,343.7,,36,15,8,
368278450,2025-01-08T00:02:12Z,41.62461,-70.91443,0.0,286.5,160,31,37,10,5.6
368133620,2025-01-08T00:02:33Z,33.53602,-78.46132,6.7,219.3,,36,13,3,
368129830,2025-01-08T00:02:44Z,25.7819,-80.15541,0.0,163.0,153,37,48,12,2.2
368064130,2025-01-08T00:02:35Z,29.77194,-95.10198,0.0,,,52,16,7,
303221000,2025-01-08T00:02:36Z,47.63555,-122.32854,0.0,297.4,132,30,45,14,4.0
367546220,2025-01-08T00:01:29Z,40.12839,-74.82167,0.0,277.5,55,31,26,8,3.0
367561000,2025-01-08T00:01:12Z,46.9076,-124.10797,0.0,244.5,133,30,24,8,4.0
338488122,2025-01-08T00:01:59Z,30.14599,-85.68459,6.5,158.7,,36,13,4,
367778090,2025-01-08T00:02:18Z,42.36328,-87.82209,0.0,,,52,21,3,
368034790,2025-01-08T00:02:19Z,44.49664,-124.74336,8.7,351.0,353,32,38,10,4.0
338237725,2025-01-08T00:02:00Z,36.6031,-121.88975,0.0,91.9,37,37,13,5,
338156176,2025-01-08T00:02:00Z,47.67966,-122.41003,0.0,15.7,208,37,18,5,
338407144,2025-01-08T00:02:37Z,38.95894,-76.47483,0.0,,,37,14,6,
338431652,2025-01-08T00:02:02Z,37.01766,-76.34229,0.0,,,37,14,4,
311001384,2025-01-08T00:01:39Z,39.72075,-75.52807,0.0,,294,70,183,30,8.5
367778530,2025-01-08T00:01:44Z,46.20578,-123.38668,0.0,204.5,,30,22,6,2.8
367539160,2025-01-08T00:01:14Z,39.13051,-84.71595,6.4,319.7,316,31,51,12,2.5
367689450,2025-01-08T00:01:22Z,26.34173,-80.07719,0.0,,,37,30,6,
538006977,2025-01-08T00:01:03Z,29.09451,-94.6329,0.4,78.0,49,80,228,37,9.4
368371030,2025-01-08T00:02:27Z,26.01467,-80.119,0.0,200.3,,37,15,6,
366823870,2025-01-08T00:01:10Z,29.81681,-90.00592,0.0,200.2,,30,12,4,
367096360,2025-01-08T00:02:29Z,30.05929,-93.48957,6.3,90.5,87,31,25,10,2.9
538006097,2025-01-08T00:01:33Z,46.20215,-123.82093,0.1,220.7,84,70,229,32,7.0
368208250,2025-01-08T00:02:30Z,29.99697,-90.42134,0.0,301.9,284,57,207,12,3.0
368286850,2025-01-08T00:01:34Z,30.42111,-91.20392,0.0,156.1,18,31,27,10,3.3
367053260,2025-01-08T00:02:31Z,30.01679,-94.01354,0.0,318.3,,31,22,10,
413848000,2025-01-08T00:01:41Z,29.31869,-94.55819,0.1,132.1,30,80,250,44,8.5
368178440,2025-01-08T00:01:52Z,37.7668,-122.28455,0.0,112.6,,37,19,5,
368263070,2025-01-08T00:02:32Z,26.05919,-80.13654,0.0,,,37,26,7,
316023608,2025-01-08T00:01:52Z,49.15436,-122.95027,0.0,273.0,66,52,19,10,
367585740,2025-01-08T00:01:55Z,48.514,-122.60775,0.0,207.8,,37,14,4,
338193875,2025-01-08T00:02:34Z,39.48735,-75.89444,0.1,21.2,,37,11,4,
368101330,2025-01-08T00:02:35Z,26.34413,-80.07298,0.0,0.0,,36,12,6,
367780870,2025-01-08T00:01:44Z,29.12604,-90.21655,0.0,67.0,346,70,45,12,3.0
368085710,2025-01-08T00:01:58Z,27.77704,-82.62802,0.0,,,37,18,5,
319211500,2025-01-08T00:01:43Z,26.14267,-80.11061,0.1,64.5,16,37,40,8,
367615320,2025-01-08T00:02:27Z,39.11858,-84.70749,0.0,299.9,,31,20,8,2.5
367324810,2025-01-08T00:02:32Z,30.38935,-81.46235,0.0,102.6,,90,83,24,
366984240,2025-01-08T00:02:33Z,30.04093,-90.68263,8.0,53.0,59,52,59,19,3.2
316001476,2025-01-08T00:01:43Z,48.85406,-123.49802,0.0,162.0,215,51,15,5,1.3
311000448,2025-01-08T00:01:22Z,28.71639,-93.68986,11.1,123.5,123,80,274,48,10.2
367479650,2025-01-08T00:02:36Z,30.44113,-91.22786,2.3,284.8,281,52,21,8,3.0
367539160,2025-01-08T00:02:33Z,39.13228,-84.71805,6.4,316.0,314,31,51,12,2.5
367190630,2025-01-08T00:02:37Z,41.72425,-87.54003,0.0,214.1,,31,22,6,
369080000,2025-01-08T00:02:35Z,47.58887,-122.35045,0.0,96.0,359,31,31,11,4.3
367473820,2025-01-08T00:02:37Z,30.70535,-88.03962,0.0,234.6,,52,30,8,4.0
366954120,2025-01-08T00:01:23Z,30.03201,-90.47,0.0,353.0,,31,135,51,4.2
255805891,2025-01-08T00:02:38Z,48.49906,-125.52235,1.0,275.2,182,74,300,48,14.4
338346009,2025-01-08T00:02:03Z,34.21169,-77.80592,0.0,,,37,16,6,
368134020,2025-01-08T00:02:40Z,35.08746,-90.10652,0.0,34.2,98,57,219,18,2.9
367442170,2025-01-08T00:01:09Z,21.31353,-157.86614,0.0,336.2,,30,25,7,
368278880,2025-01-08T00:00:59Z,28.40817,-80.62894,0.0,181.6,106,36,18,5,
367695960,2025-01-08T00:00:38Z,39.04907,-76.53837,0.1,183.3,,37,22,5,
412082711,2025-01-08T00:00:38Z,35.84396,-75.62408,0.9,0.0,68,,,,
338238052,2025-01-08T00:00:43Z,47.66291,-122.9167,0.3,350.8,,37,,,
368087070,2025-01-08T00:00:41Z,48.60969,-123.15486,0.0,,,37,14,4,
338432923,2025-01-08T00:00:42Z,47.29583,-122.42076,0.1,,,37,11,4,
477854700,2025-01-08T00:00:44Z,29.72436,-95.23362,0.0,56.0,64,80,183,32,8.0
368014710,2025-01-08T00:00:46Z,29.3186,-94.77811,0.0,,,37,20,5,
372321000,2025-01-08T00:00:47Z,28.57994,-89.20054,10.0,139.9,144,70,139,21,5.4
368252620,2025-01-08T00:00:57Z,47.79552,-122.49883,0.0,153.8,,37,,,
338149294,2025-01-08T00:00:49Z,26.12592,-80.10913,0.0,324.0,,37,34,8,
367678460,2025-01-08T00:00:58Z,32.71151,-117.23311,0.0,128.5,,37,26,6,
369970310,2025-01-08T00:01:00Z,38.98445,-76.4669,0.0,219.7,,35,33,8,
338439854,2025-01-08T00:00:52Z,32.72673,-117.19182,0.0,209.3,358,37,6,2,
243710113,2025-01-08T00:01:02Z,26.06684,-79.83965,2.4,7.3,,,,,
316041917,2025-01-08T00:01:02Z,48.4986,-122.60853,0.0,,,37,12,10,
367567990,2025-01-08T00:01:26Z,36.89767,-76.34996,0.0,349.1,13,31,24,9,
368390880,2025-01-08T00:00:53Z,30.67084,-81.46628,0.0,336.9,24,36,12,7,
636016946,2025-01-08T00:01:29Z,29.33165,-94.53152,0.2,120.5,38,80,183,32,8.0
367519080,2025-01-08T00:00:53Z,28.69986,-96.23205,0.0,334.3,,30,30,8,
338236431,2025-01-08T00:00:55Z,37.21379,-76.46761,0.0,113.2,,37,10,3,
563096700,2025-01-08T00:01:11Z,28.95113,-88.98195,14.5,56.0,56,73,300,43,12.4
367519030,2025-01-08T00:00:55Z,33.25828,-117.08163,0.0,46.6,,37,7,,
366984880,2025-01-08T00:01:20Z,38.60301,-90.19264,0.0,265.0,203,31,486,,2.8
367303080,2025-01-08T00:01:22Z,30.02208,-93.98699,0.0,281.0,337,31,115,33,3.1
367430440,2025-01-08T00:01:23Z,30.74464,-81.52415,0.0,100.5,,36,13,4,
338228091,2025-01-08T00:01:06Z,29.54561,-95.06467,0.1,,,37,10,4,
366046000,2025-01-08T00:01:25Z,47.62785,-122.3794,0.0,11.6,1,30,102,15,7.3
367702540,2025-01-08T00:01:27Z,30.16991,-89.61309,4.9,64.5,66,31,21,8,2.8
367199280,2025-01-08T00:01:29Z,29.35142,-89.78228,0.0,81.6,,52,7,16,
368249510,2025-01-08T00:01:13Z,48.12612,-123.45569,0.0,292.6,,37,20,5,
243710102,2025-01-08T00:02:27Z,26.06945,-79.8554,5.7,301.1,,,,,
368397550,2025-01-08T00:02:31Z,30.01608,-94.01314,0.0,,,33,55,16,
367616040,2025-01-08T00:02:30Z,29.36337,-94.9164,0.0,337.9,90,52,24,10,3.0
338132851,2025-01-08T00:02:34Z,30.33351,-81.61245,0.0,0.0,,52,20,,
368192680,2025-01-08T00:01:58Z,24.56252,-81.72971,0.1,116.2,,37,20,6,
368218740,2025-01-08T00:01:09Z,48.00237,-122.21874,0.0,,,37,6,6,
368252160,2025-01-08T00:01:33Z,29.94705,-90.31123,0.0,219.8,,31,20,10,2.7
368122820,2025-01-08T00:01:11Z,18.44121,-64.75881,0.2,,,37,14,6,
367300590,2025-01-08T00:01:15Z,32.8492,-79.93528,0.0,341.6,237,52,33,12,6.0
367555330,2025-01-08T00:02:35Z,38.58016,-90.2197,0.0,34.0,45,31,27,7,2.9
371919000,2025-01-08T00:02:35Z,37.18819,-76.09911,0.1,79.5,298,70,200,32,7.5
368117020,2025-01-08T00:01:28Z,29.94371,-90.00206,0.0,298.5,,52,21,10,2.9
369970657,2025-01-08T00:01:19Z,35.07454,-90.12745,0.0,286.9,189,31,34,11,
367689970,2025-01-08T00:01:20Z,29.14129,-90.1967,0.0,262.8,341,70,59,15,3.2
367599260,2025-01-08T00:01:28Z,29.77772,-93.34194,3.8,218.7,215,70,57,12,3.3
367429570,2025-01-08T00:01:22Z,38.58641,-90.20543,5.2,67.1,,52,18,8,2.8
367705210,2025-01-08T00:01:15Z,27.80965,-97.30492,7.3,93.9,,31,30,8,2.4
367591950,2025-01-08T00:01:26Z,29.84476,-93.95169,3.0,209.1,200,31,120,34,2.9
367767410,2025-01-08T00:02:39Z,46.00869,-122.84904,0.6,225.4,,30,13,4,1.4
366998820,2025-01-08T00:01:17Z,40.67081,-74.08532,0.0,256.2,277,52,24,8,3.1
366935380,2025-01-08T00:01:12Z,28.90295,-95.37112,4.8,59.7,,30,96,16,3.1
367702550,2025-01-08T00:03:07Z,29.94927,-90.16354,9.3,48.3,44,52,22,9,
367556640,2025-01-08T00:01:13Z,29.41939,-89.60775,11.9,185.7,177,52,165,28,6.7
368084240,2025-01-08T00:01:11Z,43.64183,-124.68626,7.4,177.4,180,52,34,10,0.7
366972620,2025-01-08T00:01:22Z,21.31017,-157.86913,0.0,290.0,341,52,22,10,
352915000,2025-01-08T00:01:23Z,39.14692,-73.13027,17.6,67.5,63,70,198,32,8.1
368015480,2025-01-08T00:02:40Z,27.58647,-84.23425,10.9,91.4,89,57,188,24,8.6
367094660,2025-01-08T00:01:25Z,30.2518,-88.08104,0.2,351.2,,60,46,10,2.0
367428150,2025-01-08T00:01:30Z,30.03039,-94.03333,0.0,283.6,,52,32,10,3.1
368360840,2025-01-08T00:01:17Z,29.60079,-89.85195,0.0,127.1,,31,30,13,
367658750,2025-01-08T00:01:19Z,47.60854,-122.2155,0.0,,,37,25,6,
368061080,2025-01-08T00:01:13Z,29.40062,-89.30838,8.9,173.4,172,30,63,10,2.7
636015174,2025-01-08T00:01:21Z,33.59518,-119.27243,9.7,255.8,254,89,249,44,10.8
316003667,2025-01-08T00:01:39Z,49.3114,-123.10705,0.1,202.2,,52,22,10,4.0
316003447,2025-01-08T00:02:43Z,49.12303,-123.18185,0.0,95.3,102,30,23,7,
367739320,2025-01-08T00:02:36Z,29.70496,-95.04672,0.0,207.7,286,31,27,9,3.1
366843280,2025-01-08T00:01:03Z,28.95413,-95.35494,0.0,,,60,32,7,
339544000,2025-01-08T00:02:52Z,26.05851,-80.13647,0.0,278.0,180,37,37,8,2.0
367083580,2025-01-08T00:02:36Z,29.73087,-95.20682,0.0,87.3,52,52,24,11,3.2
368141380,2025-01-08T00:01:38Z,29.67447,-94.979,6.7,162.9,163,57,114,17,2.6
316001235,2025-01-08T00:03:03Z,48.61391,-123.51745,0.0,359.8,101,60,46,14,
367105180,2025-01-08T00:02:38Z,30.34935,-88.50553,0.0,221.4,193,31,120,34,2.8
338616000,2025-01-08T00:03:38Z,45.94618,-122.80627,13.9,349.6,348,52,204,24,6.4
367506690,2025-01-08T00:03:27Z,31.23129,-87.93638,6.6,340.7,333,31,45,10,3.1
538070803,2025-01-08T00:02:04Z,26.74962,-80.05109,0.0,325.5,274,37,47,12,2.8
368078850,2025-01-08T00:02:02Z,27.84591,-97.22577,0.0,284.6,234,52,30,12,5.2
367509760,2025-01-08T00:01:26Z,26.77393,-80.05023,0.0,,,53,17,9,1.8
367629440,2025-01-08T00:02:37Z,32.72266,-117.22675,0.0,,,60,26,8,
367428150,2025-01-08T00:02:39Z,30.0304,-94.0333,0.0,278.1,,52,32,10,3.1
229215000,2025-01-08T00:01:09Z,29.61206,-93.81006,11.7,159.0,157,70,180,30,6.6
338431393,2025-01-08T00:02:00Z,29.6199,-94.99849,0.0,,,36,16,8,
367705000,2025-01-08T00:01:10Z,47.65937,-122.38152,0.0,251.7,,30,31,10,4.0
367533930,2025-01-08T00:02:07Z,30.34163,-88.50702,0.0,251.1,179,52,27,10,3.1
316028723,2025-01-08T00:01:04Z,49.28912,-123.21614,0.3,,,50,11,5,
338400252,2025-01-08T00:01:18Z,33.61791,-117.92147,0.0,,,37,15,6,
367590780,2025-01-08T00:02:19Z,42.62888,-73.75419,0.0,221.0,15,52,182,24,
338145616,2025-01-08T00:01:05Z,26.00323,-80.12191,0.0,187.1,,37,16,5,
338083000,2025-01-08T00:02:24Z,26.72145,-80.04334,0.0,294.5,357,37,39,8,
366765940,2025-01-08T00:01:33Z,46.90626,-124.1074,0.0,226.2,317,30,26,9,3.0
367004910,2025-01-08T18:49:10Z,30.14009,-89.64673,0.0,76.4,57,31,23,9,3.0
367575120,2025-01-08T00:01:26Z,35.08297,-90.1418,0.0,357.4,,31,17,7,
367153680,2025-01-08T00:01:31Z,45.296,-124.07057,9.9,318.2,311,30,21,6,
563084400,2025-01-08T00:01:35Z,25.82084,-79.93487,8.8,187.0,186,71,347,42,12.1
368112080,2025-01-08T00:01:32Z,29.73677,-91.22572,0.0,91.7,5,31,208,23,2.8
368337990,2025-01-08T00:01:05Z,25.94442,-80.13682,0.0,,37,37,21,4,
368197680,2025-01-08T00:01:14Z,40.73579,-73.97438,0.0,,,60,27,10,2.0
367404910,2025-01-08T00:01:34Z,29.47612,-94.85504,7.8,336.0,335,31,117,17,3.1
367645320,2025-01-08T00:01:21Z,47.62983,-122.39572,0.0,,,36,14,4,
319515000,2025-01-08T00:02:31Z,29.99545,-90.4375,9.3,275.6,274,80,166,26,9.1
369108000,2025-01-08T00:01:22Z,41.40119,-71.32327,5.7,300.3,300,90,94,20,6.3
368304760,2025-01-08T00:01:46Z,36.92211,-76.18785,0.0,,,40,18,7,
367731530,2025-01-08T00:03:31Z,47.57023,-122.18921,0.0,174.1,235,37,20,6,2.1
367354360,2025-01-08T00:01:25Z,41.29326,-72.08414,12.4,15.5,8,60,94,15,2.7
368178130,2025-01-08T00:02:42Z,36.8593,-76.34342,0.0,338.7,173,52,24,10,3.1
368138170,2025-01-08T00:02:34Z,30.15568,-85.66712,0.0,38.8,317,57,211,16,3.1
368154150,2025-01-08T00:01:23Z,27.76788,-82.62907,0.0,233.9,253,37,15,5,
352915000,2025-01-08T00:02:41Z,39.1493,-73.12282,17.8,69.7,64,70,198,32,8.1
366997420,2025-01-08T00:01:32Z,29.85026,-90.02179,0.0,274.8,,31,15,14,2.4
366893910,2025-01-08T00:02:42Z,41.78506,-82.40063,12.6,117.4,116,70,153,20,5.9
211103000,2025-01-08T00:01:24Z,29.57191,-90.59401,0.0,235.7,285,,,,
368317840,2025-01-08T00:02:09Z,30.39114,-81.46124,0.0,331.6,14,60,68,17,2.8
367350360,2025-01-08T00:02:19Z,41.8911,-87.60192,0.0,0.0,,60,42,10,1.9
367581220,2025-01-08T00:01:24Z,37.82193,-122.31131,0.1,233.6,294,52,33,13,5.7
636023379,2025-01-08T00:02:38Z,31.83829,-117.84971,16.9,9.5,7,73,366,51,14.8
367663440,2025-01-08T00:01:33Z,29.73302,-95.02024,0.0,298.4,28,31,119,34,
367777390,2025-01-08T00:01:24Z,48.99334,-122.75623,0.0,,,37,10,5,
368141380,2025-01-08T00:02:49Z,29.67235,-94.97837,6.6,165.8,165,57,114,17,2.6
366997480,2025-01-08T00:01:32Z,46.7533,-92.09427,0.0,231.2,,31,28,7,3.9
366982270,2025-01-08T00:01:23Z,39.37369,-74.42755,0.0,181.4,,52,22,8,2.8
367599210,2025-01-08T00:01:08Z,41.72992,-87.53629,0.0,130.0,171,31,29,10,3.5
316041768,2025-01-08T00:01:40Z,49.30244,-126.05893,8.1,163.3,161,79,15,10,2.0
367530080,2025-01-08T00:01:21Z,29.91916,-90.07909,0.0,182.9,254,52,25,11,4.9
369357000,2025-01-08T05:27:08Z,35.86621,-126.83889,18.9,60.6,60,79,237,35,9.5
368209870,2025-01-08T00:02:29Z,29.77228,-93.34164,0.3,217.8,59,31,30,13,5.7
316036164,2025-01-08T00:01:09Z,28.1219,-80.62971,0.0,,,36,9,3,
367778330,2025-01-08T00:01:28Z,34.2469,-119.26511,0.0,199.9,,36,10,3,
367096590,2025-01-08T00:01:12Z,38.9586,-74.87604,0.0,0.0,,30,27,8,
367650000,2025-01-08T00:02:30Z,47.63452,-122.32795,0.0,,192,30,35,11,4.2
316018634,2025-01-08T00:03:03Z,49.2313,-122.77115,0.0,324.4,0,31,13,5,
564818000,2025-01-08T00:01:19Z,29.73821,-95.12487,0.0,339.6,184,80,230,36,8.0
338303904,2025-01-08T00:01:32Z,37.50226,-122.48494,0.0,357.5,,37,10,4,
367028910,2025-01-08T00:02:33Z,29.7935,-95.06678,0.0,358.1,32,31,34,10,2.7
367599260,2025-01-08T00:02:31Z,29.7768,-93.34273,3.8,209.8,209,70,57,12,3.3
367332930,2025-01-08T00:02:30Z,29.70916,-95.04906,0.0,,202,31,113,34,3.1
368269380,2025-01-08T00:02:36Z,39.52957,-75.81163,0.0,0.0,,60,20,2,2.0
366693850,2025-01-08T00:02:30Z,26.07436,-80.11474,1.9,197.1,13,52,30,12,6.5
366996120,2025-01-08T00:02:37Z,29.85165,-90.06284,0.0,154.7,163,52,47,14,3.1
366942880,2025-01-08T00:02:34Z,29.13234,-90.19308,0.0,153.1,342,33,88,17,
636019991,2025-01-08T00:01:14Z,29.73912,-95.15973,0.0,120.6,181,80,183,32,8.2
538007558,2025-01-08T00:02:39Z,42.77416,-127.82599,12.5,76.9,75,70,199,32,8.4
367611520,2025-01-08T00:02:35Z,40.64085,-74.1638,0.0,266.1,177,31,34,11,5.0
338475735,2025-01-08T00:01:15Z,27.33459,-82.54703,0.0,,,37,15,4,
367138730,2025-01-08T00:02:34Z,29.8042,-93.34854,1.5,291.0,352,60,50,20,
368180350,2025-01-08T00:01:38Z,47.54145,-122.64249,0.0,39.9,,37,11,4,
338303934,2025-01-08T00:01:39Z,45.60918,-122.66262,1.9,152.0,,37,18,5,
368249690,2025-01-08T00:01:16Z,47.56383,-122.62156,0.0,,,36,11,3,
367195440,2025-01-08T00:02:42Z,33.93075,-77.99654,2.6,68.1,263,60,23,7,1.6
636092919,2025-01-08T00:02:39Z,38.55212,-74.63245,1.0,34.4,333,72,304,40,10.8
367638080,2025-01-08T00:02:36Z,30.06089,-90.84769,0.0,217.0,149,31,475,55,3.3
368298610,2025-01-08T00:01:16Z,48.73642,-122.79973,25.3,77.5,,37,17,5,
366877090,2025-01-08T00:01:33Z,30.30143,-87.01131,6.4,268.7,,30,22,7,
368169920,2025-01-08T00:01:55Z,37.80894,-122.41775,0.0,,,30,14,6,2.5
367591250,2025-01-08T00:02:33Z,27.63146,-82.56387,0.0,273.5,33,52,28,12,5.2
366936930,2025-01-08T00:02:34Z,30.0404,-90.8414,0.0,287.8,349,31,225,34,2.7
367517960,2025-01-08T00:01:12Z,29.74367,-95.09806,5.9,329.9,,31,18,6,
367041530,2025-01-08T00:01:32Z,47.65594,-122.37713,0.0,203.4,,30,24,8,3.0
311036900,2025-01-08T00:02:33Z,30.07468,-88.09516,0.1,316.0,334,33,194,30,8.6
368327780,2025-01-08T00:01:16Z,18.33714,-64.93997,0.0,,,37,,,
368237350,2025-01-08T00:01:23Z,29.76112,-95.1073,2.8,120.4,114,31,26,10,3.1
366862710,2025-01-08T00:02:34Z,38.24206,-90.36529,4.4,351.7,351,52,200,35,3.6
367404910,2025-01-08T00:02:35Z,29.47812,-94.85606,7.8,336.7,337,31,117,17,3.1
367575120,2025-01-08T00:02:35Z,35.08294,-90.14179,0.0,358.3,,31,17,7,
367568020,2025-01-08T00:01:31Z,42.60924,-73.76255,0.0,155.7,,52,30,8,3.4
367033250,2025-01-08T00:01:35Z,30.28657,-88.77253,6.8,271.4,,31,21,8,1.7
370644000,2025-01-08T00:02:37Z,42.15173,-125.19156,16.7,184.6,184,79,199,32,8.9
368042990,2025-01-08T00:02:33Z,28.93244,-89.40755,0.1,181.1,,50,16,5,
316056446,2025-01-08T00:02:46Z,42.98304,-82.40972,0.1,,,99,15,5,
367681630,2025-01-08T00:02:34Z,45.64382,-122.72579,0.0,7.9,105,31,16,8,
366999891,2025-01-08T00:01:39Z,37.83272,-122.47756,0.1,,,51,14,4,1.4
366982810,2025-01-08T00:01:25Z,30.27275,-91.14204,0.0,191.1,273,52,43,11,5.2
366751060,2025-01-08T00:02:33Z,38.04683,-121.83651,4.1,176.4,,60,30,10,2.0
368139980,2025-01-08T00:01:25Z,48.38049,-122.51019,0.0,186.6,,37,15,5,
538005539,2025-01-08T00:02:32Z,42.45358,-70.78002,1.6,111.1,24,80,183,32,11.2
366939330,2025-01-08T00:01:21Z,30.70948,-88.03642,0.0,316.2,159,31,36,12,3.0
367504950,2025-01-08T00:01:26Z,35.52666,-89.95662,0.3,201.9,108,52,34,10,2.9
366935420,2025-01-08T00:01:11Z,29.92879,-89.97414,0.0,273.4,,31,81,12,
368120080,2025-01-08T00:01:19Z,29.60219,-89.86126,0.0,303.0,,50,10,8,
338488092,2025-01-08T00:01:11Z,33.76192,-118.18278,0.0,,,37,13,4,
367643760,2025-01-08T00:01:24Z,29.14339,-90.21709,0.0,87.9,253,90,100,15,5.4
367699890,2025-01-08T00:02:38Z,38.78278,-75.12025,0.1,171.8,,50,16,6,
367610770,2025-01-08T00:01:15Z,27.95311,-82.44168,0.0,,,52,9,6,
368039230,2025-01-08T00:01:25Z,34.8175,-90.46149,3.4,54.3,,57,19,7,2.7
367676010,2025-01-08T00:01:27Z,47.65595,-122.37888,0.0,14.5,183,30,27,11,10.4
367526590,2025-01-08T00:01:04Z,30.21957,-93.24172,4.8,225.5,243,31,204,22,3.1
212370000,2025-01-08T00:02:37Z,29.84787,-85.82368,11.1,7.0,4,70,100,17,5.3
338413926,2025-01-08T00:01:12Z,37.91184,-122.34657,0.4,,,36,10,4,
304010618,2025-01-08T00:02:29Z,25.38731,-80.0108,10.2,194.1,195,70,99,16,4.1
366991740,2025-01-08T00:01:16Z,29.32012,-94.78519,0.0,303.8,305,50,21,6,2.0
368150730,2025-01-08T00:02:32Z,29.68333,-91.27762,0.0,291.3,,57,14,6,2.0
367710250,2025-01-08T00:01:43Z,38.82827,-90.10881,0.0,,,31,14,5,
367015290,2025-01-08T00:01:12Z,30.65479,-88.04372,0.0,269.3,,52,18,8,2.5
636021739,2025-01-08T00:01:27Z,31.95857,-80.70272,12.9,290.0,291,71,261,32,11.2
368392490,2025-01-08T00:01:21Z,30.00059,-90.02478,0.0,321.3,,31,20,7,
352001169,2025-01-08T00:01:38Z,18.01195,-68.21807,9.8,216.0,216,70,145,25,8.8
368110430,2025-01-08T00:01:12Z,29.73227,-95.02072,0.0,96.4,48,57,204,18,2.6
368074170,2025-01-08T00:02:27Z,29.63833,-94.29382,5.2,61.7,62,52,32,12,3.0
367005280,2025-01-08T00:02:29Z,29.87774,-91.21006,5.5,3.6,5,31,20,8,2.0
538005416,2025-01-08T00:01:39Z,29.56446,-93.70487,0.1,288.5,36,83,183,32,8.0
368075180,2025-01-08T00:02:31Z,29.82962,-93.96227,0.0,116.9,172,52,23,11,3.1
368055920,2025-01-08T00:02:27Z,29.63382,-89.91955,0.0,145.3,26,52,144,43,2.4
367489520,2025-01-08T00:02:28Z,28.71536,-95.8938,5.2,75.3,72,31,24,10,2.8
338317826,2025-01-08T00:01:34Z,38.97253,-76.25076,0.0,,,37,15,5,
366961440,2025-01-08T00:01:14Z,29.97967,-90.40091,5.9,338.7,338,52,28,12,2.8
367515850,2025-01-08T00:01:11Z,39.99967,-75.06166,0.0,219.6,201,52,30,12,4.3
367332830,2025-01-08T00:01:12Z,29.81434,-93.3465,0.0,42.2,178,70,65,13,3.2
367561320,2025-01-08T00:02:36Z,29.65609,-94.96965,0.0,325.9,,31,20,8,2.3
367559790,2025-01-08T00:01:35Z,41.41808,-69.81697,7.2,261.7,,30,28,8,
367643760,2025-01-08T00:02:34Z,29.14342,-90.21709,0.0,87.9,253,90,100,15,5.4
366996490,2025-01-08T00:01:31Z,30.43955,-91.19258,0.0,209.3,7,52,22,8,
368021960,2025-01-08T00:01:36Z,47.52854,-122.31341,0.1,227.5,,36,10,4,
367121010,2025-01-08T00:02:39Z,45.86167,-84.4833,10.9,261.8,263,70,305,32,7.5
368167990,2025-01-08T00:01:38Z,33.62188,-117.89485,0.0,39.2,,37,14,5,
240893000,2025-01-08T00:01:28Z,27.70147,-96.74408,11.9,291.0,292,80,275,48,9.5
