ship_id,ship_type,route_id,month,distance,fuel_type,weather_conditions,engine_efficiency,distance_per_efficiency,efficiency_inverse,month_number,fuel_consumption,co2_emissions
NG001,Oil Service Boat,Warri-Bonny,January,132.26,HFO,Stormy,92.14,1.4354243542435423,0.010853049706967658,1,3779.77,10625.76
NG001,Oil Service Boat,Port Harcourt-Lagos,February,128.52,HFO,Moderate,92.98,1.382232738223274,0.010755001075500106,2,4461.44,12779.73
NG001,Oil Service Boat,Port Harcourt-Lagos,March,67.3,HFO,Calm,87.61,0.7681771487273142,0.01141422212076247,3,1867.73,5353.01
NG001,Oil Service Boat,Port Harcourt-Lagos,April,71.68,Diesel,Stormy,87.42,0.8199496682681309,0.011439029970258523,4,2393.51,6506.52
NG001,Oil Service Boat,Lagos-Apapa,May,134.32,HFO,Calm,85.61,1.5689755869641395,0.011680878402055835,5,4267.19,11617.03
NG001,Oil Service Boat,Port Harcourt-Lagos,June,85.93,Diesel,Stormy,72.82,1.1800329579785775,0.013732491073880804,6,2342.13,6753.42
NG001,Oil Service Boat,Warri-Bonny,July,85.67,HFO,Moderate,93.93,0.9120621739593314,0.010646225912913872,7,2974.79,8498.16
NG001,Oil Service Boat,Warri-Bonny,August,44.81,Diesel,Moderate,91.1,0.4918770581778266,0.010976948408342482,8,1376.38,3509.56
NG001,Oil Service Boat,Escravos-Lagos,September,116.44,Diesel,Calm,73.41,1.586159923716115,0.013622122326658494,9,3661.75,9423.97
NG001,Oil Service Boat,Lagos-Apapa,October,99.73,HFO,Moderate,94.68,1.0533375580904099,0.010561892691170256,10,2551.99,6416.66
NG001,Oil Service Boat,Port Harcourt-Lagos,November,149.9,HFO,Stormy,76.53,1.9587090030053573,0.013066771200836273,11,4014.14,11930.11
NG001,Oil Service Boat,Escravos-Lagos,December,53.21,HFO,Calm,84.59,0.629034164794893,0.011821728336682822,12,1674.21,4671.66
NG002,Fishing Trawler,Warri-Bonny,January,92.03,HFO,Moderate,85.52,1.0761225444340505,0.011693171188026194,1,2222.43,5766.12
NG002,Fishing Trawler,Escravos-Lagos,February,141.91,HFO,Calm,83.52,1.6991139846743295,0.011973180076628353,2,3669.79,10052.39
NG002,Fishing Trawler,Escravos-Lagos,March,51.65,Diesel,Calm,74.32,0.694967707212056,0.013455328310010766,3,1353.75,3649.81
NG002,Fishing Trawler,Lagos-Apapa,April,197.46,Diesel,Moderate,89.36,2.2097135183527308,0.011190689346463742,4,5695.04,16991.82
NG002,Fishing Trawler,Port Harcourt-Lagos,May,72.25,Diesel,Stormy,78.01,0.9261633123958466,0.01281886937572106,5,1873.13,5427.9
NG002,Fishing Trawler,Port Harcourt-Lagos,June,183.15,Diesel,Calm,80.83,2.2658666336756155,0.012371644191513053,6,3743.91,9542.8
NG002,Fishing Trawler,Warri-Bonny,July,160.43,HFO,Stormy,77.8,2.0620822622107973,0.012853470437017995,7,3626.57,10355.16
NG002,Fishing Trawler,Port Harcourt-Lagos,August,121.07,Diesel,Calm,76.08,1.5913512092534174,0.013144058885383806,8,2441.62,6537.61
NG002,Fishing Trawler,Lagos-Apapa,September,193.59,Diesel,Calm,87.91,2.2021385507905813,0.011375270162666365,9,5565.57,15355.6
NG002,Fishing Trawler,Escravos-Lagos,October,144.15,Diesel,Moderate,83.86,1.7189363224421657,0.011924636298592892,10,3649.72,9225.45
NG002,Fishing Trawler,Lagos-Apapa,November,154.6,Diesel,Stormy,92.07,1.6791571630281308,0.01086130118388183,11,4592.25,12442.34
NG002,Fishing Trawler,Port Harcourt-Lagos,December,173.83,Diesel,Calm,76.39,2.2755596282235895,0.013090718680455558,12,5049.27,14184.19
NG003,Oil Service Boat,Escravos-Lagos,January,112.97,HFO,Stormy,70.62,1.599688473520249,0.01416029453412631,1,3256.57,8593.47
NG003,Oil Service Boat,Lagos-Apapa,February,45.14,HFO,Moderate,71.66,0.6299190622383478,0.013954786491766676,2,1485.59,4280.62
NG003,Oil Service Boat,Port Harcourt-Lagos,March,29.38,Diesel,Calm,81.53,0.3603581503740954,0.012265423770391267,3,855.01,2195.9
NG003,Oil Service Boat,Port Harcourt-Lagos,April,42.24,Diesel,Moderate,94.55,0.4467477525118985,0.010576414595452142,4,1376.47,3818.13
NG003,Oil Service Boat,Warri-Bonny,May,135.8,Diesel,Moderate,75.27,1.8041716487312345,0.013285505513484789,5,4750.93,13723.76
NG003,Oil Service Boat,Lagos-Apapa,June,71.68,Diesel,Stormy,87.39,0.8202311477285731,0.011442956860052637,6,1823.65,5462.13
NG003,Oil Service Boat,Escravos-Lagos,July,149.48,HFO,Calm,79.75,1.8743573667711597,0.012539184952978056,7,4211.85,12512.93
NG003,Oil Service Boat,Warri-Bonny,August,95.13,Diesel,Stormy,85.76,1.109258395522388,0.011660447761194029,8,3105.75,9081.23
NG003,Oil Service Boat,Warri-Bonny,September,128.87,Diesel,Moderate,93.64,1.376228107646305,0.010679196924391286,9,3322.01,8854.93
NG003,Oil Service Boat,Escravos-Lagos,October,33.63,Diesel,Stormy,83.25,0.403963963963964,0.012012012012012012,10,1146.14,2913.96
NG003,Oil Service Boat,Port Harcourt-Lagos,November,110.44,HFO,Stormy,71.78,1.5385901365282808,0.013931457230426303,11,2852.88,7506.96
NG003,Oil Service Boat,Escravos-Lagos,December,59.01,Diesel,Moderate,75.24,0.7842902711323764,0.013290802764486976,12,1685.14,4526.48
NG004,Surfer Boat,Escravos-Lagos,January,86.9,Diesel,Calm,70.52,1.2322745320476463,0.014180374361883154,1,1698.32,4498.8
NG004,Surfer Boat,Lagos-Apapa,February,58.95,Diesel,Stormy,75.07,0.7852670840548822,0.013320900492873319,2,734.45,1960.81
NG004,Surfer Boat,Port Harcourt-Lagos,March,64.67,Diesel,Calm,90.92,0.711284645842499,0.010998680158380994,3,1271.96,3285.93
NG004,Surfer Boat,Lagos-Apapa,April,39.85,Diesel,Stormy,73.87,0.5394612156491133,0.013537295248409367,4,670.74,1720.02
NG004,Surfer Boat,Escravos-Lagos,May,192.04,Diesel,Calm,72.3,2.6561549100968187,0.013831258644536654,5,3037.36,7648.96
NG004,Surfer Boat,Warri-Bonny,June,111.84,Diesel,Stormy,75.06,1.4900079936051158,0.01332267519317879,6,1440.61,4170.02
NG004,Surfer Boat,Lagos-Apapa,July,165.4,Diesel,Calm,79.71,2.075021954585372,0.012545477355413375,7,2811.38,8143.0
NG004,Surfer Boat,Port Harcourt-Lagos,August,162.48,Diesel,Calm,70.62,2.3007646559048425,0.01416029453412631,8,2082.27,5954.64
NG004,Surfer Boat,Port Harcourt-Lagos,September,183.71,Diesel,Calm,78.82,2.330753615833545,0.012687135244861711,9,2460.76,6454.7
NG004,Surfer Boat,Lagos-Apapa,October,80.93,Diesel,Moderate,89.57,0.9035391314056047,0.011164452383610584,10,977.22,2612.85
NG004,Surfer Boat,Warri-Bonny,November,170.44,Diesel,Calm,89.0,1.915056179775281,0.011235955056179775,11,1995.64,5617.77
NG004,Surfer Boat,Escravos-Lagos,December,181.02,Diesel,Moderate,84.91,2.131904369332234,0.01177717583323519,12,1983.66,5019.8
NG005,Tanker Ship,Escravos-Lagos,January,336.53,Diesel,Calm,72.59,4.636038021766083,0.013776002204160353,1,15596.39,42180.94
NG005,Tanker Ship,Escravos-Lagos,February,494.24,HFO,Stormy,94.18,5.247823317052452,0.010617965597791462,2,18375.75,46753.73
NG005,Tanker Ship,Warri-Bonny,March,159.49,HFO,Calm,74.34,2.1454129674468656,0.013451708366962604,3,5906.8,17358.94
NG005,Tanker Ship,Port Harcourt-Lagos,April,363.22,Diesel,Calm,75.92,4.784246575342466,0.013171759747102213,4,17778.61,53142.22
NG005,Tanker Ship,Warri-Bonny,May,77.01,HFO,Moderate,71.15,1.0823612087139844,0.014054813773717497,5,2362.84,6230.95
NG005,Tanker Ship,Escravos-Lagos,June,436.73,Diesel,Moderate,88.75,4.920901408450704,0.011267605633802818,6,20235.74,56400.31
NG005,Tanker Ship,Warri-Bonny,July,405.98,HFO,Moderate,89.93,4.514400088958078,0.011119759813188034,7,12469.38,35971.47
NG005,Tanker Ship,Port Harcourt-Lagos,August,77.51,HFO,Moderate,71.44,1.08496640537514,0.013997760358342666,8,2841.99,7692.62
NG005,Tanker Ship,Port Harcourt-Lagos,September,134.88,HFO,Calm,87.7,1.5379703534777651,0.011402508551881414,9,5792.23,15446.17
NG005,Tanker Ship,Warri-Bonny,October,199.13,Diesel,Calm,92.1,2.1621064060803477,0.010857763300760045,10,7219.15,18859.62
NG005,Tanker Ship,Escravos-Lagos,November,441.93,Diesel,Calm,79.16,5.582743810005053,0.012632642748863063,11,17429.33,51377.83
NG005,Tanker Ship,Lagos-Apapa,December,172.3,Diesel,Calm,76.53,2.25140467790409,0.013066771200836273,12,8249.38,24081.26
NG006,Surfer Boat,Lagos-Apapa,January,147.9,Diesel,Stormy,87.24,1.6953232462173318,0.011462631820265934,1,2656.39,7258.52
NG006,Surfer Boat,Escravos-Lagos,February,44.52,Diesel,Stormy,94.2,0.4726114649681529,0.010615711252653927,2,663.13,1891.44
NG006,Surfer Boat,Lagos-Apapa,March,113.0,Diesel,Moderate,76.44,1.478283621140764,0.013082155939298797,3,1635.86,4560.25
NG006,Surfer Boat,Lagos-Apapa,April,87.17,Diesel,Stormy,92.06,0.9468824679556811,0.010862480990658266,4,1604.67,4669.62
NG006,Surfer Boat,Escravos-Lagos,May,197.78,Diesel,Stormy,73.67,2.6846749015881635,0.013574046423238768,5,3001.65,7873.3
NG006,Surfer Boat,Warri-Bonny,June,62.36,Diesel,Calm,93.83,0.6646062027070233,0.01065757220505169,6,1164.2,2944.68
NG006,Surfer Boat,Warri-Bonny,July,158.07,Diesel,Stormy,81.67,1.9354720215501406,0.012244398187829068,7,2584.62,7211.22
NG006,Surfer Boat,Warri-Bonny,August,117.52,Diesel,Moderate,89.42,1.3142473719525833,0.011183180496533213,8,1895.33,5369.6
NG006,Surfer Boat,Lagos-Apapa,September,155.32,Diesel,Stormy,87.02,1.7848770397609746,0.011491611123879569,9,2351.29,6941.15
NG006,Surfer Boat,Escravos-Lagos,October,145.53,Diesel,Moderate,79.32,1.8347201210287445,0.01260716086737267,10,2773.1,8311.52
NG006,Surfer Boat,Port Harcourt-Lagos,November,34.55,Diesel,Calm,85.62,0.403527213267928,0.011679514132212099,11,635.93,1664.64
NG006,Surfer Boat,Lagos-Apapa,December,129.52,Diesel,Calm,88.26,1.4674824382506233,0.011330160888284613,12,1437.19,4194.45
NG007,Surfer Boat,Warri-Bonny,January,66.87,Diesel,Calm,86.15,0.7762042948345909,0.011607661056297156,1,700.97,1962.76
NG007,Surfer Boat,Escravos-Lagos,February,31.95,Diesel,Moderate,88.57,0.3607316247036243,0.011290504685559446,2,354.39,1027.23
NG007,Surfer Boat,Lagos-Apapa,March,134.85,Diesel,Moderate,88.42,1.5251074417552588,0.011309658448314861,3,1486.38,4270.31
NG007,Surfer Boat,Escravos-Lagos,April,111.86,Diesel,Stormy,94.84,1.1794601433994094,0.01054407423028258,4,1817.6,4665.14
NG007,Surfer Boat,Port Harcourt-Lagos,May,77.89,Diesel,Stormy,80.75,0.9645820433436533,0.01238390092879257,5,916.5,2389.22
NG007,Surfer Boat,Port Harcourt-Lagos,June,147.09,Diesel,Calm,86.78,1.6949758008757778,0.011523392486748099,6,2905.05,8256.81
NG007,Surfer Boat,Escravos-Lagos,July,52.12,Diesel,Stormy,80.59,0.646730363568681,0.012408487405385284,7,815.52,2070.1
NG007,Surfer Boat,Port Harcourt-Lagos,August,46.21,Diesel,Calm,74.71,0.6185249631910053,0.013385089010841924,8,644.66,1764.81
NG007,Surfer Boat,Port Harcourt-Lagos,September,54.78,Diesel,Moderate,87.9,0.6232081911262798,0.011376564277588168,9,1025.44,2795.27
NG007,Surfer Boat,Escravos-Lagos,October,56.75,Diesel,Moderate,74.54,0.7613361953313657,0.013415615776764152,10,746.58,2121.01
NG007,Surfer Boat,Port Harcourt-Lagos,November,90.91,Diesel,Stormy,72.61,1.2520314006335216,0.013772207684891888,11,1628.86,4516.17
NG007,Surfer Boat,Warri-Bonny,December,37.38,Diesel,Moderate,79.05,0.472865275142315,0.012650221378874131,12,553.42,1518.98
NG008,Tanker Ship,Lagos-Apapa,January,312.45,Diesel,Calm,79.01,3.954562713580559,0.012656625743576762,1,14284.0,38368.72
NG008,Tanker Ship,Lagos-Apapa,February,423.27,Diesel,Calm,94.38,4.484742530197075,0.010595465140919687,2,18214.68,52122.46
NG008,Tanker Ship,Escravos-Lagos,March,337.15,Diesel,Moderate,93.83,3.5932004689331767,0.01065757220505169,3,14409.96,41238.1
NG008,Tanker Ship,Lagos-Apapa,April,261.92,Diesel,Moderate,70.95,3.691613812544045,0.01409443269908386,4,11898.51,29771.29
NG008,Tanker Ship,Escravos-Lagos,May,448.48,Diesel,Stormy,89.59,5.005915838821297,0.011161960040183055,5,13719.78,40233.07
NG008,Tanker Ship,Lagos-Apapa,June,77.81,Diesel,Calm,79.56,0.9780040221216691,0.01256913021618904,6,3197.24,8310.12
NG008,Tanker Ship,Port Harcourt-Lagos,July,58.63,Diesel,Stormy,80.86,0.7250803858520901,0.012367054167697254,7,2824.38,7883.97
NG008,Tanker Ship,Lagos-Apapa,August,391.76,Diesel,Moderate,75.83,5.166293023869181,0.013187392852433075,8,17982.2,47203.92
NG008,Tanker Ship,Warri-Bonny,September,169.25,Diesel,Stormy,89.83,1.8841144383836135,0.011132138483802739,9,6930.12,17600.82
NG008,Tanker Ship,Escravos-Lagos,October,370.45,Diesel,Calm,72.13,5.135865797864966,0.013863856924996535,10,12931.31,33622.72
NG008,Tanker Ship,Warri-Bonny,November,76.76,HFO,Moderate,80.94,0.9483568075117372,0.012354830738818878,11,2479.81,6662.18
NG008,Tanker Ship,Lagos-Apapa,December,497.16,Diesel,Calm,72.14,6.8915996673135576,0.01386193512614361,12,24648.52,62802.03
NG009,Fishing Trawler,Escravos-Lagos,January,147.06,HFO,Stormy,78.5,1.873375796178344,0.012738853503184714,1,3316.45,8935.16
NG009,Fishing Trawler,Lagos-Apapa,February,196.74,Diesel,Moderate,72.16,2.7264412416851442,0.01385809312638581,2,4024.81,10349.66
NG009,Fishing Trawler,Port Harcourt-Lagos,March,120.31,Diesel,Moderate,92.48,1.3009299307958477,0.010813148788927335,3,2428.08,6772.76
NG009,Fishing Trawler,Port Harcourt-Lagos,April,60.39,Diesel,Calm,85.31,0.7078888758644942,0.01172195522213105,4,1496.07,4418.47
NG009,Fishing Trawler,Warri-Bonny,May,160.89,HFO,Moderate,78.4,2.0521683673469386,0.012755102040816325,5,4216.46,11326.37
NG009,Fishing Trawler,Lagos-Apapa,June,58.09,HFO,Calm,74.19,0.7829896212427552,0.013478905512872355,6,1483.01,4235.63
NG009,Fishing Trawler,Escravos-Lagos,July,155.88,Diesel,Moderate,84.86,1.8369078482205985,0.011784115012962526,7,4394.18,11695.71
NG009,Fishing Trawler,Port Harcourt-Lagos,August,195.5,HFO,Stormy,89.13,2.193425333782116,0.011219566924716706,8,5815.26,15340.23
NG009,Fishing Trawler,Lagos-Apapa,September,69.55,HFO,Stormy,72.15,0.9639639639639639,0.01386001386001386,9,1745.22,4771.84
NG009,Fishing Trawler,Port Harcourt-Lagos,October,128.88,Diesel,Calm,80.41,1.6027857231687601,0.012436264146250467,10,3721.28,10572.4
NG009,Fishing Trawler,Warri-Bonny,November,149.46,Diesel,Moderate,82.77,1.8057267125770209,0.012081672103419113,11,3676.47,10273.74
NG009,Fishing Trawler,Escravos-Lagos,December,60.39,HFO,Stormy,79.72,0.757526342197692,0.01254390366281987,12,1780.88,4538.11
NG010,Fishing Trawler,Port Harcourt-Lagos,January,90.31,HFO,Moderate,84.4,1.0700236966824643,0.011848341232227487,1,2085.04,5709.45
NG010,Fishing Trawler,Warri-Bonny,February,116.16,Diesel,Moderate,74.28,1.5638126009693052,0.013462574044157242,2,3342.71,9197.1
NG010,Fishing Trawler,Warri-Bonny,March,181.07,HFO,Stormy,83.54,2.1674646875748143,0.011970313622216901,3,5373.33,15851.55
NG010,Fishing Trawler,Lagos-Apapa,April,72.16,Diesel,Calm,91.0,0.792967032967033,0.01098901098901099,4,1503.64,3763.5
NG010,Fishing Trawler,Warri-Bonny,May,155.61,Diesel,Moderate,71.13,2.18768452129903,0.014058765640376775,5,4035.01,10876.77
NG010,Fishing Trawler,Port Harcourt-Lagos,June,195.89,HFO,Calm,72.2,2.7131578947368418,0.013850415512465374,6,4092.86,11820.35
NG010,Fishing Trawler,Lagos-Apapa,July,168.1,HFO,Calm,81.59,2.0603015075376883,0.012256403971074886,7,4787.33,13209.23
NG010,Fishing Trawler,Warri-Bonny,August,55.75,HFO,Calm,89.36,0.6238809310653536,0.011190689346463742,8,1464.76,4235.17
NG010,Fishing Trawler,Escravos-Lagos,September,108.17,Diesel,Moderate,73.43,1.4731036361160288,0.013618412093149937,9,2888.41,7983.75
NG010,Fishing Trawler,Lagos-Apapa,October,107.53,Diesel,Moderate,84.23,1.2766235308085006,0.011872254541137361,10,2186.22,6536.29
NG010,Fishing Trawler,Warri-Bonny,November,81.16,HFO,Stormy,85.69,0.9471350215894503,0.011669973159061734,11,1980.04,5046.94
NG010,Fishing Trawler,Port Harcourt-Lagos,December,167.25,Diesel,Moderate,92.63,1.805570549498003,0.010795638562020943,12,4376.41,12430.79
NG011,Oil Service Boat,Warri-Bonny,January,23.66,Diesel,Moderate,86.98,0.27201655553000686,0.011496895838123706,1,609.4,1555.32
NG011,Oil Service Boat,Escravos-Lagos,February,34.39,Diesel,Stormy,80.47,0.42736423511867777,0.012426991425375917,2,944.69,2598.62
NG011,Oil Service Boat,Warri-Bonny,March,82.31,Diesel,Calm,74.3,1.1078061911170929,0.013458950201884253,3,2060.96,6014.03
NG011,Oil Service Boat,Port Harcourt-Lagos,April,57.76,HFO,Stormy,92.78,0.6225479629230437,0.010778184953653805,4,1754.24,5109.37
NG011,Oil Service Boat,Port Harcourt-Lagos,May,142.27,Diesel,Moderate,78.94,1.802254877121865,0.01266784899923993,5,4337.09,11587.23
NG011,Oil Service Boat,Lagos-Apapa,June,31.26,HFO,Calm,88.97,0.3513543891199281,0.011239743733842868,6,1060.94,2708.64
NG011,Oil Service Boat,Lagos-Apapa,July,66.04,Diesel,Moderate,76.42,0.8641716828055483,0.01308557969118032,7,2238.1,5922.4
NG011,Oil Service Boat,Warri-Bonny,August,53.74,HFO,Calm,70.4,0.7633522727272727,0.014204545454545454,8,1696.23,4353.09
NG011,Oil Service Boat,Warri-Bonny,September,73.53,Diesel,Stormy,80.77,0.9103627584499195,0.01238083446824316,9,2550.0,6745.12
NG011,Oil Service Boat,Port Harcourt-Lagos,October,39.69,HFO,Moderate,91.55,0.4335335882031677,0.010922992900054615,10,1148.01,3218.44
NG011,Oil Service Boat,Lagos-Apapa,November,103.11,HFO,Calm,85.64,1.2039934609995329,0.011676786548341896,11,3480.94,9054.82
NG011,Oil Service Boat,Escravos-Lagos,December,39.03,Diesel,Moderate,70.59,0.5529111772205695,0.014166312508853945,12,1252.65,3484.36
NG012,Tanker Ship,Lagos-Apapa,January,337.43,Diesel,Calm,71.85,4.696311760612387,0.013917884481558803,1,10786.95,30075.54
NG012,Tanker Ship,Port Harcourt-Lagos,February,364.78,HFO,Stormy,83.8,4.352983293556086,0.011933174224343675,2,11631.0,30068.28
NG012,Tanker Ship,Warri-Bonny,March,490.16,Diesel,Calm,93.41,5.2474039182100425,0.010705491917353602,3,24321.4,71871.21
NG012,Tanker Ship,Port Harcourt-Lagos,April,262.21,Diesel,Stormy,71.69,3.6575533547217183,0.013948946854512485,4,9880.04,27274.67
NG012,Tanker Ship,Lagos-Apapa,May,339.19,HFO,Stormy,82.05,4.133942717854967,0.01218769043266301,5,13915.91,35657.08
NG012,Tanker Ship,Port Harcourt-Lagos,June,326.44,HFO,Calm,80.76,4.04210004952947,0.012382367508667657,6,15694.62,44439.3
NG012,Tanker Ship,Lagos-Apapa,July,246.4,Diesel,Moderate,92.15,2.673901247965274,0.010851871947911014,7,11651.89,29877.46
NG012,Tanker Ship,Escravos-Lagos,August,136.52,Diesel,Stormy,70.18,1.945283556568823,0.014249073810202335,8,5869.98,16904.2
NG012,Tanker Ship,Escravos-Lagos,September,414.23,Diesel,Calm,76.3,5.428964613368284,0.013106159895150722,9,15346.28,39498.78
NG012,Tanker Ship,Lagos-Apapa,October,356.17,HFO,Moderate,80.23,4.439361834725165,0.01246416552411816,10,16579.07,42773.35
NG012,Tanker Ship,Escravos-Lagos,November,248.94,Diesel,Calm,83.31,2.988116672668347,0.012003360941063497,11,11621.25,31172.3
NG012,Tanker Ship,Lagos-Apapa,December,345.77,HFO,Calm,89.28,3.8728718637992827,0.011200716845878136,12,16431.99,47054.45
NG013,Surfer Boat,Warri-Bonny,January,168.03,Diesel,Stormy,90.96,1.8472955145118735,0.010993843447669306,1,2554.21,6460.12
NG013,Surfer Boat,Escravos-Lagos,February,37.91,Diesel,Stormy,93.45,0.4056714820759764,0.010700909577314071,2,531.28,1498.87
NG013,Surfer Boat,Lagos-Apapa,March,88.47,Diesel,Calm,73.06,1.2109225294278674,0.013687380235422939,3,894.06,2315.14
NG013,Surfer Boat,Port Harcourt-Lagos,April,102.3,Diesel,Moderate,93.8,1.0906183368869935,0.010660980810234541,4,1327.33,3418.28
NG013,Surfer Boat,Lagos-Apapa,May,177.6,Diesel,Stormy,86.97,2.0420834770610554,0.011498217776244683,5,2987.42,8689.15
NG013,Surfer Boat,Port Harcourt-Lagos,June,45.92,Diesel,Moderate,85.99,0.5340155832073498,0.01162925921618793,6,657.61,1742.76
NG013,Surfer Boat,Lagos-Apapa,July,131.34,Diesel,Moderate,82.34,1.5950935146951664,0.012144765606023802,7,2094.87,5529.58
NG013,Surfer Boat,Port Harcourt-Lagos,August,46.49,Diesel,Moderate,81.9,0.5676434676434676,0.01221001221001221,8,833.03,2310.76
NG013,Surfer Boat,Port Harcourt-Lagos,September,136.27,Diesel,Stormy,81.11,1.680064110467267,0.012328936012822093,9,1467.34,3947.94
NG013,Surfer Boat,Port Harcourt-Lagos,October,167.82,Diesel,Stormy,82.78,2.0273012805025368,0.012080212611741966,10,2207.3,5567.56
NG013,Surfer Boat,Port Harcourt-Lagos,November,33.98,Diesel,Calm,93.83,0.36214430352765636,0.01065757220505169,11,527.21,1472.81
NG013,Surfer Boat,Escravos-Lagos,December,61.71,Diesel,Calm,89.22,0.691661062542031,0.011208249271463798,12,708.64,1972.82
NG014,Oil Service Boat,Warri-Bonny,January,85.61,Diesel,Moderate,77.99,1.097704833953071,0.012822156686754713,1,2894.95,7396.44
NG014,Oil Service Boat,Warri-Bonny,February,44.59,Diesel,Stormy,77.98,0.5718132854578097,0.012823800974608873,2,1336.88,3435.55
NG014,Oil Service Boat,Lagos-Apapa,March,53.32,Diesel,Calm,86.97,0.6130849718293665,0.011498217776244683,3,1396.44,3554.43
NG014,Oil Service Boat,Lagos-Apapa,April,82.9,HFO,Moderate,93.5,0.8866310160427808,0.0106951871657754,4,2340.87,5943.84
NG014,Oil Service Boat,Port Harcourt-Lagos,May,132.17,HFO,Calm,89.39,1.4785770220382592,0.011186933661483387,5,3374.09,10111.98
NG014,Oil Service Boat,Port Harcourt-Lagos,June,37.34,HFO,Stormy,94.22,0.3963065166631289,0.010613457864572278,6,1113.36,3092.61
NG014,Oil Service Boat,Warri-Bonny,July,56.09,Diesel,Moderate,91.91,0.6102709172016103,0.01088020890001088,7,1542.52,3879.94
NG014,Oil Service Boat,Lagos-Apapa,August,76.32,HFO,Moderate,81.5,0.9364417177914109,0.012269938650306749,8,1982.49,5008.68
NG014,Oil Service Boat,Warri-Bonny,September,77.13,HFO,Calm,82.28,0.9374088478366552,0.012153621779290228,9,2561.67,7594.88
NG014,Oil Service Boat,Port Harcourt-Lagos,October,69.53,Diesel,Stormy,79.36,0.8761340725806451,0.012600806451612904,10,1768.84,4431.63
NG014,Oil Service Boat,Lagos-Apapa,November,114.4,Diesel,Calm,87.1,1.3134328358208958,0.011481056257175661,11,3790.28,10702.83
NG014,Oil Service Boat,Warri-Bonny,December,113.4,Diesel,Calm,88.55,1.2806324110671938,0.011293054771315642,12,3527.25,10579.04
NG015,Surfer Boat,Lagos-Apapa,January,39.1,Diesel,Calm,73.53,0.5317557459540324,0.013599891200870393,1,548.06,1536.98
NG015,Surfer Boat,Port Harcourt-Lagos,February,188.79,Diesel,Moderate,71.59,2.6371001536527445,0.013968431345159939,2,2733.8,7133.15
NG015,Surfer Boat,Escravos-Lagos,March,196.02,Diesel,Calm,71.86,2.7278040634567216,0.013915947676036738,3,3806.45,10435.41
NG015,Surfer Boat,Port Harcourt-Lagos,April,64.54,Diesel,Calm,83.99,0.768424812477676,0.011906179307060364,4,680.75,1985.48
NG015,Surfer Boat,Lagos-Apapa,May,71.33,Diesel,Moderate,72.48,0.9841335540838851,0.01379690949227373,5,1357.57,3937.98
NG015,Surfer Boat,Lagos-Apapa,June,102.7,Diesel,Moderate,80.83,1.2705678584683906,0.012371644191513053,6,1150.8,2900.92
NG015,Surfer Boat,Port Harcourt-Lagos,July,191.96,Diesel,Stormy,80.93,2.3719263561102184,0.01235635734585444,7,3549.18,9897.46
NG015,Surfer Boat,Warri-Bonny,August,72.07,Diesel,Stormy,84.52,0.8526975863700899,0.011831519167061051,8,1033.06,2664.76
NG015,Surfer Boat,Escravos-Lagos,September,198.44,Diesel,Stormy,93.36,2.125535561268209,0.010711225364181662,9,2499.7,6960.11
NG015,Surfer Boat,Port Harcourt-Lagos,October,177.53,Diesel,Moderate,78.77,2.2537768185857563,0.012695188523549575,10,2204.22,5596.13
NG015,Surfer Boat,Port Harcourt-Lagos,November,29.59,Diesel,Calm,78.79,0.37555527351186696,0.012691965985531158,11,564.97,1580.41
NG015,Surfer Boat,Escravos-Lagos,December,115.37,Diesel,Moderate,84.44,1.366295594504974,0.011842728564661299,12,1805.6,4575.75
NG016,Tanker Ship,Warri-Bonny,January,281.21,Diesel,Calm,72.25,3.8921799307958476,0.01384083044982699,1,12626.91,37709.61
NG016,Tanker Ship,Port Harcourt-Lagos,February,462.22,Diesel,Stormy,76.47,6.044461880476004,0.013077023669412841,2,19755.51,50871.25
NG016,Tanker Ship,Lagos-Apapa,March,94.26,Diesel,Moderate,89.94,1.0480320213475651,0.011118523460084502,3,3204.13,8662.75
NG016,Tanker Ship,Warri-Bonny,April,473.09,HFO,Moderate,90.78,5.211390174047146,0.011015642211940955,4,20539.4,59961.61
NG016,Tanker Ship,Lagos-Apapa,May,238.81,Diesel,Stormy,85.61,2.789510571194954,0.011680878402055835,5,10796.2,30427.94
NG016,Tanker Ship,Lagos-Apapa,June,97.09,Diesel,Stormy,93.55,1.0378407268840193,0.010689470871191877,6,3409.86,9199.7
NG016,Tanker Ship,Warri-Bonny,July,233.11,Diesel,Stormy,73.78,3.1595283274600163,0.013553808620222282,7,10569.12,27167.55
NG016,Tanker Ship,Lagos-Apapa,August,453.47,HFO,Moderate,72.15,6.285100485100485,0.01386001386001386,8,20172.52,59126.35
NG016,Tanker Ship,Lagos-Apapa,September,364.42,HFO,Stormy,90.92,4.008139023317202,0.010998680158380994,9,13063.21,36589.4
NG016,Tanker Ship,Warri-Bonny,October,429.43,Diesel,Moderate,75.28,5.7044367693942615,0.013283740701381509,10,17125.78,42988.56
NG016,Tanker Ship,Warri-Bonny,November,391.77,Diesel,Moderate,74.77,5.2396683161695865,0.013374348000534974,11,17631.29,48288.47
NG016,Tanker Ship,Warri-Bonny,December,102.58,Diesel,Stormy,73.48,1.3960261295590637,0.01360914534567229,12,4047.78,10829.65
NG017,Tanker Ship,Lagos-Apapa,January,380.49,HFO,Stormy,76.51,4.973075414978434,0.013070186903672721,1,16231.89,44957.55
NG017,Tanker Ship,Port Harcourt-Lagos,February,150.79,HFO,Calm,72.59,2.0772833723653394,0.013776002204160353,2,5155.01,14108.34
NG017,Tanker Ship,Escravos-Lagos,March,379.45,HFO,Calm,83.25,4.557957957957957,0.012012012012012012,3,15476.2,41858.53
NG017,Tanker Ship,Port Harcourt-Lagos,April,237.22,Diesel,Stormy,79.48,2.9846502264720685,0.012581781580271767,4,7165.46,21254.59
NG017,Tanker Ship,Escravos-Lagos,May,242.71,Diesel,Stormy,72.24,3.359772978959026,0.013842746400885937,5,9715.63,28928.28
NG017,Tanker Ship,Warri-Bonny,June,222.86,HFO,Stormy,74.13,3.0063402131390804,0.013489815189531905,6,6918.25,18129.18
NG017,Tanker Ship,Lagos-Apapa,July,243.28,Diesel,Calm,72.21,3.3690624567234457,0.013848497438027975,7,10597.84,28430.05
NG017,Tanker Ship,Port Harcourt-Lagos,August,398.12,Diesel,Stormy,91.55,4.348661933369743,0.010922992900054615,8,16292.03,42561.16
NG017,Tanker Ship,Warri-Bonny,September,170.59,HFO,Stormy,71.35,2.3908899789768747,0.014015416958654521,9,5613.51,15671.15
NG017,Tanker Ship,Lagos-Apapa,October,308.63,HFO,Stormy,90.28,3.4185866194062915,0.011076650420912717,10,11533.08,32171.93
NG017,Tanker Ship,Warri-Bonny,November,483.05,HFO,Stormy,89.88,5.374388072986204,0.011125945705384959,11,16567.54,43762.71
NG017,Tanker Ship,Lagos-Apapa,December,275.21,Diesel,Stormy,91.67,3.00218173884586,0.010908694229300752,12,11450.81,31485.1
NG018,Surfer Boat,Port Harcourt-Lagos,January,39.85,Diesel,Calm,86.51,0.46064038839440524,0.011559357299734134,1,701.49,2021.9
NG018,Surfer Boat,Port Harcourt-Lagos,February,32.2,Diesel,Stormy,79.34,0.4058482480463827,0.012603982858583312,2,404.9,1022.19
NG018,Surfer Boat,Lagos-Apapa,March,70.82,Diesel,Moderate,85.71,0.8262746470656867,0.011667250029168127,3,1307.9,3875.36
NG018,Surfer Boat,Escravos-Lagos,April,113.52,Diesel,Stormy,91.81,1.2364666158370547,0.010892059688487093,4,1856.06,5269.68
NG018,Surfer Boat,Lagos-Apapa,May,63.25,Diesel,Calm,83.96,0.7533349213911387,0.011910433539780848,5,675.8,2004.4
NG018,Surfer Boat,Warri-Bonny,June,80.21,Diesel,Moderate,74.14,1.0818721338009172,0.01348799568384138,6,1173.95,3451.06
NG018,Surfer Boat,Escravos-Lagos,July,34.56,Diesel,Stormy,79.34,0.4355936475926393,0.012603982858583312,7,504.65,1410.81
NG018,Surfer Boat,Lagos-Apapa,August,150.1,Diesel,Stormy,91.9,1.6332970620239389,0.010881392818280738,8,2780.98,7093.56
NG018,Surfer Boat,Escravos-Lagos,September,74.44,Diesel,Calm,76.64,0.971294363256785,0.013048016701461378,9,1260.63,3532.99
NG018,Surfer Boat,Escravos-Lagos,October,73.51,Diesel,Stormy,70.88,1.037104966139955,0.014108352144469528,10,1332.75,3409.08
NG018,Surfer Boat,Lagos-Apapa,November,171.31,Diesel,Calm,71.5,2.395944055944056,0.013986013986013986,11,2140.45,6324.12
NG018,Surfer Boat,Lagos-Apapa,December,106.5,Diesel,Calm,71.23,1.4951565351677663,0.014039028499227852,12,1548.12,4356.4
NG019,Fishing Trawler,Port Harcourt-Lagos,January,188.94,Diesel,Calm,92.08,2.051911381407472,0.010860121633362294,1,5410.08,14352.13
NG019,Fishing Trawler,Port Harcourt-Lagos,February,59.55,Diesel,Calm,85.29,0.6982061202954625,0.01172470395122523,2,1727.47,4456.51
NG019,Fishing Trawler,Escravos-Lagos,March,50.74,Diesel,Calm,84.38,0.6013273287508889,0.011851149561507467,3,1100.26,3284.57
NG019,Fishing Trawler,Warri-Bonny,April,124.04,Diesel,Calm,84.88,1.4613572101790766,0.011781338360037702,4,3072.12,8189.81
NG019,Fishing Trawler,Lagos-Apapa,May,57.02,HFO,Stormy,88.63,0.6433487532438227,0.01128286133363421,5,1614.61,4703.31
NG019,Fishing Trawler,Warri-Bonny,June,126.52,Diesel,Calm,78.24,1.6170756646216768,0.01278118609406953,6,3040.42,8794.4
NG019,Fishing Trawler,Escravos-Lagos,July,101.03,HFO,Moderate,91.55,1.1035499726925178,0.010922992900054615,7,2871.67,8264.78
NG019,Fishing Trawler,Lagos-Apapa,August,94.5,Diesel,Stormy,73.97,1.2775449506556713,0.0135189941868325,8,2724.78,7330.98
NG019,Fishing Trawler,Lagos-Apapa,September,148.66,HFO,Stormy,78.35,1.8973835354179962,0.012763241863433313,9,3120.76,8682.98
NG019,Fishing Trawler,Lagos-Apapa,October,170.89,Diesel,Stormy,73.89,2.3127622141020434,0.013533631073216944,10,4612.21,13811.49
NG019,Fishing Trawler,Warri-Bonny,November,177.26,Diesel,Calm,83.91,2.112501489691336,0.011917530687641521,11,4994.45,14632.07
NG019,Fishing Trawler,Lagos-Apapa,December,168.28,Diesel,Stormy,75.23,2.2368735876644954,0.013292569453675395,12,5044.11,12731.54
NG020,Oil Service Boat,Lagos-Apapa,January,98.82,Diesel,Moderate,79.87,1.2372605483911354,0.012520345561537497,1,2550.32,6706.7
NG020,Oil Service Boat,Port Harcourt-Lagos,February,149.95,Diesel,Moderate,71.2,2.1060393258426964,0.014044943820224719,2,5059.64,13341.84
NG020,Oil Service Boat,Lagos-Apapa,March,141.31,Diesel,Moderate,92.56,1.526685393258427,0.010803802938634399,3,3785.67,10017.88
NG020,Oil Service Boat,Lagos-Apapa,April,134.49,Diesel,Calm,85.3,1.576670574443142,0.011723329425556858,4,3679.5,9410.46
NG020,Oil Service Boat,Port Harcourt-Lagos,May,25.14,HFO,Calm,92.69,0.2712266695436401,0.010788650339842486,5,802.83,2201.69
NG020,Oil Service Boat,Lagos-Apapa,June,137.44,HFO,Stormy,78.53,1.7501591748376417,0.012733987011333249,6,3459.59,8772.44
NG020,Oil Service Boat,Lagos-Apapa,July,118.76,Diesel,Moderate,91.54,1.297356346952152,0.010924186148131964,7,3617.84,9348.81
NG020,Oil Service Boat,Warri-Bonny,August,146.7,HFO,Calm,81.52,1.799558390578999,0.01226692836113837,8,3970.47,11420.54
NG020,Oil Service Boat,Escravos-Lagos,September,146.46,HFO,Calm,80.05,1.8296064959400375,0.01249219237976265,9,4226.71,12390.7
NG020,Oil Service Boat,Port Harcourt-Lagos,October,43.94,Diesel,Stormy,93.5,0.4699465240641711,0.0106951871657754,10,1250.62,3536.87
NG020,Oil Service Boat,Port Harcourt-Lagos,November,98.02,HFO,Calm,76.45,1.2821451929365597,0.013080444735120994,11,2541.75,6967.32
NG020,Oil Service Boat,Lagos-Apapa,December,86.94,HFO,Calm,79.64,1.0916624811652436,0.012556504269211451,12,2602.59,6916.44
NG021,Surfer Boat,Lagos-Apapa,January,79.49,Diesel,Moderate,80.85,0.9831787260358689,0.012368583797155226,1,997.81,2570.9
NG021,Surfer Boat,Port Harcourt-Lagos,February,91.03,Diesel,Moderate,92.16,0.9877387152777778,0.010850694444444444,2,1524.31,3820.28
NG021,Surfer Boat,Lagos-Apapa,March,84.7,Diesel,Stormy,83.55,1.0137642130460802,0.01196888090963495,3,1664.31,4952.87
NG021,Surfer Boat,Escravos-Lagos,April,48.8,Diesel,Stormy,82.01,0.5950493842214364,0.012193634922570418,4,893.45,2411.85
NG021,Surfer Boat,Escravos-Lagos,May,151.59,Diesel,Calm,94.39,1.6059963979235088,0.010594342621040365,5,2651.94,7070.14
NG021,Surfer Boat,Port Harcourt-Lagos,June,144.64,Diesel,Moderate,86.2,1.6779582366589325,0.01160092807424594,6,2150.85,5399.16
NG021,Surfer Boat,Port Harcourt-Lagos,July,149.94,Diesel,Calm,76.71,1.9546343371138053,0.01303611002476861,7,1714.08,4692.99
NG021,Surfer Boat,Warri-Bonny,August,195.8,Diesel,Moderate,77.66,2.521246458923513,0.012876641771825908,8,3199.53,9311.24
NG021,Surfer Boat,Warri-Bonny,September,188.8,Diesel,Calm,74.89,2.521030845239685,0.01335291761249833,9,3031.95,8712.31
NG021,Surfer Boat,Port Harcourt-Lagos,October,59.24,Diesel,Moderate,71.08,0.8334271243669106,0.014068655036578503,10,597.95,1776.85
NG021,Surfer Boat,Port Harcourt-Lagos,November,78.33,Diesel,Moderate,75.51,1.0373460468812077,0.013243279035889285,11,864.43,2489.25
NG021,Surfer Boat,Warri-Bonny,December,177.1,Diesel,Moderate,72.19,2.4532483723507412,0.013852334118298934,12,2262.22,6635.75
NG022,Oil Service Boat,Escravos-Lagos,January,65.09,Diesel,Calm,70.9,0.9180535966149506,0.014104372355430182,1,1639.52,4268.91
NG022,Oil Service Boat,Port Harcourt-Lagos,February,80.94,Diesel,Calm,70.28,1.1516789982925442,0.014228799089356857,2,2794.15,7331.74
NG022,Oil Service Boat,Lagos-Apapa,March,111.83,HFO,Stormy,93.23,1.1995065965890808,0.010726161106939826,3,2931.78,8441.66
NG022,Oil Service Boat,Lagos-Apapa,April,144.78,HFO,Moderate,72.53,1.9961395284709775,0.013787398317937405,4,3654.0,10239.48
NG022,Oil Service Boat,Port Harcourt-Lagos,May,104.87,HFO,Calm,71.44,1.4679451287793954,0.013997760358342666,5,3595.51,9075.2
NG022,Oil Service Boat,Lagos-Apapa,June,118.46,HFO,Stormy,74.42,1.5917764041924212,0.013437248051599033,6,3977.01,10237.31
NG022,Oil Service Boat,Port Harcourt-Lagos,July,142.81,Diesel,Calm,85.88,1.662901723334886,0.011644154634373545,7,4507.52,11394.97
NG022,Oil Service Boat,Port Harcourt-Lagos,August,131.17,Diesel,Stormy,92.23,1.4222053561747803,0.010842459069717012,8,3455.18,10315.59
NG022,Oil Service Boat,Lagos-Apapa,September,58.76,Diesel,Calm,81.51,0.7208931419457735,0.012268433321064899,9,2035.11,5758.81
NG022,Oil Service Boat,Port Harcourt-Lagos,October,112.1,Diesel,Moderate,70.46,1.5909736020437129,0.01419244961680386,10,3427.21,9190.04
NG022,Oil Service Boat,Escravos-Lagos,November,119.8,Diesel,Stormy,87.11,1.3752726437837217,0.011479738261967628,11,3819.56,10191.39
NG022,Oil Service Boat,Warri-Bonny,December,56.92,Diesel,Stormy,87.56,0.6500685244403838,0.011420740063956145,12,1468.97,3842.0
NG023,Oil Service Boat,Lagos-Apapa,January,58.23,HFO,Moderate,77.69,0.7495173123954176,0.012871669455528383,1,1699.53,4978.93
NG023,Oil Service Boat,Warri-Bonny,February,88.7,Diesel,Calm,76.97,1.152397037806938,0.012992074834351046,2,2581.1,7472.59
NG023,Oil Service Boat,Warri-Bonny,March,53.49,HFO,Moderate,85.52,0.625467726847521,0.011693171188026194,3,1656.17,4566.03
NG023,Oil Service Boat,Warri-Bonny,April,103.91,Diesel,Stormy,81.89,1.2688973012577849,0.012211503236048358,4,2971.8,8699.04
NG023,Oil Service Boat,Port Harcourt-Lagos,May,87.17,HFO,Moderate,70.69,1.23313057009478,0.014146272457207527,5,2651.01,6926.5
NG023,Oil Service Boat,Escravos-Lagos,June,89.54,HFO,Moderate,89.57,0.9996650664284918,0.011164452383610584,6,2681.88,7056.44
NG023,Oil Service Boat,Port Harcourt-Lagos,July,119.39,HFO,Calm,74.09,1.6114185450128222,0.01349709812390336,7,3939.71,11380.27
NG023,Oil Service Boat,Warri-Bonny,August,24.39,HFO,Stormy,84.64,0.2881616257088847,0.011814744801512287,8,846.01,2408.78
NG023,Oil Service Boat,Escravos-Lagos,September,126.22,Diesel,Calm,85.1,1.483196239717979,0.011750881316098707,9,4211.08,11335.36
NG023,Oil Service Boat,Warri-Bonny,October,62.68,Diesel,Calm,78.68,0.7966446365022877,0.012709710218607015,10,1954.11,5474.73
NG023,Oil Service Boat,Lagos-Apapa,November,45.26,Diesel,Stormy,81.2,0.5573891625615763,0.01231527093596059,11,1511.04,4101.19
NG023,Oil Service Boat,Warri-Bonny,December,69.01,HFO,Stormy,87.39,0.7896784529122326,0.011442956860052637,12,1880.5,5418.76
NG024,Tanker Ship,Lagos-Apapa,January,65.09,Diesel,Calm,94.32,0.6900975402883801,0.01060220525869381,1,2905.25,7913.94
NG024,Tanker Ship,Port Harcourt-Lagos,February,91.8,HFO,Moderate,83.58,1.098348887293611,0.011964584828906437,2,4366.78,12138.52
NG024,Tanker Ship,Escravos-Lagos,March,149.01,HFO,Moderate,91.94,1.6207309114639983,0.010876658690450293,3,5384.01,15352.62
NG024,Tanker Ship,Escravos-Lagos,April,86.1,HFO,Calm,93.93,0.9166400511018843,0.010646225912913872,4,4287.66,11212.65
NG024,Tanker Ship,Port Harcourt-Lagos,May,485.87,Diesel,Moderate,90.51,5.368136117556071,0.011048502927853275,5,21327.56,56312.51
NG024,Tanker Ship,Warri-Bonny,June,117.2,HFO,Calm,93.67,1.2512010248745595,0.010675776662752216,6,4671.66,13171.16
NG024,Tanker Ship,Lagos-Apapa,July,274.41,HFO,Moderate,80.56,3.406281032770606,0.012413108242303872,7,10317.72,27686.92
NG024,Tanker Ship,Port Harcourt-Lagos,August,182.72,Diesel,Moderate,93.76,1.9488054607508531,0.010665529010238907,8,6679.56,17773.93
NG024,Tanker Ship,Escravos-Lagos,September,297.36,Diesel,Moderate,94.48,3.147332768839966,0.010584250635055038,9,13897.02,40922.2
NG024,Tanker Ship,Warri-Bonny,October,242.97,HFO,Calm,88.94,2.7318416910276593,0.01124353496739375,10,7897.76,22654.04
NG024,Tanker Ship,Escravos-Lagos,November,416.14,Diesel,Stormy,81.39,5.112913134291682,0.012286521685710775,11,17607.05,48894.32
NG024,Tanker Ship,Warri-Bonny,December,120.74,Diesel,Calm,92.43,1.3062858379314073,0.010818998160770312,12,4010.93,12004.61
NG025,Oil Service Boat,Warri-Bonny,January,95.41,HFO,Calm,89.9,1.0612903225806452,0.011123470522803113,1,3133.45,9210.04
NG025,Oil Service Boat,Escravos-Lagos,February,107.46,Diesel,Moderate,73.61,1.4598559978263823,0.013585110718652357,2,3469.11,9147.38
NG025,Oil Service Boat,Escravos-Lagos,March,57.51,Diesel,Moderate,87.53,0.6570318747857877,0.011424654404204272,3,1931.55,4916.1
NG025,Oil Service Boat,Port Harcourt-Lagos,April,116.46,HFO,Moderate,90.4,1.2882743362831857,0.011061946902654867,4,3616.91,9390.78
NG025,Oil Service Boat,Warri-Bonny,May,20.58,Diesel,Stormy,83.72,0.245819397993311,0.011944577161968466,5,537.18,1522.09
NG025,Oil Service Boat,Escravos-Lagos,June,55.38,HFO,Moderate,94.15,0.588210302708444,0.010621348911311735,6,1701.83,4840.15
NG025,Oil Service Boat,Lagos-Apapa,July,116.16,Diesel,Moderate,81.96,1.417276720351391,0.012201073694485115,7,3374.08,8834.51
NG025,Oil Service Boat,Port Harcourt-Lagos,August,149.51,HFO,Calm,87.28,1.7129926672777267,0.011457378551787351,8,4713.61,13401.45
NG025,Oil Service Boat,Escravos-Lagos,September,132.92,Diesel,Moderate,76.15,1.7455022980958632,0.013131976362442547,9,3893.55,10583.35
NG025,Oil Service Boat,Port Harcourt-Lagos,October,44.42,Diesel,Moderate,79.77,0.5568509464711044,0.012536041118214868,10,1298.5,3615.99
NG025,Oil Service Boat,Warri-Bonny,November,99.94,Diesel,Moderate,75.41,1.3252884232860365,0.013260840737302746,11,3159.82,8923.79
NG025,Oil Service Boat,Escravos-Lagos,December,40.36,Diesel,Calm,89.77,0.44959340536927705,0.011139578923916676,12,1159.76,2957.64
NG026,Oil Service Boat,Escravos-Lagos,January,116.69,Diesel,Calm,86.27,1.3526138866349833,0.01159151501101194,1,3619.39,10736.32
NG026,Oil Service Boat,Escravos-Lagos,February,21.11,Diesel,Calm,81.47,0.2591137842150485,0.012274456855284154,2,618.57,1789.58
NG026,Oil Service Boat,Port Harcourt-Lagos,March,90.67,Diesel,Moderate,78.9,1.1491761723700886,0.012674271229404309,3,2435.69,6402.17
NG026,Oil Service Boat,Warri-Bonny,April,69.39,HFO,Calm,81.72,0.8491189427312775,0.012236906510034264,4,2314.97,5805.05
NG026,Oil Service Boat,Lagos-Apapa,May,123.09,Diesel,Moderate,75.15,1.6379241516966068,0.01330671989354624,5,3902.97,10306.37
NG026,Oil Service Boat,Lagos-Apapa,June,46.3,HFO,Stormy,79.42,0.582976580206497,0.012591286829513977,6,1556.45,4080.87
NG026,Oil Service Boat,Port Harcourt-Lagos,July,79.29,HFO,Stormy,74.78,1.060310243380583,0.01337255950788981,7,2365.69,6279.92
NG026,Oil Service Boat,Warri-Bonny,August,86.94,Diesel,Moderate,76.82,1.131736526946108,0.013017443374121324,8,2257.48,5963.28
NG026,Oil Service Boat,Port Harcourt-Lagos,September,76.14,HFO,Calm,83.0,0.9173493975903615,0.012048192771084338,9,2370.51,7091.6
NG026,Oil Service Boat,Escravos-Lagos,October,111.16,HFO,Calm,75.47,1.4729031403206572,0.013250298131707963,10,3490.6,9870.22
NG026,Oil Service Boat,Warri-Bonny,November,59.2,Diesel,Calm,78.75,0.7517460317460318,0.012698412698412698,11,1855.35,5511.37
NG026,Oil Service Boat,Escravos-Lagos,December,74.35,HFO,Moderate,88.16,0.8433529945553538,0.011343012704174229,12,2391.61,6789.18
NG027,Oil Service Boat,Escravos-Lagos,January,70.18,HFO,Moderate,72.99,0.9615015755582959,0.013700506918755994,1,2442.33,7137.17
NG027,Oil Service Boat,Warri-Bonny,February,132.71,Diesel,Moderate,93.17,1.4243855318235483,0.010733068584308253,2,4402.34,11167.9
NG027,Oil Service Boat,Warri-Bonny,March,145.24,Diesel,Stormy,92.2,1.5752711496746203,0.010845986984815618,3,4355.72,12783.02
NG027,Oil Service Boat,Escravos-Lagos,April,124.55,HFO,Calm,93.48,1.3323705605477107,0.010697475395806589,4,3221.29,9405.04
NG027,Oil Service Boat,Port Harcourt-Lagos,May,56.62,Diesel,Stormy,74.2,0.7630727762803234,0.013477088948787061,5,1567.98,4073.16
NG027,Oil Service Boat,Escravos-Lagos,June,75.4,HFO,Moderate,93.2,0.8090128755364807,0.01072961373390558,6,2228.26,5797.49
NG027,Oil Service Boat,Escravos-Lagos,July,48.44,Diesel,Moderate,89.5,0.5412290502793295,0.0111731843575419,7,1521.47,4171.58
NG027,Oil Service Boat,Port Harcourt-Lagos,August,72.18,Diesel,Stormy,88.48,0.8157775768535263,0.011301989150090416,8,2278.17,6027.09
NG027,Oil Service Boat,Lagos-Apapa,September,123.37,Diesel,Calm,73.17,1.6860735274019407,0.013666803334700014,9,3651.09,10789.23
NG027,Oil Service Boat,Warri-Bonny,October,82.41,Diesel,Stormy,90.0,0.9156666666666666,0.011111111111111112,10,2577.71,7055.33
NG027,Oil Service Boat,Lagos-Apapa,November,51.36,Diesel,Calm,83.38,0.6159750539697769,0.011993283761093787,11,1341.02,3385.15
NG027,Oil Service Boat,Port Harcourt-Lagos,December,105.32,HFO,Stormy,84.24,1.2502374169040835,0.011870845204178538,12,3220.73,9016.57
NG028,Surfer Boat,Escravos-Lagos,January,50.49,Diesel,Calm,83.71,0.6031537450722734,0.011946004061641383,1,911.43,2466.31
NG028,Surfer Boat,Escravos-Lagos,February,199.66,Diesel,Calm,93.63,2.1324361849834457,0.010680337498664958,2,2408.12,6655.18
NG028,Surfer Boat,Port Harcourt-Lagos,March,161.15,Diesel,Calm,74.82,2.153835872761294,0.013365410318096767,3,2398.63,6323.16
NG028,Surfer Boat,Escravos-Lagos,April,176.37,Diesel,Calm,89.74,1.9653443280588367,0.011143302874972142,4,1878.65,4900.56
NG028,Surfer Boat,Warri-Bonny,May,163.95,Diesel,Stormy,84.6,1.9379432624113475,0.011820330969267141,5,2361.21,5953.0
NG028,Surfer Boat,Warri-Bonny,June,97.93,Diesel,Calm,76.77,1.2756285007164259,0.013025921583952065,6,1208.32,3328.55
NG028,Surfer Boat,Lagos-Apapa,July,80.13,Diesel,Calm,86.62,0.9250750404063726,0.011544677903486492,7,1147.85,3081.36
NG028,Surfer Boat,Lagos-Apapa,August,56.25,Diesel,Calm,94.29,0.5965637925548838,0.010605578534309046,8,748.0,2136.58
NG028,Surfer Boat,Escravos-Lagos,September,111.94,Diesel,Calm,78.53,1.4254425060486438,0.012733987011333249,9,2069.27,5984.36
NG028,Surfer Boat,Escravos-Lagos,October,143.42,Diesel,Moderate,83.18,1.7242125510940127,0.012022120702091847,10,2604.36,7652.68
NG028,Surfer Boat,Lagos-Apapa,November,145.07,Diesel,Calm,87.04,1.666704963235294,0.011488970588235293,11,1926.59,5701.91
NG028,Surfer Boat,Escravos-Lagos,December,161.25,Diesel,Stormy,79.91,2.0178951320235265,0.012514078338130397,12,2223.46,5679.22
NG029,Oil Service Boat,Lagos-Apapa,January,102.75,HFO,Calm,85.79,1.197692038699149,0.011656370206317752,1,3509.4,10310.95
NG029,Oil Service Boat,Warri-Bonny,February,109.11,HFO,Moderate,93.53,1.1665775686945365,0.010691756655618518,2,3463.74,9329.6
NG029,Oil Service Boat,Lagos-Apapa,March,127.94,Diesel,Stormy,71.19,1.7971625228262396,0.014046916701783959,3,3880.47,10708.58
NG029,Oil Service Boat,Lagos-Apapa,April,125.84,HFO,Calm,84.25,1.4936498516320476,0.011869436201780416,4,3682.11,10565.0
NG029,Oil Service Boat,Lagos-Apapa,May,46.93,Diesel,Stormy,86.05,0.5453805926786752,0.011621150493898896,5,1383.17,4103.98
NG029,Oil Service Boat,Port Harcourt-Lagos,June,73.36,Diesel,Moderate,82.87,0.8852419452153976,0.012067093037287317,6,2092.97,6085.27
NG029,Oil Service Boat,Lagos-Apapa,July,45.85,Diesel,Stormy,84.61,0.5418981207895048,0.011818933932159319,7,1229.24,3194.38
NG029,Oil Service Boat,Port Harcourt-Lagos,August,85.2,HFO,Moderate,78.68,1.0828673106253177,0.012709710218607015,8,2884.59,8144.91
NG029,Oil Service Boat,Port Harcourt-Lagos,September,148.29,Diesel,Calm,92.02,1.61149750054336,0.010867202782003912,9,4784.83,14176.15
NG029,Oil Service Boat,Lagos-Apapa,October,37.16,HFO,Calm,72.66,0.5114230663363611,0.013762730525736306,10,1202.46,3089.79
NG029,Oil Service Boat,Port Harcourt-Lagos,November,111.21,Diesel,Calm,91.23,1.21900690562315,0.01096130658774526,11,3728.18,10477.94
NG029,Oil Service Boat,Port Harcourt-Lagos,December,125.81,HFO,Stormy,79.42,1.5841097960211534,0.012591286829513977,12,4123.7,10755.6
NG030,Fishing Trawler,Port Harcourt-Lagos,January,178.42,Diesel,Calm,72.05,2.4763358778625952,0.013879250520471896,1,4428.52,11684.43
NG030,Fishing Trawler,Lagos-Apapa,February,116.18,Diesel,Stormy,78.21,1.4854877892852578,0.012786088735455826,2,3149.58,8825.4
NG030,Fishing Trawler,Port Harcourt-Lagos,March,52.83,HFO,Calm,89.61,0.5895547371945096,0.011159468809284678,3,1268.79,3585.41
NG030,Fishing Trawler,Lagos-Apapa,April,197.35,HFO,Stormy,75.81,2.6032185727476587,0.013190871916633689,4,4085.84,11880.69
NG030,Fishing Trawler,Lagos-Apapa,May,90.8,Diesel,Calm,72.58,1.2510333425186002,0.013777900248002205,5,2173.52,5582.82
NG030,Fishing Trawler,Port Harcourt-Lagos,June,159.71,HFO,Calm,73.67,2.1679109542554635,0.013574046423238768,6,3630.67,10442.54
NG030,Fishing Trawler,Warri-Bonny,July,56.54,HFO,Moderate,88.14,0.641479464488314,0.011345586566825504,7,1278.36,3341.75
NG030,Fishing Trawler,Escravos-Lagos,August,169.72,Diesel,Moderate,79.06,2.1467240070832276,0.01264862130027827,8,5088.27,13786.21
NG030,Fishing Trawler,Warri-Bonny,September,84.41,Diesel,Stormy,93.28,0.904909948542024,0.01072041166380789,9,1730.23,4416.29
NG030,Fishing Trawler,Escravos-Lagos,October,104.55,HFO,Calm,75.67,1.3816571957182502,0.013215276860050218,10,2977.87,7719.69
NG030,Fishing Trawler,Warri-Bonny,November,184.31,Diesel,Calm,80.53,2.2887122811374643,0.012417732522041475,11,4705.79,13278.47
NG030,Fishing Trawler,Escravos-Lagos,December,192.57,Diesel,Stormy,93.98,2.0490529899978718,0.010640561821664183,12,3950.67,11202.54
NG031,Fishing Trawler,Lagos-Apapa,January,119.07,Diesel,Calm,83.56,1.42496409765438,0.011967448539971278,1,3379.44,9940.69
NG031,Fishing Trawler,Warri-Bonny,February,142.02,Diesel,Stormy,70.44,2.01618398637138,0.014196479273140262,2,3229.17,8272.74
NG031,Fishing Trawler,Escravos-Lagos,March,153.6,HFO,Calm,84.44,1.8190431075319753,0.011842728564661299,3,3924.42,11714.41
NG031,Fishing Trawler,Warri-Bonny,April,173.93,HFO,Stormy,94.59,1.8387778834971984,0.010571942065757478,4,4378.45,12796.79
NG031,Fishing Trawler,Port Harcourt-Lagos,May,132.95,Diesel,Moderate,73.91,1.7988093627384656,0.013529968881071575,5,3895.75,11071.89
NG031,Fishing Trawler,Warri-Bonny,June,163.94,Diesel,Moderate,85.64,1.9142923867351704,0.011676786548341896,6,4122.72,11938.53
NG031,Fishing Trawler,Warri-Bonny,July,112.35,HFO,Stormy,84.84,1.324257425742574,0.011786892975011787,7,2928.31,7878.63
NG031,Fishing Trawler,Escravos-Lagos,August,127.69,HFO,Calm,84.43,1.5123771171384577,0.011844131232974061,8,2761.43,6998.65
NG031,Fishing Trawler,Lagos-Apapa,September,195.73,HFO,Calm,71.63,2.732514309646796,0.013960631020522129,9,4445.42,11503.01
NG031,Fishing Trawler,Lagos-Apapa,October,90.3,HFO,Calm,81.8,1.1039119804400979,0.012224938875305624,10,1891.16,5468.73
NG031,Fishing Trawler,Escravos-Lagos,November,85.73,Diesel,Stormy,78.56,1.0912678207739308,0.012729124236252545,11,2432.55,6717.69
NG031,Fishing Trawler,Port Harcourt-Lagos,December,120.54,Diesel,Calm,71.47,1.6865817825661118,0.013991884706870015,12,3137.42,7948.62
NG032,Tanker Ship,Port Harcourt-Lagos,January,453.14,HFO,Stormy,70.12,6.462350256702795,0.014261266400456359,1,21961.99,65037.14
NG032,Tanker Ship,Port Harcourt-Lagos,February,396.65,Diesel,Calm,78.79,5.034268308160933,0.012691965985531158,2,19150.2,49427.38
NG032,Tanker Ship,Port Harcourt-Lagos,March,280.92,Diesel,Moderate,77.26,3.636034170333937,0.012943308309603933,3,13611.66,35537.02
NG032,Tanker Ship,Escravos-Lagos,April,404.44,Diesel,Moderate,76.19,5.308308176926106,0.013125082031762698,4,16565.5,45631.07
NG032,Tanker Ship,Escravos-Lagos,May,348.93,Diesel,Calm,88.55,3.940485601355167,0.011293054771315642,5,16919.62,48565.92
NG032,Tanker Ship,Port Harcourt-Lagos,June,317.2,HFO,Stormy,86.21,3.6793875420484863,0.011599582415033059,6,10763.02,31798.24
NG032,Tanker Ship,Lagos-Apapa,July,276.72,HFO,Calm,77.02,3.5928330303817195,0.012983640612827838,7,11914.77,32859.83
NG032,Tanker Ship,Escravos-Lagos,August,111.72,Diesel,Stormy,74.78,1.4939823482214496,0.01337255950788981,8,4098.19,10954.68
NG032,Tanker Ship,Port Harcourt-Lagos,September,136.97,Diesel,Moderate,87.94,1.5575392312940641,0.011371389583807142,9,4733.49,14040.17
NG032,Tanker Ship,Port Harcourt-Lagos,October,74.78,Diesel,Moderate,86.11,0.8684241086981768,0.011613053071652538,10,3164.84,8375.31
NG032,Tanker Ship,Warri-Bonny,November,183.77,HFO,Calm,81.98,2.241644303488656,0.01219809709685289,11,6814.82,19892.07
NG032,Tanker Ship,Lagos-Apapa,December,129.96,HFO,Calm,78.55,1.6544875875238703,0.012730744748567792,12,4911.56,14207.9
NG033,Oil Service Boat,Lagos-Apapa,January,42.22,HFO,Stormy,90.64,0.46579876434245365,0.011032656663724626,1,1196.1,3267.01
NG033,Oil Service Boat,Warri-Bonny,February,122.92,Diesel,Calm,84.81,1.4493573871005778,0.011791062374719961,2,4096.55,10579.78
NG033,Oil Service Boat,Lagos-Apapa,March,41.3,HFO,Calm,84.66,0.48783368769194424,0.011811953697141508,3,1351.18,3471.03
NG033,Oil Service Boat,Escravos-Lagos,April,76.21,Diesel,Calm,78.01,0.9769260351237019,0.01281886937572106,4,2371.08,6269.5
NG033,Oil Service Boat,Lagos-Apapa,May,128.17,HFO,Calm,88.53,1.4477578222071612,0.011295606009262396,5,3322.06,9267.98
NG033,Oil Service Boat,Escravos-Lagos,June,117.24,HFO,Stormy,93.33,1.2561877209900354,0.010714668381013608,6,3530.47,10465.35
NG033,Oil Service Boat,Escravos-Lagos,July,91.81,HFO,Stormy,77.8,1.1800771208226222,0.012853470437017995,7,2731.01,7276.37
NG033,Oil Service Boat,Lagos-Apapa,August,30.59,Diesel,Calm,94.09,0.3251142523116165,0.010628122010840685,8,885.05,2334.45
NG033,Oil Service Boat,Escravos-Lagos,September,65.41,HFO,Calm,81.55,0.8020846106683016,0.012262415695892091,9,2204.43,6020.19
NG033,Oil Service Boat,Lagos-Apapa,October,127.82,Diesel,Calm,89.58,1.4268810002232641,0.011163206072784104,10,4352.54,12953.09
NG033,Oil Service Boat,Lagos-Apapa,November,46.73,Diesel,Calm,85.59,0.5459749970790979,0.011683607898118939,11,1328.9,3536.98
NG033,Oil Service Boat,Lagos-Apapa,December,87.8,HFO,Calm,88.64,0.9905234657039711,0.01128158844765343,12,2891.55,8547.0
NG034,Surfer Boat,Warri-Bonny,January,133.7,Diesel,Moderate,93.82,1.4250692816030697,0.010658708164570456,1,2056.93,6096.58
NG034,Surfer Boat,Lagos-Apapa,February,45.96,Diesel,Moderate,71.33,0.6443291742604795,0.014019346698443853,2,657.94,1753.81
NG034,Surfer Boat,Port Harcourt-Lagos,March,46.16,Diesel,Calm,82.52,0.5593795443528842,0.012118274357731459,3,510.11,1429.25
NG034,Surfer Boat,Lagos-Apapa,April,102.86,Diesel,Calm,78.44,1.3113207547169812,0.012748597654258032,4,1157.14,3378.35
NG034,Surfer Boat,Escravos-Lagos,May,130.82,Diesel,Moderate,88.72,1.4745266005410278,0.01127141568981064,5,2317.01,6664.31
NG034,Surfer Boat,Port Harcourt-Lagos,June,183.03,Diesel,Moderate,71.2,2.5706460674157303,0.014044943820224719,6,2657.55,6870.3
NG034,Surfer Boat,Escravos-Lagos,July,107.69,Diesel,Calm,79.2,1.359722222222222,0.012626262626262626,7,1296.57,3317.65
NG034,Surfer Boat,Escravos-Lagos,August,190.55,Diesel,Calm,84.11,2.2654856735227678,0.011889192723814054,8,2445.97,6932.22
NG034,Surfer Boat,Port Harcourt-Lagos,September,138.38,Diesel,Stormy,82.93,1.6686361992041479,0.012058362474375979,9,2079.81,5302.76
NG034,Surfer Boat,Escravos-Lagos,October,99.72,Diesel,Moderate,77.37,1.2888716556804962,0.012924906294429364,10,1899.94,5461.75
NG034,Surfer Boat,Port Harcourt-Lagos,November,35.57,Diesel,Moderate,94.45,0.37660137638962415,0.010587612493382742,11,411.14,1200.48
NG034,Surfer Boat,Warri-Bonny,December,158.83,Diesel,Stormy,81.66,1.945015919666912,0.012245897624295862,12,1720.68,4683.28
NG035,Fishing Trawler,Port Harcourt-Lagos,January,181.72,Diesel,Calm,88.51,2.0531013444808495,0.01129815840018077,1,4957.67,14847.03
NG035,Fishing Trawler,Escravos-Lagos,February,124.67,HFO,Moderate,70.01,1.7807456077703183,0.0142836737608913,2,2816.44,8150.61
NG035,Fishing Trawler,Port Harcourt-Lagos,March,132.46,HFO,Calm,93.83,1.411702014281147,0.01065757220505169,3,3345.33,9659.37
NG035,Fishing Trawler,Warri-Bonny,April,170.88,Diesel,Calm,83.08,2.0568127106403464,0.01203659123736158,4,4849.39,12140.21
NG035,Fishing Trawler,Lagos-Apapa,May,127.75,HFO,Moderate,76.28,1.6747509176717357,0.013109596224436287,5,2942.16,8502.55
NG035,Fishing Trawler,Port Harcourt-Lagos,June,190.58,HFO,Moderate,92.18,2.0674766760685617,0.010848340203948795,6,5141.35,13793.36
NG035,Fishing Trawler,Port Harcourt-Lagos,July,92.16,HFO,Stormy,73.02,1.2621199671322925,0.013694878115584772,7,2203.1,6449.77
NG035,Fishing Trawler,Warri-Bonny,August,100.91,Diesel,Moderate,84.56,1.1933538315988645,0.011825922421948912,8,3014.68,8736.39
NG035,Fishing Trawler,Escravos-Lagos,September,182.15,HFO,Calm,75.62,2.4087542978048133,0.013224014810896587,9,4799.08,12304.07
NG035,Fishing Trawler,Port Harcourt-Lagos,October,100.77,HFO,Stormy,91.51,1.1011911266528247,0.010927767457108512,10,2526.98,7289.02
NG035,Fishing Trawler,Port Harcourt-Lagos,November,75.6,Diesel,Calm,70.31,1.0752382306926467,0.014222727919214905,11,1751.39,5103.37
NG035,Fishing Trawler,Warri-Bonny,December,78.12,Diesel,Moderate,85.31,0.9157191419528777,0.01172195522213105,12,2151.93,6029.58
NG036,Tanker Ship,Escravos-Lagos,January,448.32,HFO,Calm,86.66,5.173321024694207,0.011539349180706208,1,18754.7,53733.29
NG036,Tanker Ship,Escravos-Lagos,February,165.73,Diesel,Calm,75.4,2.1980106100795753,0.01326259946949602,2,6384.08,17499.87
NG036,Tanker Ship,Escravos-Lagos,March,254.38,HFO,Stormy,71.52,3.5567673378076066,0.013982102908277406,3,11098.2,32881.74
NG036,Tanker Ship,Escravos-Lagos,April,96.41,HFO,Calm,76.33,1.2630682562557316,0.013101008777675881,4,3617.35,9291.03
NG036,Tanker Ship,Warri-Bonny,May,476.75,HFO,Stormy,90.34,5.277285809165375,0.011069293779056896,5,17439.52,50669.16
NG036,Tanker Ship,Lagos-Apapa,June,467.87,Diesel,Moderate,91.08,5.136912604303909,0.010979358805445762,6,19764.07,50221.53
NG036,Tanker Ship,Lagos-Apapa,July,202.99,Diesel,Moderate,91.05,2.2294343767160902,0.010982976386600769,7,6561.39,19317.08
NG036,Tanker Ship,Lagos-Apapa,August,413.97,HFO,Moderate,80.29,5.155934736579898,0.012454851164528583,8,18037.62,49624.5
NG036,Tanker Ship,Port Harcourt-Lagos,September,218.58,Diesel,Stormy,88.52,2.4692724807953006,0.011296882060551289,9,9294.25,26870.42
NG036,Tanker Ship,Escravos-Lagos,October,125.02,Diesel,Stormy,89.07,1.4036151341641405,0.011227124733355789,10,4854.02,12783.97
NG036,Tanker Ship,Lagos-Apapa,November,327.54,HFO,Moderate,72.98,4.4880789257330775,0.013702384214853383,11,11960.63,31050.58
NG036,Tanker Ship,Escravos-Lagos,December,414.72,Diesel,Calm,71.18,5.826355717898286,0.014048890137679121,12,19837.1,56666.52
NG037,Tanker Ship,Lagos-Apapa,January,253.43,Diesel,Calm,93.17,2.720081571321241,0.010733068584308253,1,9895.74,29503.63
NG037,Tanker Ship,Escravos-Lagos,February,375.73,HFO,Calm,78.49,4.786979233023316,0.01274047649382087,2,16279.94,47446.22
NG037,Tanker Ship,Lagos-Apapa,March,446.28,Diesel,Moderate,72.02,6.19661205220772,0.013885031935573453,3,18321.43,51926.92
NG037,Tanker Ship,Port Harcourt-Lagos,April,408.65,Diesel,Stormy,86.22,4.73961957782417,0.011598237067965669,4,18825.88,48115.95
NG037,Tanker Ship,Port Harcourt-Lagos,May,379.02,HFO,Moderate,85.81,4.416967719380025,0.011653653420347278,5,18379.1,46287.32
NG037,Tanker Ship,Port Harcourt-Lagos,June,366.05,Diesel,Calm,71.11,5.147658557164956,0.014062719729995782,6,14785.37,37002.93
NG037,Tanker Ship,Port Harcourt-Lagos,July,495.5,HFO,Calm,92.07,5.381774736613447,0.01086130118388183,7,23070.0,59047.14
NG037,Tanker Ship,Lagos-Apapa,August,72.89,Diesel,Stormy,73.5,0.9917006802721089,0.013605442176870748,8,3150.3,8404.85
NG037,Tanker Ship,Escravos-Lagos,September,116.18,Diesel,Stormy,78.94,1.4717506967316951,0.01266784899923993,9,4800.98,13419.8
NG037,Tanker Ship,Lagos-Apapa,October,195.05,HFO,Stormy,78.62,2.4809208852709235,0.012719409819384379,10,6077.71,15658.75
NG037,Tanker Ship,Lagos-Apapa,November,250.25,HFO,Moderate,85.52,2.926216089803555,0.011693171188026194,11,9944.61,25961.1
NG037,Tanker Ship,Port Harcourt-Lagos,December,381.18,HFO,Stormy,85.25,4.471319648093842,0.011730205278592375,12,13264.76,36803.83
NG038,Oil Service Boat,Port Harcourt-Lagos,January,59.55,HFO,Stormy,89.63,0.6643980809996652,0.011156978690170702,1,1535.99,4051.51
NG038,Oil Service Boat,Lagos-Apapa,February,131.76,HFO,Moderate,88.94,1.4814481673038002,0.01124353496739375,2,4211.8,10736.86
NG038,Oil Service Boat,Warri-Bonny,March,117.17,HFO,Calm,82.46,1.420931360659714,0.01212709192335678,3,3115.84,9065.72
NG038,Oil Service Boat,Lagos-Apapa,April,29.45,HFO,Moderate,88.05,0.33446905167518454,0.011357183418512209,4,998.3,2773.11
NG038,Oil Service Boat,Lagos-Apapa,May,33.08,HFO,Calm,84.66,0.39073942830144104,0.011811953697141508,5,986.77,2760.15
NG038,Oil Service Boat,Port Harcourt-Lagos,June,106.45,HFO,Calm,83.93,1.2683188371261764,0.011914690813773382,6,3526.0,8864.01
NG038,Oil Service Boat,Port Harcourt-Lagos,July,33.06,Diesel,Moderate,94.67,0.34921305587831414,0.010563008344776591,7,869.0,2242.6
NG038,Oil Service Boat,Warri-Bonny,August,102.12,Diesel,Moderate,75.02,1.3612370034657426,0.013329778725673154,8,2768.11,8268.36
NG038,Oil Service Boat,Port Harcourt-Lagos,September,33.56,Diesel,Moderate,87.28,0.3845096241979835,0.011457378551787351,9,1009.83,2799.76
NG038,Oil Service Boat,Escravos-Lagos,October,106.87,HFO,Calm,93.4,1.144218415417559,0.010706638115631691,10,3716.05,11138.72
NG038,Oil Service Boat,Port Harcourt-Lagos,November,40.59,HFO,Calm,85.01,0.4774732384425362,0.011763321962122103,11,1193.39,3442.23
NG038,Oil Service Boat,Warri-Bonny,December,127.42,Diesel,Calm,91.41,1.393939393939394,0.010939722131057872,12,4428.47,12536.07
NG039,Fishing Trawler,Escravos-Lagos,January,144.44,Diesel,Calm,71.52,2.0195749440715884,0.013982102908277406,1,4228.03,12596.75
NG039,Fishing Trawler,Lagos-Apapa,February,187.48,HFO,Moderate,86.07,2.1782270245149298,0.011618450098756826,2,4842.47,14403.64
NG039,Fishing Trawler,Lagos-Apapa,March,191.49,Diesel,Stormy,83.45,2.2946674655482324,0.011983223487118035,3,4713.67,12613.72
NG039,Fishing Trawler,Port Harcourt-Lagos,April,193.79,HFO,Moderate,79.68,2.4321034136546182,0.01255020080321285,4,5188.07,14723.97
NG039,Fishing Trawler,Port Harcourt-Lagos,May,167.56,Diesel,Calm,72.25,2.3191695501730103,0.01384083044982699,5,4965.11,14693.19
NG039,Fishing Trawler,Lagos-Apapa,June,88.41,HFO,Stormy,87.44,1.0110933211344921,0.011436413540713633,6,2051.46,5621.43
NG039,Fishing Trawler,Warri-Bonny,July,64.28,HFO,Moderate,81.44,0.7892927308447938,0.012278978388998036,7,1384.93,3983.49
NG039,Fishing Trawler,Port Harcourt-Lagos,August,96.34,Diesel,Moderate,75.07,1.2833355534834157,0.013320900492873319,8,2659.86,6766.77
NG039,Fishing Trawler,Escravos-Lagos,September,93.19,Diesel,Stormy,77.69,1.1995108765606899,0.012871669455528383,9,2257.04,6143.2
NG039,Fishing Trawler,Lagos-Apapa,October,154.83,HFO,Moderate,77.42,1.9998708344097134,0.012916559028674762,10,3553.77,10240.13
NG039,Fishing Trawler,Port Harcourt-Lagos,November,57.27,Diesel,Calm,70.76,0.8093555681175806,0.014132278123233465,11,1205.32,3157.95
NG039,Fishing Trawler,Escravos-Lagos,December,105.25,Diesel,Stormy,82.3,1.278857837181045,0.012150668286755772,12,2972.94,7561.33
NG040,Fishing Trawler,Lagos-Apapa,January,95.26,Diesel,Stormy,81.09,1.1747441114810704,0.012331976815883586,1,2740.5,7939.14
NG040,Fishing Trawler,Warri-Bonny,February,181.2,HFO,Calm,72.3,2.5062240663900415,0.013831258644536654,2,5354.46,15260.05
NG040,Fishing Trawler,Port Harcourt-Lagos,March,177.71,HFO,Stormy,70.12,2.5343696520250996,0.014261266400456359,3,3628.23,9178.14
NG040,Fishing Trawler,Port Harcourt-Lagos,April,60.04,HFO,Moderate,71.53,0.8393680973018314,0.01398014818957081,4,1617.92,4160.49
NG040,Fishing Trawler,Warri-Bonny,May,88.93,HFO,Moderate,78.2,1.1372122762148338,0.01278772378516624,5,2630.24,6638.61
NG040,Fishing Trawler,Escravos-Lagos,June,181.58,HFO,Calm,89.95,2.0186770428015564,0.011117287381878822,6,4467.77,12027.63
NG040,Fishing Trawler,Escravos-Lagos,July,132.0,HFO,Stormy,78.94,1.6721560678996708,0.01266784899923993,7,3553.16,9170.97
NG040,Fishing Trawler,Warri-Bonny,August,167.28,Diesel,Moderate,88.66,1.8867584028874351,0.011279043537108053,8,4474.19,13342.81
NG040,Fishing Trawler,Lagos-Apapa,September,194.52,Diesel,Moderate,79.52,2.446177062374246,0.012575452716297788,9,5560.6,15895.62
NG040,Fishing Trawler,Port Harcourt-Lagos,October,168.83,Diesel,Calm,90.81,1.8591564805638146,0.011012003083360863,10,4583.63,12698.37
NG040,Fishing Trawler,Lagos-Apapa,November,66.86,HFO,Calm,94.9,0.7045310853530031,0.01053740779768177,11,1383.07,3680.4
NG040,Fishing Trawler,Warri-Bonny,December,157.08,Diesel,Calm,91.89,1.7094351942539994,0.010882576994232234,12,3621.0,10415.05
NG041,Oil Service Boat,Warri-Bonny,January,138.57,HFO,Stormy,86.99,1.592941717438786,0.011495574203931488,1,3906.66,10771.52
NG041,Oil Service Boat,Warri-Bonny,February,87.13,Diesel,Moderate,92.24,0.9446010407632264,0.010841283607979185,2,2663.62,7841.89
NG041,Oil Service Boat,Escravos-Lagos,March,40.22,HFO,Calm,81.25,0.4950153846153846,0.012307692307692308,3,1349.04,3538.38
NG041,Oil Service Boat,Lagos-Apapa,April,102.82,HFO,Stormy,78.2,1.3148337595907926,0.01278772378516624,4,3252.44,8815.9
NG041,Oil Service Boat,Port Harcourt-Lagos,May,59.81,Diesel,Stormy,74.43,0.8035738277576245,0.013435442697836893,5,1558.4,3913.09
NG041,Oil Service Boat,Port Harcourt-Lagos,June,88.01,Diesel,Calm,84.21,1.0451252820330128,0.01187507421921387,6,2614.95,7250.88
NG041,Oil Service Boat,Warri-Bonny,July,34.72,HFO,Calm,75.21,0.4616407392633958,0.013296104241457255,7,944.62,2509.99
NG041,Oil Service Boat,Port Harcourt-Lagos,August,83.88,HFO,Calm,81.38,1.0307200786434014,0.012288031457360531,8,2312.1,5843.49
NG041,Oil Service Boat,Warri-Bonny,September,28.8,Diesel,Moderate,74.63,0.38590379204073433,0.013399437223636608,9,879.48,2465.78
NG041,Oil Service Boat,Warri-Bonny,October,94.37,Diesel,Calm,83.82,1.1258649486995944,0.011930326890956813,10,2838.58,7452.16
NG041,Oil Service Boat,Port Harcourt-Lagos,November,42.76,Diesel,Moderate,90.1,0.47458379578246396,0.011098779134295229,11,1483.23,4385.76
NG041,Oil Service Boat,Escravos-Lagos,December,27.68,Diesel,Calm,75.02,0.36896827512663294,0.013329778725673154,12,711.15,1788.04
NG042,Tanker Ship,Escravos-Lagos,January,52.87,Diesel,Calm,81.6,0.6479166666666667,0.012254901960784315,1,2553.1,6770.75
NG042,Tanker Ship,Port Harcourt-Lagos,February,385.78,Diesel,Calm,75.93,5.080732253391281,0.013170025023047543,2,17682.58,48396.39
NG042,Tanker Ship,Escravos-Lagos,March,52.64,Diesel,Stormy,73.7,0.7142469470827679,0.013568521031207597,3,2080.57,6016.3
NG042,Tanker Ship,Lagos-Apapa,April,82.52,HFO,Moderate,74.18,1.1124292262065245,0.013480722566729575,4,2715.02,7103.44
NG042,Tanker Ship,Port Harcourt-Lagos,May,261.04,Diesel,Moderate,93.04,2.8056749785038693,0.010748065348237317,5,11636.13,29967.22
NG042,Tanker Ship,Port Harcourt-Lagos,June,334.93,Diesel,Moderate,83.98,3.988211478923553,0.011907597046915932,6,15068.67,39630.01
NG042,Tanker Ship,Warri-Bonny,July,420.75,Diesel,Stormy,70.11,6.001283697047497,0.01426330052774212,7,17261.44,48925.78
NG042,Tanker Ship,Lagos-Apapa,August,214.34,HFO,Stormy,83.06,2.580544184926559,0.012039489525644112,8,10505.28,31381.37
NG042,Tanker Ship,Warri-Bonny,September,75.25,HFO,Stormy,74.1,1.015519568151147,0.01349527665317139,9,2339.56,6090.58
NG042,Tanker Ship,Lagos-Apapa,October,222.44,HFO,Moderate,71.64,3.1049692908989392,0.013958682300390842,10,8639.41,24557.5
NG042,Tanker Ship,Lagos-Apapa,November,138.63,HFO,Moderate,77.61,1.7862388867413992,0.012884937508053087,11,5145.1,14632.48
NG042,Tanker Ship,Escravos-Lagos,December,279.1,HFO,Stormy,82.94,3.3650831926694,0.012056908608632746,12,9226.05,26851.42
NG043,Surfer Boat,Warri-Bonny,January,104.31,Diesel,Calm,76.5,1.3635294117647059,0.013071895424836602,1,1320.92,3764.19
NG043,Surfer Boat,Port Harcourt-Lagos,February,112.46,Diesel,Stormy,70.83,1.5877453056614428,0.014118311449950587,2,1807.78,5299.98
NG043,Surfer Boat,Port Harcourt-Lagos,March,169.38,Diesel,Stormy,70.11,2.4159178433889603,0.01426330052774212,3,2387.59,6625.09
NG043,Surfer Boat,Warri-Bonny,April,22.13,Diesel,Moderate,86.52,0.25577901063337954,0.011558021266759132,4,252.26,745.93
NG043,Surfer Boat,Warri-Bonny,May,44.26,Diesel,Calm,87.98,0.5030688792907478,0.011366219595362582,5,639.99,1727.3
NG043,Surfer Boat,Lagos-Apapa,June,26.44,Diesel,Calm,74.41,0.35532858486762536,0.013439053890606102,6,312.74,804.45
NG043,Surfer Boat,Warri-Bonny,July,174.74,Diesel,Stormy,74.19,2.3553039493193153,0.013478905512872355,7,3080.41,8903.26
NG043,Surfer Boat,Port Harcourt-Lagos,August,81.98,Diesel,Moderate,77.44,1.0586260330578514,0.012913223140495868,8,1326.33,3652.42
NG043,Surfer Boat,Lagos-Apapa,September,85.8,Diesel,Calm,82.28,1.0427807486631016,0.012153621779290228,9,1427.89,3714.03
NG043,Surfer Boat,Port Harcourt-Lagos,October,190.75,Diesel,Stormy,73.54,2.5938264889855858,0.013598041881968996,10,3023.68,8467.92
NG043,Surfer Boat,Port Harcourt-Lagos,November,134.05,Diesel,Calm,90.85,1.4755090809025868,0.01100715465052284,11,1980.71,5678.37
NG043,Surfer Boat,Warri-Bonny,December,34.25,Diesel,Calm,70.79,0.48382539906766486,0.014126289023873428,12,629.43,1639.93
NG044,Fishing Trawler,Escravos-Lagos,January,123.45,Diesel,Stormy,80.13,1.5406214900786224,0.012479720454261826,1,2619.28,6665.2
NG044,Fishing Trawler,Lagos-Apapa,February,136.29,HFO,Stormy,72.15,1.8889812889812887,0.01386001386001386,2,3942.38,9986.38
NG044,Fishing Trawler,Warri-Bonny,March,151.68,Diesel,Stormy,92.66,1.6369522987265273,0.010792143319663286,3,4103.79,12241.61
NG044,Fishing Trawler,Lagos-Apapa,April,146.62,Diesel,Stormy,78.8,1.8606598984771574,0.012690355329949238,4,4124.0,12337.96
NG044,Fishing Trawler,Lagos-Apapa,May,156.44,HFO,Stormy,84.18,1.8583986695177,0.011879306248515086,5,3412.2,10231.35
NG044,Fishing Trawler,Lagos-Apapa,June,166.63,HFO,Calm,83.51,1.995329900610705,0.011974613818704346,6,3748.78,9918.27
NG044,Fishing Trawler,Escravos-Lagos,July,187.79,Diesel,Moderate,71.37,2.631217598430713,0.014011489421325485,7,4245.03,11699.5
NG044,Fishing Trawler,Port Harcourt-Lagos,August,172.54,HFO,Stormy,74.65,2.311319490957803,0.013395847287340923,8,3451.72,10178.28
NG044,Fishing Trawler,Port Harcourt-Lagos,September,51.37,Diesel,Calm,82.74,0.6208605269518975,0.012086052695189751,9,1038.45,3113.19
NG044,Fishing Trawler,Warri-Bonny,October,159.31,HFO,Stormy,91.25,1.7458630136986302,0.010958904109589041,10,4181.46,11970.84
NG044,Fishing Trawler,Port Harcourt-Lagos,November,100.03,Diesel,Stormy,81.29,1.2305326608438922,0.01230163611760364,11,2694.5,7992.36
NG044,Fishing Trawler,Escravos-Lagos,December,124.4,HFO,Moderate,81.96,1.5178135675939484,0.012201073694485115,12,2885.75,7981.61
NG045,Oil Service Boat,Escravos-Lagos,January,125.96,Diesel,Stormy,78.68,1.6009150991357395,0.012709710218607015,1,3352.07,9583.99
NG045,Oil Service Boat,Lagos-Apapa,February,23.49,Diesel,Moderate,83.47,0.28141847370312684,0.011980352222355337,2,655.28,1678.26
NG045,Oil Service Boat,Escravos-Lagos,March,72.74,HFO,Calm,88.54,0.8215495821097808,0.011294330246216398,3,1916.45,5363.91
NG045,Oil Service Boat,Port Harcourt-Lagos,April,81.24,Diesel,Calm,75.91,1.0702147279673297,0.013173494928204453,4,2797.59,8204.48
NG045,Oil Service Boat,Escravos-Lagos,May,46.28,Diesel,Stormy,79.85,0.5795867251095805,0.012523481527864748,5,1318.21,3838.83
NG045,Oil Service Boat,Escravos-Lagos,June,63.33,HFO,Stormy,75.03,0.8440623750499799,0.013328002132480341,6,1904.91,5015.38
NG045,Oil Service Boat,Lagos-Apapa,July,118.26,Diesel,Moderate,86.78,1.3627563954828301,0.011523392486748099,7,3890.65,10833.21
NG045,Oil Service Boat,Port Harcourt-Lagos,August,120.63,HFO,Stormy,72.32,1.6680033185840708,0.013827433628318585,8,3536.52,8867.73
NG045,Oil Service Boat,Port Harcourt-Lagos,September,22.89,Diesel,Stormy,81.46,0.2809968082494476,0.012275963663147559,9,678.68,1811.87
NG045,Oil Service Boat,Port Harcourt-Lagos,October,120.7,Diesel,Stormy,85.24,1.416001877053027,0.011731581417175035,10,3333.73,8550.45
NG045,Oil Service Boat,Lagos-Apapa,November,79.61,Diesel,Stormy,89.58,0.8887028354543425,0.011163206072784104,11,2462.39,6313.03
NG045,Oil Service Boat,Warri-Bonny,December,44.43,Diesel,Calm,74.45,0.5967763599731363,0.013431833445265278,12,1128.39,3336.41
NG046,Oil Service Boat,Escravos-Lagos,January,62.94,HFO,Moderate,80.19,0.7848858959970071,0.012470382840753212,1,2119.65,5386.4
NG046,Oil Service Boat,Escravos-Lagos,February,114.25,HFO,Calm,91.73,1.245503106944293,0.010901558922925977,2,2914.95,7814.65
NG046,Oil Service Boat,Lagos-Apapa,March,117.37,Diesel,Stormy,87.14,1.3469130135414276,0.011475786091347258,3,3167.84,8097.2
NG046,Oil Service Boat,Port Harcourt-Lagos,April,96.98,HFO,Moderate,91.53,1.0595433191303398,0.010925379656943079,4,3052.61,8055.57
NG046,Oil Service Boat,Port Harcourt-Lagos,May,60.5,Diesel,Calm,82.93,0.7295309296997468,0.012058362474375979,5,1626.9,4470.35
NG046,Oil Service Boat,Lagos-Apapa,June,32.84,HFO,Calm,70.84,0.46357989836250707,0.01411631846414455,6,858.54,2240.29
NG046,Oil Service Boat,Port Harcourt-Lagos,July,58.81,Diesel,Stormy,91.68,0.6414703315881326,0.010907504363001745,7,1499.56,3904.85
NG046,Oil Service Boat,Port Harcourt-Lagos,August,141.59,Diesel,Moderate,84.19,1.6817911866017343,0.01187789523696401,8,4273.6,12172.4
NG046,Oil Service Boat,Escravos-Lagos,September,107.64,HFO,Moderate,92.58,1.1626701231367467,0.01080146899978397,9,3721.46,9594.88
NG046,Oil Service Boat,Lagos-Apapa,October,102.83,Diesel,Calm,79.47,1.2939474015351704,0.012583364791745313,10,3478.06,9386.55
NG046,Oil Service Boat,Lagos-Apapa,November,109.78,Diesel,Calm,85.97,1.2769570780504829,0.011631964638827498,11,2860.52,7247.64
NG046,Oil Service Boat,Lagos-Apapa,December,99.0,Diesel,Stormy,80.59,1.228440253133143,0.012408487405385284,12,3035.46,8017.01
NG047,Surfer Boat,Lagos-Apapa,January,124.39,Diesel,Calm,76.43,1.6275022896768283,0.013083867591259976,1,1353.44,3934.06
NG047,Surfer Boat,Lagos-Apapa,February,35.49,Diesel,Calm,85.55,0.4148451198129749,0.011689070718877849,2,612.51,1697.79
NG047,Surfer Boat,Lagos-Apapa,March,29.82,Diesel,Calm,90.36,0.3300132802124834,0.011066843736166445,3,352.36,897.01
NG047,Surfer Boat,Warri-Bonny,April,22.93,Diesel,Calm,82.63,0.27750211787486384,0.012102142079148009,4,437.88,1266.95
NG047,Surfer Boat,Lagos-Apapa,May,106.39,Diesel,Stormy,83.92,1.2677550047664443,0.011916110581506196,5,2026.55,5365.64
NG047,Surfer Boat,Port Harcourt-Lagos,June,41.39,Diesel,Stormy,91.94,0.4501849031977377,0.010876658690450293,6,572.71,1473.82
NG047,Surfer Boat,Port Harcourt-Lagos,July,169.27,Diesel,Moderate,74.52,2.2714707461084274,0.013419216317767043,7,2687.83,7800.58
NG047,Surfer Boat,Warri-Bonny,August,26.02,Diesel,Calm,75.74,0.34354370213889623,0.01320306311064167,8,408.74,1049.73
NG047,Surfer Boat,Lagos-Apapa,September,75.76,Diesel,Stormy,84.86,0.8927645533820411,0.011784115012962526,9,1505.24,4327.57
NG047,Surfer Boat,Lagos-Apapa,October,168.63,Diesel,Moderate,82.94,2.03315649867374,0.012056908608632746,10,1764.66,4859.44
NG047,Surfer Boat,Lagos-Apapa,November,110.94,Diesel,Moderate,75.44,1.4705726405090138,0.013255567338282079,11,1144.24,2961.8
NG047,Surfer Boat,Lagos-Apapa,December,122.78,Diesel,Moderate,80.26,1.5297782207824568,0.012459506603538499,12,1871.41,4992.98
NG048,Tanker Ship,Warri-Bonny,January,433.21,Diesel,Stormy,88.87,4.87464836277709,0.011252391133115786,1,15172.55,45417.79
NG048,Tanker Ship,Port Harcourt-Lagos,February,334.98,HFO,Calm,90.46,3.703073181516693,0.011054609772275039,2,14100.25,40795.77
NG048,Tanker Ship,Escravos-Lagos,March,481.76,HFO,Moderate,75.13,6.41235192333289,0.01331026221216558,3,16009.22,44269.24
NG048,Tanker Ship,Escravos-Lagos,April,402.08,HFO,Stormy,91.76,4.381865736704446,0.010897994768962511,4,17909.58,47861.11
NG048,Tanker Ship,Lagos-Apapa,May,297.05,Diesel,Moderate,85.4,3.4783372365339575,0.011709601873536299,5,13543.26,38499.82
NG048,Tanker Ship,Escravos-Lagos,June,443.05,Diesel,Moderate,89.42,4.954708118989041,0.011183180496533213,6,13801.94,40601.21
NG048,Tanker Ship,Lagos-Apapa,July,487.89,HFO,Calm,76.15,6.406959947472094,0.013131976362442547,7,23503.71,65937.46
NG048,Tanker Ship,Lagos-Apapa,August,95.46,Diesel,Stormy,71.27,1.3394134979654833,0.014031149151115477,8,3358.81,8903.85
NG048,Tanker Ship,Escravos-Lagos,September,91.92,HFO,Calm,85.46,1.075590919728528,0.011701380762930027,9,4244.55,11296.56
NG048,Tanker Ship,Escravos-Lagos,October,419.53,Diesel,Calm,75.05,5.590006662225183,0.013324450366422385,10,12720.58,33561.64
NG048,Tanker Ship,Port Harcourt-Lagos,November,145.54,Diesel,Moderate,81.18,1.7928061098792805,0.012318305001231829,11,5843.19,16006.77
NG048,Tanker Ship,Escravos-Lagos,December,413.22,HFO,Moderate,91.25,4.528438356164384,0.010958904109589041,12,14730.75,42563.58
NG049,Tanker Ship,Escravos-Lagos,January,451.7,HFO,Stormy,91.18,4.9539372669445045,0.010967317394165387,1,21835.94,61933.63
NG049,Tanker Ship,Warri-Bonny,February,85.88,HFO,Moderate,71.33,1.203981494462358,0.014019346698443853,2,2728.01,7575.29
NG049,Tanker Ship,Port Harcourt-Lagos,March,413.41,Diesel,Moderate,77.7,5.320592020592021,0.01287001287001287,3,19194.3,53716.18
NG049,Tanker Ship,Port Harcourt-Lagos,April,401.31,Diesel,Stormy,74.27,5.403393025447691,0.013464386697185944,4,19032.25,55048.07
NG049,Tanker Ship,Warri-Bonny,May,90.09,HFO,Calm,78.3,1.1505747126436783,0.01277139208173691,5,2930.86,7968.39
NG049,Tanker Ship,Port Harcourt-Lagos,June,443.98,Diesel,Calm,73.5,6.040544217687075,0.013605442176870748,6,13504.73,38941.72
NG049,Tanker Ship,Port Harcourt-Lagos,July,209.07,Diesel,Calm,88.15,2.3717526942711284,0.011344299489506523,7,9944.51,26241.03
NG049,Tanker Ship,Warri-Bonny,August,257.09,Diesel,Stormy,86.41,2.975234347876403,0.01157273463719477,8,8598.75,24969.95
NG049,Tanker Ship,Port Harcourt-Lagos,September,300.22,Diesel,Stormy,83.63,3.589860098050939,0.011957431543704412,9,13775.8,35682.56
NG049,Tanker Ship,Lagos-Apapa,October,81.86,HFO,Moderate,81.01,1.0104925317861992,0.012344155042587334,10,4027.22,10125.46
NG049,Tanker Ship,Port Harcourt-Lagos,November,139.61,Diesel,Stormy,77.59,1.7993298105425959,0.012888258796236628,11,4590.63,11948.32
NG049,Tanker Ship,Escravos-Lagos,December,183.15,Diesel,Moderate,89.37,2.0493454179254784,0.011189437171310282,12,7411.36,21680.99
NG050,Fishing Trawler,Port Harcourt-Lagos,January,160.56,HFO,Calm,82.24,1.9523346303501947,0.012159533073929961,1,4203.34,11240.44
NG050,Fishing Trawler,Escravos-Lagos,February,145.81,Diesel,Calm,89.97,1.620651328220518,0.011114816049794377,2,3554.61,10091.05
NG050,Fishing Trawler,Port Harcourt-Lagos,March,96.41,HFO,Stormy,91.61,1.0523960266346468,0.010915838882218098,3,2565.55,7686.2
NG050,Fishing Trawler,Lagos-Apapa,April,158.06,HFO,Stormy,83.93,1.8832360300250208,0.011914690813773382,4,3836.06,9897.85
NG050,Fishing Trawler,Warri-Bonny,May,53.29,HFO,Calm,71.48,0.7455232232792389,0.013989927252378288,5,1455.54,4011.96
NG050,Fishing Trawler,Lagos-Apapa,June,85.31,Diesel,Stormy,72.96,1.1692708333333335,0.013706140350877194,6,2385.13,7127.32
NG050,Fishing Trawler,Port Harcourt-Lagos,July,165.1,HFO,Calm,84.45,1.955002960331557,0.011841326228537596,7,3508.25,9746.6
NG050,Fishing Trawler,Lagos-Apapa,August,101.36,Diesel,Stormy,77.68,1.3048403707518021,0.012873326467559216,8,2151.83,6169.19
NG050,Fishing Trawler,Lagos-Apapa,September,153.14,Diesel,Moderate,74.69,2.050341411166153,0.013388673182487616,9,3213.34,8227.6
NG050,Fishing Trawler,Lagos-Apapa,October,120.46,HFO,Stormy,90.81,1.3265058914216494,0.011012003083360863,10,3542.26,9685.05
NG050,Fishing Trawler,Port Harcourt-Lagos,November,181.21,HFO,Calm,88.54,2.046645583916874,0.011294330246216398,11,4691.84,13517.44
NG050,Fishing Trawler,Warri-Bonny,December,120.73,HFO,Stormy,88.49,1.3643349531020454,0.011300711944852526,12,3161.19,9010.21
NG051,Surfer Boat,Escravos-Lagos,January,182.3,Diesel,Stormy,73.37,2.484666757530326,0.01362954886193267,1,2650.17,7334.88
NG051,Surfer Boat,Lagos-Apapa,February,129.98,Diesel,Stormy,82.94,1.5671569809500843,0.012056908608632746,2,1917.92,5371.97
NG051,Surfer Boat,Port Harcourt-Lagos,March,70.79,Diesel,Stormy,73.47,0.9635225262011706,0.013610997686130393,3,871.22,2491.73
NG051,Surfer Boat,Port Harcourt-Lagos,April,61.06,Diesel,Calm,70.52,0.8658536585365855,0.014180374361883154,4,755.94,2206.09
NG051,Surfer Boat,Lagos-Apapa,May,88.17,Diesel,Moderate,74.24,1.187634698275862,0.013469827586206897,5,1750.14,4551.95
NG051,Surfer Boat,Escravos-Lagos,June,139.53,Diesel,Moderate,93.28,1.4958190394511148,0.01072041166380789,6,2780.32,7093.72
NG051,Surfer Boat,Warri-Bonny,July,165.59,Diesel,Stormy,88.81,1.8645422812746313,0.011259993244004052,7,2514.88,6860.45
NG051,Surfer Boat,Port Harcourt-Lagos,August,132.09,Diesel,Calm,72.72,1.8164191419141915,0.013751375137513752,8,1872.96,5423.28
NG051,Surfer Boat,Escravos-Lagos,September,100.0,Diesel,Moderate,80.65,1.2399256044637321,0.01239925604463732,9,1225.43,3500.14
NG051,Surfer Boat,Port Harcourt-Lagos,October,136.08,Diesel,Stormy,81.38,1.6721553207176212,0.012288031457360531,10,1538.11,4279.11
NG051,Surfer Boat,Port Harcourt-Lagos,November,124.83,Diesel,Stormy,82.66,1.5101621098475684,0.012097749818533753,11,2052.79,5136.2
NG051,Surfer Boat,Escravos-Lagos,December,118.09,Diesel,Moderate,81.76,1.4443493150684932,0.01223091976516634,12,2114.48,5582.31
NG052,Oil Service Boat,Lagos-Apapa,January,117.25,Diesel,Calm,75.07,1.5618755827893966,0.013320900492873319,1,4035.73,10789.16
NG052,Oil Service Boat,Warri-Bonny,February,57.99,HFO,Moderate,87.62,0.661835197443506,0.011412919424788861,2,1727.74,4956.75
NG052,Oil Service Boat,Escravos-Lagos,March,131.32,Diesel,Calm,70.47,1.8634880090818788,0.014190435646374344,3,3516.32,9940.64
NG052,Oil Service Boat,Port Harcourt-Lagos,April,148.86,HFO,Calm,86.05,1.7299244625217898,0.011621150493898896,4,4872.04,13596.33
NG052,Oil Service Boat,Escravos-Lagos,May,52.62,HFO,Stormy,86.25,0.610086956521739,0.011594202898550725,5,1548.95,4073.05
NG052,Oil Service Boat,Escravos-Lagos,June,69.74,Diesel,Moderate,86.93,0.8022546876797422,0.011503508570113884,6,1801.47,4846.78
NG052,Oil Service Boat,Escravos-Lagos,July,82.64,Diesel,Moderate,86.02,0.9607068123692165,0.011625203441060218,7,2670.49,7601.85
NG052,Oil Service Boat,Escravos-Lagos,August,132.53,HFO,Moderate,75.84,1.7474947257383966,0.013185654008438817,8,3738.63,10058.38
NG052,Oil Service Boat,Warri-Bonny,September,126.28,Diesel,Stormy,87.18,1.4484973617802248,0.011470520761642579,9,4212.75,11431.87
NG052,Oil Service Boat,Escravos-Lagos,October,117.94,Diesel,Calm,93.67,1.2591010996049963,0.010675776662752216,10,4079.83,11532.93
NG052,Oil Service Boat,Escravos-Lagos,November,139.85,Diesel,Calm,82.81,1.6888056997947107,0.012075836251660426,11,4758.11,13826.21
NG052,Oil Service Boat,Escravos-Lagos,December,134.09,Diesel,Stormy,78.91,1.6992776580914968,0.012672665061462427,12,3377.0,9590.71
NG053,Tanker Ship,Lagos-Apapa,January,434.8,Diesel,Moderate,78.4,5.545918367346938,0.012755102040816325,1,13682.6,39574.56
NG053,Tanker Ship,Warri-Bonny,February,493.98,HFO,Moderate,91.82,5.379873665868003,0.010890873448050535,2,17248.46,51357.1
NG053,Tanker Ship,Port Harcourt-Lagos,March,287.51,Diesel,Stormy,83.31,3.451086304165166,0.012003360941063497,3,14141.03,39260.12
NG053,Tanker Ship,Warri-Bonny,April,224.96,HFO,Calm,74.07,3.0371270419873095,0.013500742540839748,4,9109.99,27050.44
NG053,Tanker Ship,Lagos-Apapa,May,434.88,Diesel,Moderate,87.11,4.992308575364482,0.011479738261967628,5,13764.69,40318.82
NG053,Tanker Ship,Port Harcourt-Lagos,June,138.94,HFO,Calm,88.16,1.5759981851179674,0.011343012704174229,6,4454.43,11220.52
NG053,Tanker Ship,Lagos-Apapa,July,193.37,HFO,Stormy,93.88,2.059757136770345,0.010651896037494675,7,6895.02,19414.13
NG053,Tanker Ship,Lagos-Apapa,August,326.34,HFO,Calm,80.4,4.058955223880597,0.01243781094527363,8,14574.57,40746.4
NG053,Tanker Ship,Escravos-Lagos,September,374.57,HFO,Stormy,83.39,4.491785585801654,0.01199184554502938,9,11386.25,32663.58
NG053,Tanker Ship,Lagos-Apapa,October,117.33,HFO,Moderate,91.01,1.2891989891220743,0.010987803538072738,10,4173.5,11362.99
NG053,Tanker Ship,Port Harcourt-Lagos,November,251.01,HFO,Calm,94.49,2.6564715842946343,0.010583130489998942,11,8589.47,23209.19
NG053,Tanker Ship,Warri-Bonny,December,285.5,Diesel,Moderate,90.37,3.1592342591567997,0.011065619121389841,12,9683.63,25615.45
NG054,Tanker Ship,Lagos-Apapa,January,402.44,HFO,Calm,87.32,4.60879523591388,0.011452130096197893,1,13962.38,37037.29
NG054,Tanker Ship,Warri-Bonny,February,169.3,HFO,Moderate,79.54,2.1284888106613025,0.012572290671360321,2,6503.01,19384.69
NG054,Tanker Ship,Lagos-Apapa,March,279.76,HFO,Calm,72.53,3.857162553426168,0.013787398317937405,3,13501.1,40337.51
NG054,Tanker Ship,Warri-Bonny,April,174.35,HFO,Calm,72.44,2.406819436775262,0.013804527885146328,4,6670.92,16792.02
NG054,Tanker Ship,Lagos-Apapa,May,127.34,Diesel,Moderate,75.52,1.6861758474576272,0.013241525423728815,5,3856.51,10434.4
NG054,Tanker Ship,Escravos-Lagos,June,218.85,HFO,Calm,87.04,2.514361213235294,0.011488970588235293,6,9360.73,27626.8
NG054,Tanker Ship,Escravos-Lagos,July,418.62,HFO,Stormy,91.1,4.595170142700329,0.010976948408342482,7,19172.66,56103.96
NG054,Tanker Ship,Lagos-Apapa,August,159.07,Diesel,Moderate,79.55,1.9996228786926462,0.01257071024512885,8,5637.4,16289.73
NG054,Tanker Ship,Port Harcourt-Lagos,September,79.53,HFO,Calm,92.41,0.8606211448977383,0.010821339681852614,9,2701.42,7855.34
NG054,Tanker Ship,Port Harcourt-Lagos,October,283.93,HFO,Stormy,83.68,3.393044933078394,0.011950286806883365,10,13832.06,36135.41
NG054,Tanker Ship,Lagos-Apapa,November,139.19,HFO,Calm,89.53,1.5546744108120183,0.011169440411035406,11,6112.16,16349.62
NG054,Tanker Ship,Warri-Bonny,December,63.6,HFO,Calm,75.49,0.8424956947940125,0.013246787653993907,12,2098.8,5420.59
NG055,Tanker Ship,Escravos-Lagos,January,286.01,HFO,Calm,77.97,3.668205720148775,0.012825445684237527,1,13420.92,40100.19
NG055,Tanker Ship,Escravos-Lagos,February,364.82,HFO,Stormy,73.31,4.976401582321648,0.013640703860319191,2,13885.16,41315.89
NG055,Tanker Ship,Port Harcourt-Lagos,March,168.57,HFO,Moderate,94.92,1.7759165613147914,0.01053518752633797,3,5191.64,13202.25
NG055,Tanker Ship,Warri-Bonny,April,253.53,HFO,Calm,79.68,3.181852409638554,0.01255020080321285,4,9889.18,25637.48
NG055,Tanker Ship,Escravos-Lagos,May,250.18,Diesel,Moderate,74.5,3.358120805369128,0.013422818791946308,5,11627.24,30211.8
NG055,Tanker Ship,Warri-Bonny,June,191.37,HFO,Calm,85.43,2.2400795973311483,0.011705489874751257,6,6412.64,18984.6
NG055,Tanker Ship,Port Harcourt-Lagos,July,456.34,HFO,Calm,85.45,5.340433001755412,0.011702750146284377,7,18595.22,49825.97
NG055,Tanker Ship,Warri-Bonny,August,66.22,HFO,Stormy,92.61,0.7150415721844293,0.010797969981643452,8,2758.18,7983.81
NG055,Tanker Ship,Port Harcourt-Lagos,September,138.88,Diesel,Stormy,86.58,1.604065604065604,0.01155001155001155,9,4932.72,12768.69
NG055,Tanker Ship,Escravos-Lagos,October,120.66,HFO,Calm,76.78,1.5715029955717634,0.013024225058609012,10,3996.11,10100.81
NG055,Tanker Ship,Warri-Bonny,November,457.29,HFO,Stormy,78.25,5.8439616613418535,0.012779552715654952,11,14416.53,42532.98
NG055,Tanker Ship,Warri-Bonny,December,67.46,Diesel,Stormy,89.79,0.7513086089765006,0.011137097672346585,12,3175.47,8991.25
NG056,Fishing Trawler,Escravos-Lagos,January,173.27,Diesel,Calm,76.02,2.2792686135227576,0.013154433043935806,1,4341.81,11995.81
NG056,Fishing Trawler,Escravos-Lagos,February,97.98,HFO,Calm,78.52,1.2478349465104432,0.01273560876209883,2,2248.57,5625.59
NG056,Fishing Trawler,Warri-Bonny,March,112.19,HFO,Calm,87.54,1.2815855608864517,0.011423349326022389,3,3093.48,7988.4
NG056,Fishing Trawler,Escravos-Lagos,April,112.4,Diesel,Stormy,75.95,1.4799210006583279,0.013166556945358789,4,2974.88,8010.68
NG056,Fishing Trawler,Port Harcourt-Lagos,May,91.87,Diesel,Moderate,70.14,1.3098089535215285,0.014257199885942401,5,2250.57,6657.04
NG056,Fishing Trawler,Warri-Bonny,June,178.59,HFO,Stormy,72.1,2.476976421636616,0.013869625520110958,6,3882.91,10775.76
NG056,Fishing Trawler,Lagos-Apapa,July,184.79,HFO,Stormy,89.82,2.0573368960142506,0.011133377866844802,7,5163.82,13175.79
NG056,Fishing Trawler,Lagos-Apapa,August,81.6,Diesel,Calm,76.18,1.0711472827513782,0.013126804935678655,8,2353.03,5982.03
NG056,Fishing Trawler,Escravos-Lagos,September,101.55,HFO,Moderate,84.2,1.2060570071258907,0.011876484560570071,9,2443.92,6923.01
NG056,Fishing Trawler,Escravos-Lagos,October,142.41,HFO,Stormy,83.42,1.7071445696475664,0.011987532965715655,10,3607.98,10768.33
NG056,Fishing Trawler,Lagos-Apapa,November,97.76,Diesel,Stormy,93.69,1.0434411356601558,0.010673497705197994,11,2644.36,6634.58
NG056,Fishing Trawler,Port Harcourt-Lagos,December,160.06,Diesel,Calm,88.7,1.804509582863585,0.011273957158962795,12,4437.32,11743.66
NG057,Oil Service Boat,Lagos-Apapa,January,72.72,HFO,Moderate,87.7,0.8291904218928163,0.011402508551881414,1,2098.9,5944.84
NG057,Oil Service Boat,Port Harcourt-Lagos,February,21.93,Diesel,Stormy,93.46,0.23464583779156858,0.010699764605178687,2,665.79,1771.04
NG057,Oil Service Boat,Port Harcourt-Lagos,March,117.74,Diesel,Stormy,72.19,1.6309738190885164,0.013852334118298934,3,4111.73,11613.92
NG057,Oil Service Boat,Escravos-Lagos,April,64.46,HFO,Calm,70.44,0.9151050539466212,0.014196479273140262,4,2118.55,5904.72
NG057,Oil Service Boat,Lagos-Apapa,May,120.9,Diesel,Moderate,77.1,1.568093385214008,0.01297016861219196,5,3209.1,8107.34
NG057,Oil Service Boat,Lagos-Apapa,June,79.01,HFO,Stormy,87.26,0.9054549621819848,0.011460004584001832,6,2755.38,7174.98
NG057,Oil Service Boat,Port Harcourt-Lagos,July,147.71,Diesel,Stormy,89.82,1.6445112447116457,0.011133377866844802,7,4574.29,13423.68
NG057,Oil Service Boat,Lagos-Apapa,August,60.84,Diesel,Moderate,90.3,0.6737541528239204,0.01107419712070875,8,1942.05,4955.71
NG057,Oil Service Boat,Lagos-Apapa,September,115.48,HFO,Moderate,81.0,1.425679012345679,0.012345679012345678,9,3287.17,8618.39
NG057,Oil Service Boat,Escravos-Lagos,October,44.58,HFO,Moderate,76.26,0.5845790715971675,0.013113034356150011,10,1370.41,3749.05
NG057,Oil Service Boat,Escravos-Lagos,November,146.63,HFO,Stormy,70.06,2.0929203539823007,0.014273479874393376,11,4626.98,12024.59
NG057,Oil Service Boat,Port Harcourt-Lagos,December,103.74,HFO,Calm,90.56,1.1455388692579505,0.011042402826855124,12,3127.65,8922.49
NG058,Tanker Ship,Port Harcourt-Lagos,January,387.52,HFO,Calm,86.42,4.4841471881508905,0.011571395510298541,1,14486.79,37586.79
NG058,Tanker Ship,Lagos-Apapa,February,378.23,HFO,Calm,80.27,4.711972094182136,0.012457954403886883,2,13843.23,40190.45
NG058,Tanker Ship,Escravos-Lagos,March,381.22,HFO,Moderate,81.6,4.671813725490197,0.012254901960784315,3,12597.57,37312.66
NG058,Tanker Ship,Escravos-Lagos,April,457.94,HFO,Moderate,88.93,5.149443382435623,0.011244799280332845,4,18046.55,45132.58
NG058,Tanker Ship,Escravos-Lagos,May,417.58,Diesel,Moderate,79.37,5.261181806727983,0.012599218848431397,5,13078.19,36009.0
NG058,Tanker Ship,Port Harcourt-Lagos,June,88.81,HFO,Calm,77.95,1.139320076972418,0.012828736369467606,6,3714.52,9527.72
NG058,Tanker Ship,Port Harcourt-Lagos,July,475.28,Diesel,Calm,85.98,5.527797162130727,0.01163061177017911,7,15801.3,45995.69
NG058,Tanker Ship,Warri-Bonny,August,210.7,Diesel,Calm,89.24,2.3610488570147914,0.01120573733751681,8,8108.79,23994.94
NG058,Tanker Ship,Lagos-Apapa,September,386.46,HFO,Stormy,91.38,4.229152987524622,0.01094331363536879,9,11956.85,30683.14
NG058,Tanker Ship,Port Harcourt-Lagos,October,211.36,Diesel,Calm,76.78,2.752800208387601,0.013024225058609012,10,9680.84,28706.51
NG058,Tanker Ship,Lagos-Apapa,November,108.32,HFO,Calm,85.79,1.2626180207483388,0.011656370206317752,11,4487.57,12224.09
NG058,Tanker Ship,Escravos-Lagos,December,203.07,HFO,Calm,88.81,2.286566828059903,0.011259993244004052,12,8928.86,26437.97
NG059,Oil Service Boat,Escravos-Lagos,January,66.44,Diesel,Calm,93.47,0.7108163046966941,0.010698619878035734,1,1903.38,5046.12
NG059,Oil Service Boat,Port Harcourt-Lagos,February,51.1,Diesel,Moderate,89.31,0.5721643712910088,0.011196954428395476,2,1392.83,3758.91
NG059,Oil Service Boat,Warri-Bonny,March,129.13,Diesel,Moderate,72.01,1.7932231634495208,0.013886960144424384,3,4322.62,11474.45
NG059,Oil Service Boat,Escravos-Lagos,April,144.33,Diesel,Stormy,88.69,1.6273537039125043,0.011275228323373548,4,3703.32,9759.94
NG059,Oil Service Boat,Warri-Bonny,May,85.67,HFO,Stormy,86.48,0.9906336725254394,0.01156336725254394,5,2941.9,7550.27
NG059,Oil Service Boat,Port Harcourt-Lagos,June,37.39,HFO,Calm,88.88,0.42067956795679573,0.011251125112511251,6,1192.25,3220.08
NG059,Oil Service Boat,Escravos-Lagos,July,140.94,HFO,Calm,94.28,1.4949087823504454,0.010606703436571913,7,3689.47,9466.76
NG059,Oil Service Boat,Warri-Bonny,August,137.41,Diesel,Calm,83.64,1.6428742228598756,0.011956001912960305,8,4274.53,11420.42
NG059,Oil Service Boat,Escravos-Lagos,September,91.91,HFO,Stormy,75.59,1.2159015742823123,0.013229263130043656,9,3005.05,8115.14
NG059,Oil Service Boat,Port Harcourt-Lagos,October,93.79,HFO,Stormy,81.44,1.1516453831041258,0.012278978388998036,10,2847.1,7516.78
NG059,Oil Service Boat,Warri-Bonny,November,130.52,HFO,Calm,83.32,1.5664906385021606,0.012001920307249161,11,4339.71,11218.4
NG059,Oil Service Boat,Warri-Bonny,December,32.68,Diesel,Stormy,72.05,0.4535739070090215,0.013879250520471896,12,1098.22,2987.4
NG060,Tanker Ship,Lagos-Apapa,January,278.0,Diesel,Stormy,76.65,3.6268754076973253,0.01304631441617743,1,13816.93,35370.58
NG060,Tanker Ship,Lagos-Apapa,February,279.03,Diesel,Calm,70.37,3.9651840272843533,0.014210601108426885,2,10816.47,29268.62
NG060,Tanker Ship,Warri-Bonny,March,98.2,Diesel,Moderate,74.77,1.3133609736525345,0.013374348000534974,3,4409.87,11497.09
NG060,Tanker Ship,Port Harcourt-Lagos,April,350.86,HFO,Calm,90.15,3.8919578480310593,0.011092623405435384,4,13849.88,39517.06
NG060,Tanker Ship,Port Harcourt-Lagos,May,408.83,HFO,Stormy,85.14,4.801855766972046,0.011745360582569885,5,16174.79,41269.87
NG060,Tanker Ship,Escravos-Lagos,June,295.22,Diesel,Moderate,81.96,3.602000976085896,0.012201073694485115,6,14171.09,40731.23
NG060,Tanker Ship,Lagos-Apapa,July,310.7,HFO,Calm,85.76,3.6229011194029845,0.011660447761194029,7,12785.33,36784.5
NG060,Tanker Ship,Lagos-Apapa,August,76.82,HFO,Stormy,89.45,0.8588038010061486,0.011179429849077696,8,2502.6,7335.02
NG060,Tanker Ship,Port Harcourt-Lagos,September,231.83,HFO,Stormy,83.15,2.7880938063740226,0.012026458208057726,9,10882.43,31739.85
NG060,Tanker Ship,Lagos-Apapa,October,426.27,Diesel,Moderate,73.1,5.8313269493844055,0.013679890560875515,10,20350.8,54487.42
NG060,Tanker Ship,Port Harcourt-Lagos,November,275.37,HFO,Moderate,83.5,3.2978443113772458,0.011976047904191617,11,11143.81,31104.77
NG060,Tanker Ship,Port Harcourt-Lagos,December,247.87,HFO,Calm,84.14,2.9459234608985025,0.01188495364868077,12,10227.59,28654.47
NG061,Surfer Boat,Warri-Bonny,January,192.09,Diesel,Moderate,86.35,2.224551244933411,0.011580775911986104,1,2258.04,6148.88
NG061,Surfer Boat,Port Harcourt-Lagos,February,85.79,Diesel,Calm,79.8,1.0750626566416042,0.012531328320802006,2,1305.12,3866.14
NG061,Surfer Boat,Port Harcourt-Lagos,March,163.91,Diesel,Stormy,94.8,1.7290084388185654,0.010548523206751054,3,1990.36,5703.61
NG061,Surfer Boat,Port Harcourt-Lagos,April,170.92,Diesel,Calm,88.94,1.9217449966269393,0.01124353496739375,4,2272.34,6300.04
NG061,Surfer Boat,Lagos-Apapa,May,55.2,Diesel,Moderate,92.13,0.5991533702377076,0.010854227721697602,5,1103.69,2907.08
NG061,Surfer Boat,Port Harcourt-Lagos,June,64.39,Diesel,Stormy,70.39,0.9147606194061656,0.014206563432305724,6,742.66,1940.84
NG061,Surfer Boat,Escravos-Lagos,July,128.12,Diesel,Stormy,85.74,1.4942850478189877,0.011663167716351761,7,1375.68,3842.61
NG061,Surfer Boat,Lagos-Apapa,August,39.17,Diesel,Calm,75.58,0.5182587986239746,0.013231013495633766,8,763.15,2198.1
NG061,Surfer Boat,Lagos-Apapa,September,162.55,Diesel,Calm,94.07,1.7279685340703734,0.010630381630700543,9,2632.13,7183.86
NG061,Surfer Boat,Warri-Bonny,October,62.78,Diesel,Moderate,75.76,0.8286694825765575,0.013199577613516367,10,745.3,2158.34
NG061,Surfer Boat,Escravos-Lagos,November,184.52,Diesel,Moderate,82.25,2.243404255319149,0.0121580547112462,11,2256.2,6175.96
NG061,Surfer Boat,Escravos-Lagos,December,163.99,Diesel,Stormy,82.89,1.978405115212933,0.012064181445288938,12,2221.77,6218.29
NG062,Tanker Ship,Escravos-Lagos,January,208.76,HFO,Stormy,74.14,2.8157539789587265,0.01348799568384138,1,7039.26,17607.31
NG062,Tanker Ship,Escravos-Lagos,February,451.54,Diesel,Moderate,71.09,6.351666901111267,0.014066676044450695,2,20513.24,60653.68
NG062,Tanker Ship,Lagos-Apapa,March,321.16,Diesel,Stormy,88.05,3.6474730266893816,0.011357183418512209,3,10530.22,28020.52
NG062,Tanker Ship,Escravos-Lagos,April,177.61,Diesel,Calm,94.94,1.8707604803033497,0.010532968190436065,4,8083.66,24036.65
NG062,Tanker Ship,Escravos-Lagos,May,127.79,HFO,Stormy,82.75,1.5442900302114804,0.012084592145015106,5,5253.48,13545.56
NG062,Tanker Ship,Lagos-Apapa,June,85.27,HFO,Calm,75.59,1.1280592670988225,0.013229263130043656,6,3477.69,9129.47
NG062,Tanker Ship,Lagos-Apapa,July,188.37,Diesel,Stormy,78.22,2.408207619534646,0.012784454103809767,7,6798.78,17464.83
NG062,Tanker Ship,Port Harcourt-Lagos,August,90.22,HFO,Moderate,84.18,1.071751009741031,0.011879306248515086,8,2845.95,7872.49
NG062,Tanker Ship,Escravos-Lagos,September,147.16,Diesel,Stormy,81.21,1.8120921068833888,0.012313754463735994,9,4512.41,11389.39
NG062,Tanker Ship,Warri-Bonny,October,162.55,Diesel,Calm,82.94,1.959850494333253,0.012056908608632746,10,6184.42,17801.13
NG062,Tanker Ship,Lagos-Apapa,November,86.03,Diesel,Moderate,76.72,1.1213503649635037,0.013034410844629822,11,2970.62,7707.62
NG062,Tanker Ship,Lagos-Apapa,December,200.04,HFO,Moderate,83.03,2.4092496687944114,0.012043839576056847,12,6352.0,16584.34
NG063,Oil Service Boat,Warri-Bonny,January,93.55,Diesel,Calm,93.84,0.9969096334185847,0.010656436487638534,1,2980.23,7691.72
NG063,Oil Service Boat,Port Harcourt-Lagos,February,80.42,Diesel,Moderate,90.73,0.8863661412983578,0.011021712774165105,2,2590.63,7296.06
NG063,Oil Service Boat,Port Harcourt-Lagos,March,126.21,Diesel,Calm,83.45,1.512402636309167,0.011983223487118035,3,3404.06,9255.25
NG063,Oil Service Boat,Port Harcourt-Lagos,April,107.01,HFO,Stormy,93.09,1.1495327102803738,0.010742292405199269,4,3614.48,10389.58
NG063,Oil Service Boat,Lagos-Apapa,May,32.08,HFO,Calm,82.55,0.3886129618413083,0.012113870381586917,5,1007.7,2863.08
NG063,Oil Service Boat,Lagos-Apapa,June,58.44,HFO,Calm,75.66,0.7724028548770817,0.013217023526301877,6,1517.11,4134.91
NG063,Oil Service Boat,Lagos-Apapa,July,108.7,Diesel,Calm,72.86,1.491902278342026,0.01372495196266813,7,2731.66,7413.18
NG063,Oil Service Boat,Lagos-Apapa,August,92.05,Diesel,Calm,91.75,1.0032697547683924,0.010899182561307902,8,2708.32,7526.28
NG063,Oil Service Boat,Lagos-Apapa,September,134.39,Diesel,Calm,74.46,1.8048616706956755,0.013430029546065002,9,4272.16,12068.8
NG063,Oil Service Boat,Escravos-Lagos,October,72.27,HFO,Stormy,84.36,0.8566856330014224,0.011853959222380275,10,2171.77,5810.14
NG063,Oil Service Boat,Escravos-Lagos,November,26.92,HFO,Stormy,71.43,0.37687246255074897,0.013999720005599887,11,685.56,1910.37
NG063,Oil Service Boat,Port Harcourt-Lagos,December,138.25,Diesel,Stormy,78.25,1.766773162939297,0.012779552715654952,12,3615.95,9364.63
NG064,Fishing Trawler,Lagos-Apapa,January,78.62,Diesel,Moderate,81.61,0.9633623330474207,0.012253400318588408,1,1875.87,5245.43
NG064,Fishing Trawler,Warri-Bonny,February,90.8,Diesel,Stormy,78.45,1.1574251115360101,0.012746972594008922,2,2623.87,7625.49
NG064,Fishing Trawler,Warri-Bonny,March,153.73,HFO,Stormy,79.64,1.9303114013058762,0.012556504269211451,3,3581.94,10606.8
NG064,Fishing Trawler,Lagos-Apapa,April,198.37,Diesel,Moderate,89.98,2.2046010224494332,0.011113580795732384,4,5768.95,15913.58
NG064,Fishing Trawler,Lagos-Apapa,May,150.5,Diesel,Moderate,94.29,1.5961395694135114,0.010605578534309046,5,3702.82,10070.31
NG064,Fishing Trawler,Escravos-Lagos,June,87.32,HFO,Stormy,82.36,1.0602234094220495,0.012141816415735794,6,2444.88,7121.66
NG064,Fishing Trawler,Escravos-Lagos,July,59.02,Diesel,Calm,92.23,0.639921934294698,0.010842459069717012,7,1565.54,4658.66
NG064,Fishing Trawler,Lagos-Apapa,August,172.74,HFO,Moderate,79.14,2.1827141774071266,0.012635835228708618,8,4867.43,14170.83
NG064,Fishing Trawler,Port Harcourt-Lagos,September,137.1,HFO,Stormy,72.02,1.9036378783671202,0.013885031935573453,9,3807.08,9873.86
NG064,Fishing Trawler,Escravos-Lagos,October,95.72,HFO,Calm,72.39,1.3222820831606574,0.01381406271584473,10,2271.69,6185.86
NG064,Fishing Trawler,Port Harcourt-Lagos,November,149.17,Diesel,Stormy,82.13,1.816266893948618,0.012175818823815902,11,3769.23,11057.31
NG064,Fishing Trawler,Warri-Bonny,December,137.18,Diesel,Calm,76.24,1.7993179433368314,0.01311647429171039,12,3876.87,11222.49
NG065,Oil Service Boat,Port Harcourt-Lagos,January,79.42,HFO,Moderate,79.08,1.0042994436014163,0.012645422357106728,1,2402.18,6966.2
NG065,Oil Service Boat,Lagos-Apapa,February,74.61,HFO,Calm,89.67,0.8320508531281364,0.011152001784320286,2,2216.71,6564.02
NG065,Oil Service Boat,Port Harcourt-Lagos,March,41.69,Diesel,Calm,76.4,0.5456806282722513,0.013089005235602092,3,1245.38,3275.58
NG065,Oil Service Boat,Warri-Bonny,April,29.08,Diesel,Stormy,76.41,0.38057845831697423,0.013087292239235703,4,917.91,2701.7
NG065,Oil Service Boat,Escravos-Lagos,May,31.64,HFO,Stormy,92.85,0.34076467420570816,0.010770059235325796,5,943.16,2696.72
NG065,Oil Service Boat,Lagos-Apapa,June,122.99,HFO,Moderate,91.27,1.347540265147365,0.010956502684343158,6,3300.85,8973.53
NG065,Oil Service Boat,Lagos-Apapa,July,130.42,HFO,Moderate,82.92,1.572841292812349,0.012059816690786299,7,3397.2,10054.23
NG065,Oil Service Boat,Escravos-Lagos,August,53.2,Diesel,Stormy,91.95,0.5785753126699293,0.01087547580206634,8,1336.22,3457.76
NG065,Oil Service Boat,Lagos-Apapa,September,56.72,HFO,Calm,79.11,0.7169763620275565,0.012640626975097964,9,1506.11,4458.39
NG065,Oil Service Boat,Port Harcourt-Lagos,October,90.48,HFO,Moderate,81.8,1.106112469437653,0.012224938875305624,10,2428.39,6161.7
NG065,Oil Service Boat,Warri-Bonny,November,88.72,Diesel,Calm,93.75,0.9463466666666667,0.010666666666666666,11,2575.94,6810.96
NG065,Oil Service Boat,Warri-Bonny,December,48.06,HFO,Stormy,74.82,0.6423416198877306,0.013365410318096767,12,1268.97,3381.49
NG066,Tanker Ship,Port Harcourt-Lagos,January,246.31,Diesel,Stormy,74.28,3.3159666128163705,0.013462574044157242,1,9075.4,27076.11
NG066,Tanker Ship,Port Harcourt-Lagos,February,371.2,HFO,Calm,88.88,4.176417641764177,0.011251125112511251,2,14177.46,35725.78
NG066,Tanker Ship,Port Harcourt-Lagos,March,335.33,Diesel,Moderate,82.71,4.054286059726756,0.012090436464756379,3,14643.18,43677.22
NG066,Tanker Ship,Warri-Bonny,April,279.23,HFO,Stormy,81.01,3.4468584125416615,0.012344155042587334,4,13314.4,36572.25
NG066,Tanker Ship,Escravos-Lagos,May,183.82,Diesel,Calm,92.11,1.9956573661925958,0.010856584518510477,5,6757.4,18471.1
NG066,Tanker Ship,Port Harcourt-Lagos,June,210.5,Diesel,Moderate,85.4,2.464871194379391,0.011709601873536299,6,9078.44,24327.86
NG066,Tanker Ship,Warri-Bonny,July,78.31,HFO,Moderate,86.05,0.9100522951772226,0.011621150493898896,7,3474.43,9696.2
NG066,Tanker Ship,Lagos-Apapa,August,120.53,Diesel,Calm,86.69,1.3903564424962511,0.011535355865728458,8,5439.38,15896.12
NG066,Tanker Ship,Escravos-Lagos,September,281.48,Diesel,Moderate,89.85,3.1327768503060662,0.011129660545353368,9,12471.51,36576.82
NG066,Tanker Ship,Lagos-Apapa,October,81.43,Diesel,Calm,84.82,0.9600330110822921,0.011789672247111532,10,3422.84,10229.14
NG066,Tanker Ship,Lagos-Apapa,November,255.63,Diesel,Calm,72.82,3.5104366932161497,0.013732491073880804,11,9468.59,26378.31
NG066,Tanker Ship,Lagos-Apapa,December,211.33,HFO,Moderate,92.05,2.2958174904942967,0.010863661053775123,12,7371.42,19745.66
NG067,Tanker Ship,Lagos-Apapa,January,190.82,HFO,Moderate,85.35,2.235735207967194,0.011716461628588167,1,8316.38,23540.61
NG067,Tanker Ship,Lagos-Apapa,February,498.55,Diesel,Stormy,70.49,7.072634416229253,0.014186409419775855,2,22973.21,62936.17
NG067,Tanker Ship,Port Harcourt-Lagos,March,198.33,Diesel,Calm,83.82,2.366141732283465,0.011930326890956813,3,8256.6,21477.15
NG067,Tanker Ship,Port Harcourt-Lagos,April,324.53,HFO,Calm,80.45,4.033934120571783,0.01243008079552517,4,14161.96,37426.59
NG067,Tanker Ship,Port Harcourt-Lagos,May,129.21,Diesel,Calm,75.55,1.710258107213766,0.013236267372600927,5,4517.46,11641.61
NG067,Tanker Ship,Port Harcourt-Lagos,June,272.63,HFO,Calm,82.59,3.3010049642813897,0.012108003390240948,6,9084.54,23862.6
NG067,Tanker Ship,Lagos-Apapa,July,113.43,Diesel,Moderate,90.64,1.2514342453662843,0.011032656663724626,7,5577.46,14579.23
NG067,Tanker Ship,Lagos-Apapa,August,250.17,HFO,Stormy,82.08,3.0478801169590644,0.012183235867446395,8,8603.08,24892.55
NG067,Tanker Ship,Warri-Bonny,September,329.12,Diesel,Moderate,82.8,3.9748792270531403,0.012077294685990338,9,11706.26,30474.54
NG067,Tanker Ship,Lagos-Apapa,October,265.76,HFO,Calm,81.89,3.2453291000122113,0.012211503236048358,10,10937.44,30785.29
NG067,Tanker Ship,Warri-Bonny,November,250.08,Diesel,Stormy,70.71,3.536699193890539,0.014142271248762552,11,11425.41,34049.14
NG067,Tanker Ship,Port Harcourt-Lagos,December,159.16,HFO,Calm,76.4,2.083246073298429,0.013089005235602092,12,5222.55,14151.48
NG068,Oil Service Boat,Port Harcourt-Lagos,January,57.52,HFO,Calm,84.98,0.6768651447399389,0.011767474699929394,1,1838.16,4611.02
NG068,Oil Service Boat,Port Harcourt-Lagos,February,147.61,HFO,Stormy,71.63,2.0607287449392717,0.013960631020522129,2,3920.05,10662.58
NG068,Oil Service Boat,Escravos-Lagos,March,108.49,Diesel,Calm,91.27,1.1886709762243892,0.010956502684343158,3,2955.2,7438.42
NG068,Oil Service Boat,Escravos-Lagos,April,125.09,HFO,Calm,87.51,1.42943663581305,0.011427265455376527,4,4023.97,11254.39
NG068,Oil Service Boat,Escravos-Lagos,May,44.03,Diesel,Moderate,80.82,0.5447908933432319,0.012373174956693888,5,1352.9,3400.86
NG068,Oil Service Boat,Escravos-Lagos,June,31.18,Diesel,Stormy,70.69,0.4410807752157307,0.014146272457207527,6,949.98,2549.97
NG068,Oil Service Boat,Escravos-Lagos,July,31.89,HFO,Calm,76.52,0.41675378985886047,0.013068478829064298,7,880.25,2222.31
NG068,Oil Service Boat,Lagos-Apapa,August,84.99,Diesel,Calm,87.89,0.9670042098077142,0.011377858686995108,8,2892.34,7374.94
NG068,Oil Service Boat,Port Harcourt-Lagos,September,88.11,HFO,Moderate,94.13,0.9360458939764157,0.010623605651758208,9,3004.24,8352.16
NG068,Oil Service Boat,Warri-Bonny,October,98.19,Diesel,Calm,91.33,1.0751122303733713,0.010949304719150335,10,3131.49,8505.19
NG068,Oil Service Boat,Port Harcourt-Lagos,November,123.85,HFO,Stormy,74.52,1.6619699409554483,0.013419216317767043,11,3671.42,10306.94
NG068,Oil Service Boat,Lagos-Apapa,December,41.09,HFO,Calm,82.52,0.4979398933591857,0.012118274357731459,12,1357.8,3984.31
NG069,Surfer Boat,Lagos-Apapa,January,165.51,Diesel,Stormy,82.7,2.001330108827086,0.012091898428053204,1,3119.81,8715.5
NG069,Surfer Boat,Port Harcourt-Lagos,February,165.79,Diesel,Stormy,93.2,1.778862660944206,0.01072961373390558,2,2852.27,7218.59
NG069,Surfer Boat,Lagos-Apapa,March,71.85,Diesel,Calm,77.55,0.9264990328820115,0.01289490651192779,3,1276.71,3388.89
NG069,Surfer Boat,Port Harcourt-Lagos,April,141.2,Diesel,Stormy,89.11,1.5845584109527548,0.011222085063404781,4,1707.16,4683.36
NG069,Surfer Boat,Port Harcourt-Lagos,May,20.64,Diesel,Moderate,70.5,0.2927659574468085,0.014184397163120567,5,270.4,713.6
NG069,Surfer Boat,Lagos-Apapa,June,27.53,Diesel,Stormy,86.13,0.31963311273656103,0.011610356437942646,6,297.68,843.49
NG069,Surfer Boat,Escravos-Lagos,July,95.68,Diesel,Stormy,88.6,1.0799097065462755,0.011286681715575621,7,1320.09,3867.28
NG069,Surfer Boat,Escravos-Lagos,August,85.63,Diesel,Calm,88.77,0.9646276895347528,0.011265067027148813,8,1555.13,4166.2
NG069,Surfer Boat,Warri-Bonny,September,110.02,Diesel,Moderate,80.45,1.3675574891236792,0.01243008079552517,9,1818.59,4731.38
NG069,Surfer Boat,Lagos-Apapa,October,165.69,Diesel,Calm,85.31,1.9422107607548937,0.01172195522213105,10,1761.27,4664.94
NG069,Surfer Boat,Port Harcourt-Lagos,November,78.78,Diesel,Moderate,90.52,0.8703049049933717,0.01104728236853734,11,1513.47,4513.23
NG069,Surfer Boat,Escravos-Lagos,December,136.85,Diesel,Moderate,82.96,1.6495901639344264,0.012054001928640309,12,2382.83,6377.27
NG070,Oil Service Boat,Port Harcourt-Lagos,January,137.06,Diesel,Moderate,87.27,1.5705282456743441,0.01145869141744013,1,3588.76,9160.85
NG070,Oil Service Boat,Lagos-Apapa,February,34.58,HFO,Stormy,92.96,0.37198795180722893,0.010757314974182445,2,1086.45,2718.32
NG070,Oil Service Boat,Escravos-Lagos,March,132.82,Diesel,Calm,77.77,1.7078564999357078,0.012858428700012858,3,4021.78,11733.33
NG070,Oil Service Boat,Lagos-Apapa,April,55.09,HFO,Moderate,88.8,0.6203828828828829,0.011261261261261262,4,1579.19,4733.11
NG070,Oil Service Boat,Warri-Bonny,May,77.45,Diesel,Calm,94.48,0.8197502116850127,0.010584250635055038,5,2560.93,7024.34
NG070,Oil Service Boat,Port Harcourt-Lagos,June,60.43,Diesel,Calm,80.46,0.75105642555307,0.012428535918468805,6,2068.91,5805.1
NG070,Oil Service Boat,Escravos-Lagos,July,126.19,Diesel,Stormy,74.41,1.695874210455584,0.013439053890606102,7,4131.79,10503.07
NG070,Oil Service Boat,Port Harcourt-Lagos,August,141.8,HFO,Calm,89.94,1.5766066266399823,0.011118523460084502,8,3601.42,9112.05
NG070,Oil Service Boat,Port Harcourt-Lagos,September,56.22,Diesel,Calm,91.87,0.6119516708392293,0.010884946119516709,9,1801.03,5364.51
NG070,Oil Service Boat,Escravos-Lagos,October,111.01,Diesel,Moderate,91.76,1.2097863993025284,0.010897994768962511,10,3355.8,8858.07
NG070,Oil Service Boat,Escravos-Lagos,November,149.31,Diesel,Calm,75.09,1.9884139033160206,0.013317352510320948,11,4963.07,12942.93
NG070,Oil Service Boat,Warri-Bonny,December,123.48,Diesel,Stormy,76.82,1.6073939078365012,0.013017443374121324,12,3532.12,10173.58
NG071,Tanker Ship,Lagos-Apapa,January,385.64,Diesel,Moderate,83.86,4.598616742189363,0.011924636298592892,1,19094.75,49853.81
NG071,Tanker Ship,Port Harcourt-Lagos,February,171.95,Diesel,Stormy,71.05,2.4201266713581986,0.014074595355383534,2,5887.21,17192.42
NG071,Tanker Ship,Escravos-Lagos,March,452.6,Diesel,Calm,85.72,5.279981334577696,0.011665888940737284,3,19738.31,50342.87
NG071,Tanker Ship,Warri-Bonny,April,370.38,HFO,Calm,72.89,5.081355467142269,0.013719303059404582,4,16989.44,49074.12
NG071,Tanker Ship,Lagos-Apapa,May,360.62,HFO,Moderate,71.47,5.045753462991465,0.013991884706870015,5,12561.65,35854.42
NG071,Tanker Ship,Lagos-Apapa,June,189.12,HFO,Stormy,88.21,2.1439746060537357,0.011336583153837435,6,6464.99,17359.35
NG071,Tanker Ship,Escravos-Lagos,July,402.84,Diesel,Calm,72.28,5.573325954620918,0.01383508577753182,7,14899.34,38136.42
NG071,Tanker Ship,Lagos-Apapa,August,213.35,Diesel,Calm,78.52,2.717142129393785,0.01273560876209883,8,10645.0,29499.63
NG071,Tanker Ship,Warri-Bonny,September,396.61,Diesel,Stormy,72.69,5.4561837941945255,0.013757050488375293,9,15355.96,43392.2
NG071,Tanker Ship,Warri-Bonny,October,243.19,HFO,Stormy,89.81,2.707827636120699,0.011134617525887985,10,11846.75,32033.32
NG071,Tanker Ship,Port Harcourt-Lagos,November,439.33,Diesel,Moderate,72.92,6.024821722435545,0.013713658804168952,11,16127.26,40482.95
NG071,Tanker Ship,Warri-Bonny,December,228.19,Diesel,Moderate,79.0,2.888481012658228,0.012658227848101266,12,11148.1,32828.14
NG072,Surfer Boat,Port Harcourt-Lagos,January,69.93,Diesel,Calm,70.74,0.9885496183206108,0.014136273678258413,1,1291.07,3501.17
NG072,Surfer Boat,Lagos-Apapa,February,70.64,Diesel,Calm,90.24,0.7828014184397164,0.011081560283687944,2,1343.09,3749.02
NG072,Surfer Boat,Lagos-Apapa,March,167.71,Diesel,Stormy,82.52,2.032355792535143,0.012118274357731459,3,2460.48,6307.34
NG072,Surfer Boat,Lagos-Apapa,April,130.23,Diesel,Calm,73.26,1.7776412776412773,0.01365001365001365,4,1861.11,5158.6
NG072,Surfer Boat,Lagos-Apapa,May,94.19,Diesel,Stormy,75.73,1.2437607289053214,0.013204806549584048,5,1145.9,3336.08
NG072,Surfer Boat,Port Harcourt-Lagos,June,178.47,Diesel,Calm,82.73,2.157258551915871,0.012087513598452797,6,2782.58,8319.2
NG072,Surfer Boat,Warri-Bonny,July,127.85,Diesel,Stormy,88.89,1.4382945213184835,0.01124985937675779,7,1725.24,4413.16
NG072,Surfer Boat,Port Harcourt-Lagos,August,67.37,Diesel,Stormy,89.52,0.7525692582663093,0.011170688114387846,8,1055.77,2905.35
NG072,Surfer Boat,Warri-Bonny,September,104.02,Diesel,Calm,88.09,1.1808377795436484,0.0113520263367011,9,1329.39,3332.37
NG072,Surfer Boat,Warri-Bonny,October,33.63,Diesel,Stormy,87.91,0.38255033557046986,0.011375270162666365,10,525.26,1564.54
NG072,Surfer Boat,Port Harcourt-Lagos,November,85.4,Diesel,Stormy,72.02,1.185781727297973,0.013885031935573453,11,1365.11,4094.92
NG072,Surfer Boat,Port Harcourt-Lagos,December,54.64,Diesel,Stormy,88.55,0.6170525127046866,0.011293054771315642,12,896.79,2321.95
NG073,Fishing Trawler,Port Harcourt-Lagos,January,154.32,HFO,Moderate,85.7,1.8007001166861143,0.011668611435239206,1,3747.44,10096.97
NG073,Fishing Trawler,Port Harcourt-Lagos,February,186.54,HFO,Calm,74.11,2.5170692214276076,0.01349345567399811,2,3789.19,9689.24
NG073,Fishing Trawler,Port Harcourt-Lagos,March,164.13,Diesel,Moderate,89.35,1.8369334079462787,0.011191941801902631,3,4762.81,12376.31
NG073,Fishing Trawler,Escravos-Lagos,April,143.69,HFO,Stormy,86.38,1.6634637647603612,0.01157675387821255,4,3229.98,9687.84
NG073,Fishing Trawler,Port Harcourt-Lagos,May,70.7,Diesel,Stormy,92.46,0.7646549859398659,0.010815487778498811,5,1852.02,5286.11
NG073,Fishing Trawler,Lagos-Apapa,June,165.7,Diesel,Stormy,75.93,2.1822731463189777,0.013170025023047543,6,4536.86,12032.59
NG073,Fishing Trawler,Port Harcourt-Lagos,July,148.93,Diesel,Moderate,72.64,2.0502477973568283,0.013766519823788546,7,4090.68,10365.28
NG073,Fishing Trawler,Port Harcourt-Lagos,August,70.3,Diesel,Stormy,74.38,0.9451465447700995,0.013444474321054048,8,1663.59,4460.98
NG073,Fishing Trawler,Escravos-Lagos,September,133.79,HFO,Calm,75.27,1.7774677826491299,0.013285505513484789,9,3281.15,8463.08
NG073,Fishing Trawler,Escravos-Lagos,October,144.96,Diesel,Moderate,93.17,1.5558656219813245,0.010733068584308253,10,3134.03,9040.23
NG073,Fishing Trawler,Port Harcourt-Lagos,November,124.02,Diesel,Calm,73.58,1.685512367491166,0.013590649633052461,11,3653.79,9257.25
NG073,Fishing Trawler,Port Harcourt-Lagos,December,96.86,HFO,Moderate,75.57,1.2817255524679108,0.013232764324467383,12,2379.37,6875.75
NG074,Oil Service Boat,Lagos-Apapa,January,22.44,Diesel,Moderate,86.59,0.2591523270585518,0.011548677676406051,1,597.21,1786.37
NG074,Oil Service Boat,Lagos-Apapa,February,20.6,HFO,Moderate,87.09,0.2365369158341945,0.011482374555057986,2,622.42,1852.83
NG074,Oil Service Boat,Port Harcourt-Lagos,March,139.23,Diesel,Stormy,84.77,1.6424442609413707,0.011796626164916835,3,4688.41,11744.41
NG074,Oil Service Boat,Escravos-Lagos,April,148.29,HFO,Stormy,92.03,1.6113223948712376,0.010866021949364337,4,4810.73,12863.0
NG074,Oil Service Boat,Lagos-Apapa,May,94.83,Diesel,Stormy,89.2,1.063116591928251,0.011210762331838564,5,2430.86,7153.42
NG074,Oil Service Boat,Escravos-Lagos,June,43.15,HFO,Calm,77.83,0.5544134652447642,0.012848515996402415,6,1466.84,3915.59
NG074,Oil Service Boat,Lagos-Apapa,July,116.36,Diesel,Stormy,89.43,1.301129374930113,0.011181930001118192,7,3977.57,10264.09
NG074,Oil Service Boat,Lagos-Apapa,August,78.61,HFO,Moderate,76.8,1.0235677083333334,0.013020833333333334,8,2161.44,5898.49
NG074,Oil Service Boat,Warri-Bonny,September,34.27,Diesel,Stormy,73.38,0.4670209866448624,0.013627691469065142,9,1035.2,2617.39
NG074,Oil Service Boat,Lagos-Apapa,October,86.53,HFO,Stormy,93.22,0.9282342844883072,0.010727311735679038,10,3007.88,7573.33
NG074,Oil Service Boat,Lagos-Apapa,November,21.11,HFO,Calm,86.13,0.24509462440496924,0.011610356437942646,11,616.55,1749.73
NG074,Oil Service Boat,Lagos-Apapa,December,94.68,Diesel,Calm,80.81,1.1716371736171267,0.012374706100730107,12,3081.54,8120.79
NG075,Fishing Trawler,Escravos-Lagos,January,84.75,Diesel,Stormy,94.95,0.8925750394944707,0.010531858873091101,1,2467.74,7030.55
NG075,Fishing Trawler,Escravos-Lagos,February,62.46,HFO,Stormy,75.98,0.8220584364306396,0.013161358252171624,2,1423.24,4204.77
NG075,Fishing Trawler,Port Harcourt-Lagos,March,162.17,HFO,Moderate,72.22,2.245499861534201,0.013846579894765993,3,4346.17,12030.17
NG075,Fishing Trawler,Port Harcourt-Lagos,April,192.55,HFO,Moderate,81.0,2.3771604938271604,0.012345679012345678,4,4607.86,11827.04
NG075,Fishing Trawler,Escravos-Lagos,May,162.94,HFO,Stormy,94.49,1.7244152820404277,0.010583130489998942,5,3842.62,9883.27
NG075,Fishing Trawler,Port Harcourt-Lagos,June,154.26,HFO,Moderate,84.58,1.8238354220855995,0.011823126034523528,6,3481.79,8909.32
NG075,Fishing Trawler,Port Harcourt-Lagos,July,77.13,Diesel,Moderate,83.33,0.9255970238809552,0.012000480019200769,7,2071.89,5760.56
NG075,Fishing Trawler,Port Harcourt-Lagos,August,107.28,Diesel,Stormy,89.41,1.19986578682474,0.011184431271669836,8,2728.99,7912.88
NG075,Fishing Trawler,Lagos-Apapa,September,87.62,HFO,Stormy,86.94,1.0078214860823558,0.011502185415228895,9,2326.27,6378.93
NG075,Fishing Trawler,Port Harcourt-Lagos,October,60.66,HFO,Calm,85.88,0.7063344201210993,0.011644154634373545,10,1502.75,4268.35
NG075,Fishing Trawler,Lagos-Apapa,November,130.27,HFO,Moderate,72.61,1.7941054951108664,0.013772207684891888,11,3736.45,9619.6
NG075,Fishing Trawler,Escravos-Lagos,December,165.68,HFO,Moderate,94.44,1.7543413807708599,0.010588733587462939,12,3351.83,9964.56
NG076,Fishing Trawler,Escravos-Lagos,January,58.13,HFO,Calm,79.4,0.7321158690176323,0.012594458438287152,1,1333.54,3419.66
NG076,Fishing Trawler,Warri-Bonny,February,162.07,HFO,Stormy,94.43,1.7162977867203217,0.01058985491898761,2,3393.95,9639.17
NG076,Fishing Trawler,Escravos-Lagos,March,138.87,Diesel,Moderate,77.87,1.7833568768460253,0.012841916013869269,3,4158.93,11194.82
NG076,Fishing Trawler,Escravos-Lagos,April,110.59,Diesel,Stormy,81.88,1.3506350757205667,0.012212994626282366,4,2794.18,7429.5
NG076,Fishing Trawler,Warri-Bonny,May,190.44,Diesel,Calm,76.3,2.4959370904325033,0.013106159895150722,5,5380.16,15941.88
NG076,Fishing Trawler,Escravos-Lagos,June,144.16,HFO,Stormy,71.32,2.021312394840157,0.014021312394840158,6,3420.34,8899.12
NG076,Fishing Trawler,Escravos-Lagos,July,57.07,Diesel,Calm,87.55,0.6518560822387207,0.011422044545973729,7,1284.34,3627.18
NG076,Fishing Trawler,Warri-Bonny,August,184.68,HFO,Stormy,74.76,2.470304975922953,0.013376136971642588,8,3793.09,10590.5
NG076,Fishing Trawler,Escravos-Lagos,September,75.35,Diesel,Stormy,73.05,1.0314852840520192,0.013689253935660508,9,2080.44,5774.91
NG076,Fishing Trawler,Escravos-Lagos,October,100.82,HFO,Moderate,80.03,1.2597775834062226,0.012495314257153568,10,2492.65,6793.97
NG076,Fishing Trawler,Warri-Bonny,November,199.29,Diesel,Moderate,76.5,2.605098039215686,0.013071895424836602,11,4985.43,12957.47
NG076,Fishing Trawler,Escravos-Lagos,December,144.49,Diesel,Moderate,72.2,2.001246537396122,0.013850415512465374,12,3057.9,7716.97
NG077,Tanker Ship,Warri-Bonny,January,74.63,Diesel,Calm,78.82,0.9468409033240295,0.012687135244861711,1,3318.62,8750.39
NG077,Tanker Ship,Lagos-Apapa,February,315.48,Diesel,Calm,84.53,3.7321660948775586,0.011830119484206791,2,11379.08,32038.78
NG077,Tanker Ship,Warri-Bonny,March,413.63,HFO,Stormy,70.88,5.835637697516931,0.014108352144469528,3,16162.17,41307.84
NG077,Tanker Ship,Escravos-Lagos,April,121.51,HFO,Stormy,74.28,1.6358373721055466,0.013462574044157242,4,6047.79,17026.14
NG077,Tanker Ship,Escravos-Lagos,May,469.5,HFO,Moderate,84.36,5.565433854907539,0.011853959222380275,5,19139.7,56789.95
NG077,Tanker Ship,Lagos-Apapa,June,351.28,Diesel,Stormy,83.06,4.229231880568263,0.012039489525644112,6,17549.18,50562.37
NG077,Tanker Ship,Escravos-Lagos,July,415.2,Diesel,Moderate,70.3,5.906116642958748,0.01422475106685633,7,19594.43,53419.24
NG077,Tanker Ship,Lagos-Apapa,August,129.56,HFO,Stormy,84.51,1.5330730091113478,0.011832919181161992,8,5516.13,14323.68
NG077,Tanker Ship,Port Harcourt-Lagos,September,254.44,Diesel,Calm,92.57,2.748622663929999,0.010802635843145728,9,12326.35,36434.06
NG077,Tanker Ship,Lagos-Apapa,October,81.45,Diesel,Moderate,93.48,0.8713093709884467,0.010697475395806589,10,2664.7,7246.19
NG077,Tanker Ship,Warri-Bonny,November,197.55,Diesel,Stormy,79.6,2.4817839195979903,0.01256281407035176,11,8949.91,26043.45
NG077,Tanker Ship,Warri-Bonny,December,70.2,HFO,Stormy,74.94,0.9367493995196158,0.013344008540165465,12,2777.14,8127.41
NG078,Surfer Boat,Escravos-Lagos,January,198.34,Diesel,Stormy,92.6,2.141900647948164,0.010799136069114472,1,3902.93,9882.67
NG078,Surfer Boat,Lagos-Apapa,February,136.1,Diesel,Calm,90.26,1.5078661644139153,0.011079104808331486,2,1684.36,4494.46
NG078,Surfer Boat,Port Harcourt-Lagos,March,30.29,Diesel,Moderate,94.54,0.32039348423947533,0.010577533319229955,3,307.58,781.47
NG078,Surfer Boat,Lagos-Apapa,April,164.19,Diesel,Moderate,91.53,1.7938380858734841,0.010925379656943079,4,2324.1,6716.44
NG078,Surfer Boat,Lagos-Apapa,May,84.35,Diesel,Stormy,91.35,0.9233716475095786,0.010946907498631636,5,1300.29,3468.17
NG078,Surfer Boat,Escravos-Lagos,June,58.51,Diesel,Stormy,94.6,0.6184989429175476,0.010570824524312896,6,1116.64,3136.55
NG078,Surfer Boat,Lagos-Apapa,July,122.84,Diesel,Calm,73.6,1.669021739130435,0.013586956521739132,7,1575.3,4377.6
NG078,Surfer Boat,Port Harcourt-Lagos,August,146.15,Diesel,Stormy,84.59,1.7277455964061945,0.011821728336682822,8,2289.81,5772.8
NG078,Surfer Boat,Warri-Bonny,September,30.83,Diesel,Moderate,75.65,0.40753469927296754,0.013218770654329146,9,434.02,1238.46
NG078,Surfer Boat,Escravos-Lagos,October,95.04,Diesel,Calm,86.13,1.1034482758620692,0.011610356437942646,10,1161.77,3414.77
NG078,Surfer Boat,Lagos-Apapa,November,43.32,Diesel,Stormy,72.2,0.6,0.013850415512465374,11,593.15,1594.07
NG078,Surfer Boat,Warri-Bonny,December,74.81,Diesel,Moderate,93.58,0.799422953622569,0.01068604402650139,12,1055.36,2844.71
NG079,Tanker Ship,Port Harcourt-Lagos,January,99.42,HFO,Calm,79.97,1.2432162060772791,0.012504689258471927,1,3063.86,8874.65
NG079,Tanker Ship,Escravos-Lagos,February,198.12,Diesel,Calm,72.36,2.7379767827529022,0.013819789939192924,2,9003.94,24476.99
NG079,Tanker Ship,Lagos-Apapa,March,441.01,Diesel,Stormy,76.1,5.795137976346912,0.01314060446780552,3,18657.58,49496.3
NG079,Tanker Ship,Escravos-Lagos,April,186.19,HFO,Calm,79.02,2.356238926853961,0.012655024044545686,4,7408.95,21077.0
NG079,Tanker Ship,Escravos-Lagos,May,363.45,Diesel,Stormy,70.61,5.147287919558136,0.0141622999575131,5,17011.89,50197.68
NG079,Tanker Ship,Lagos-Apapa,June,225.43,HFO,Stormy,94.01,2.3979363897457717,0.010637166258908625,6,6994.13,20516.69
NG079,Tanker Ship,Lagos-Apapa,July,266.93,HFO,Stormy,82.06,3.2528637582256885,0.012186205215695831,7,10696.0,29401.12
NG079,Tanker Ship,Escravos-Lagos,August,133.86,Diesel,Stormy,73.86,1.8123476848090985,0.013539128080151638,8,4294.23,11047.03
NG079,Tanker Ship,Port Harcourt-Lagos,September,264.09,HFO,Calm,74.22,3.5582053354890864,0.013473457289140393,9,8174.05,23285.83
NG079,Tanker Ship,Lagos-Apapa,October,325.03,HFO,Moderate,74.28,4.375740441572428,0.013462574044157242,10,15186.34,43420.24
NG079,Tanker Ship,Warri-Bonny,November,477.39,Diesel,Stormy,84.65,5.639574719432959,0.011813349084465446,11,21877.35,57391.88
NG079,Tanker Ship,Escravos-Lagos,December,129.69,Diesel,Moderate,92.6,1.4005399568034558,0.010799136069114472,12,6036.81,17610.71
NG080,Oil Service Boat,Lagos-Apapa,January,117.74,Diesel,Moderate,81.36,1.4471484759095379,0.012291052114060964,1,3556.44,9410.21
NG080,Oil Service Boat,Warri-Bonny,February,47.67,Diesel,Calm,86.01,0.5542378793163586,0.01162655505173817,2,1413.32,3750.76
NG080,Oil Service Boat,Lagos-Apapa,March,102.8,Diesel,Calm,82.27,1.2495441837850978,0.012155099064057373,3,3072.71,8006.15
NG080,Oil Service Boat,Warri-Bonny,April,128.59,Diesel,Calm,93.64,1.3732379325074755,0.010679196924391286,4,3431.02,9739.84
NG080,Oil Service Boat,Lagos-Apapa,May,138.91,HFO,Calm,84.51,1.6437108034552124,0.011832919181161992,5,4090.91,11119.62
NG080,Oil Service Boat,Warri-Bonny,June,105.78,Diesel,Calm,87.4,1.2102974828375286,0.011441647597254004,6,2791.65,7601.5
NG080,Oil Service Boat,Lagos-Apapa,July,83.29,Diesel,Moderate,71.88,1.1587367835281026,0.01391207568169171,7,2083.79,5359.33
NG080,Oil Service Boat,Lagos-Apapa,August,48.31,Diesel,Stormy,86.57,0.5580455123021832,0.011551345731777752,8,1574.13,4325.94
NG080,Oil Service Boat,Port Harcourt-Lagos,September,132.82,HFO,Moderate,79.42,1.6723747166960463,0.012591286829513977,9,3977.06,11919.96
NG080,Oil Service Boat,Escravos-Lagos,October,138.02,HFO,Stormy,82.65,1.669933454325469,0.012099213551119176,10,3509.58,10304.02
NG080,Oil Service Boat,Escravos-Lagos,November,82.39,Diesel,Calm,82.34,1.000607238280301,0.012144765606023802,11,2820.36,7459.44
NG080,Oil Service Boat,Escravos-Lagos,December,116.13,Diesel,Moderate,75.88,1.5304428044280443,0.013178703215603585,12,3470.6,10037.37
NG081,Fishing Trawler,Lagos-Apapa,January,157.72,HFO,Calm,92.7,1.7014023732470334,0.010787486515641855,1,4578.65,11491.73
NG081,Fishing Trawler,Escravos-Lagos,February,168.87,HFO,Moderate,85.5,1.9750877192982457,0.011695906432748537,2,3912.07,10457.32
NG081,Fishing Trawler,Port Harcourt-Lagos,March,80.65,HFO,Moderate,84.4,0.955568720379147,0.011848341232227487,3,2153.0,6049.13
NG081,Fishing Trawler,Warri-Bonny,April,95.48,HFO,Stormy,94.88,1.0063237774030356,0.010539629005059023,4,2197.77,5770.04
NG081,Fishing Trawler,Lagos-Apapa,May,179.04,Diesel,Moderate,77.59,2.3075138548782057,0.012888258796236628,5,4754.14,12889.94
NG081,Fishing Trawler,Warri-Bonny,June,99.88,HFO,Stormy,89.48,1.1162270898524809,0.011175681716584712,6,2586.51,7609.17
NG081,Fishing Trawler,Warri-Bonny,July,110.7,HFO,Stormy,86.85,1.2746113989637307,0.011514104778353483,7,2919.89,7997.51
NG081,Fishing Trawler,Port Harcourt-Lagos,August,188.2,Diesel,Moderate,83.21,2.2617473861314745,0.012017786323759164,8,5376.72,16031.77
NG081,Fishing Trawler,Port Harcourt-Lagos,September,154.67,HFO,Calm,90.54,1.7083057212281862,0.01104484205875856,9,3866.82,10458.27
NG081,Fishing Trawler,Escravos-Lagos,October,131.64,Diesel,Calm,82.4,1.5975728155339803,0.012135922330097087,10,3580.38,10247.33
NG081,Fishing Trawler,Lagos-Apapa,November,197.61,HFO,Calm,84.17,2.3477486040156825,0.011880717595342758,11,5406.44,15749.84
NG081,Fishing Trawler,Escravos-Lagos,December,87.06,HFO,Calm,75.2,1.1577127659574469,0.013297872340425532,12,1839.13,5254.26
NG082,Tanker Ship,Warri-Bonny,January,114.42,HFO,Calm,76.7,1.491786179921773,0.013037809647979138,1,3997.38,10756.2
NG082,Tanker Ship,Escravos-Lagos,February,195.1,HFO,Moderate,85.06,2.2936750529038323,0.01175640724194686,2,7910.82,23493.01
NG082,Tanker Ship,Escravos-Lagos,March,81.28,HFO,Calm,82.17,0.989168796397712,0.012169891687963976,3,3774.91,11314.53
NG082,Tanker Ship,Lagos-Apapa,April,498.18,HFO,Moderate,80.44,6.193187468920935,0.012431626056688214,4,17122.71,49536.57
NG082,Tanker Ship,Port Harcourt-Lagos,May,346.99,Diesel,Stormy,94.69,3.664484106030204,0.010560777273207308,5,16260.0,47965.14
NG082,Tanker Ship,Lagos-Apapa,June,478.32,HFO,Calm,84.38,5.668641858260251,0.011851149561507467,6,20999.87,56474.14
NG082,Tanker Ship,Port Harcourt-Lagos,July,335.63,HFO,Calm,76.08,4.411540483701367,0.013144058885383806,7,16445.34,47446.8
NG082,Tanker Ship,Port Harcourt-Lagos,August,79.97,Diesel,Moderate,84.8,0.9430424528301887,0.01179245283018868,8,3605.05,10272.86
NG082,Tanker Ship,Escravos-Lagos,September,388.76,HFO,Calm,86.73,4.4824166954917555,0.011530035743110803,9,15879.62,44378.97
NG082,Tanker Ship,Escravos-Lagos,October,253.73,Diesel,Moderate,78.9,3.215842839036755,0.012674271229404309,10,12262.93,34486.14
NG082,Tanker Ship,Warri-Bonny,November,186.41,Diesel,Calm,85.03,2.1922850758555805,0.011760555098200634,11,5795.93,16322.53
NG082,Tanker Ship,Lagos-Apapa,December,442.43,HFO,Stormy,93.93,4.710209730650484,0.010646225912913872,12,15135.69,43712.56
NG083,Oil Service Boat,Port Harcourt-Lagos,January,127.59,Diesel,Moderate,80.6,1.5830024813895782,0.01240694789081886,1,4351.49,12534.17
NG083,Oil Service Boat,Port Harcourt-Lagos,February,101.49,HFO,Stormy,88.73,1.1438070551110109,0.011270145384875464,2,3437.66,9986.34
NG083,Oil Service Boat,Port Harcourt-Lagos,March,119.99,HFO,Calm,78.77,1.5232956709407135,0.012695188523549575,3,3386.08,9468.75
NG083,Oil Service Boat,Escravos-Lagos,April,67.77,HFO,Moderate,83.25,0.814054054054054,0.012012012012012012,4,2230.76,5777.21
NG083,Oil Service Boat,Warri-Bonny,May,21.22,HFO,Stormy,84.64,0.2507088846880907,0.011814744801512287,5,652.77,1747.54
NG083,Oil Service Boat,Warri-Bonny,June,136.76,Diesel,Moderate,72.43,1.888167886234985,0.013806433798149937,6,4079.97,12130.44
NG083,Oil Service Boat,Warri-Bonny,July,21.43,Diesel,Calm,70.53,0.303842336594357,0.01417836381681554,7,732.09,1981.43
NG083,Oil Service Boat,Escravos-Lagos,August,60.06,Diesel,Moderate,89.05,0.6744525547445256,0.011229646266142616,8,1746.95,5146.75
NG083,Oil Service Boat,Port Harcourt-Lagos,September,149.51,Diesel,Stormy,77.56,1.927668901495616,0.012893243940175348,9,4408.92,11330.54
NG083,Oil Service Boat,Escravos-Lagos,October,67.53,HFO,Stormy,83.97,0.8042157913540551,0.011909015124449208,10,2264.51,6494.42
NG083,Oil Service Boat,Port Harcourt-Lagos,November,51.71,Diesel,Stormy,72.01,0.718094709068185,0.013886960144424384,11,1644.81,4189.89
NG083,Oil Service Boat,Lagos-Apapa,December,92.1,HFO,Moderate,82.07,1.1222127452174973,0.012184720360667724,12,3220.76,8191.16
NG084,Fishing Trawler,Warri-Bonny,January,126.91,Diesel,Moderate,80.13,1.5838013228503682,0.012479720454261826,1,3765.37,10827.73
NG084,Fishing Trawler,Lagos-Apapa,February,161.99,Diesel,Moderate,70.83,2.2870252717774955,0.014118311449950587,2,3592.01,10431.57
NG084,Fishing Trawler,Warri-Bonny,March,119.43,HFO,Moderate,86.27,1.384374637765156,0.01159151501101194,3,3159.13,8458.54
NG084,Fishing Trawler,Warri-Bonny,April,115.97,Diesel,Calm,89.95,1.2892718176764868,0.011117287381878822,4,2914.71,7450.23
NG084,Fishing Trawler,Escravos-Lagos,May,140.93,Diesel,Calm,81.87,1.7213875656528643,0.012214486380847685,5,3123.16,8133.81
NG084,Fishing Trawler,Warri-Bonny,June,199.81,Diesel,Moderate,91.56,2.1822848405417212,0.010921799912625601,6,4967.24,14119.67
NG084,Fishing Trawler,Port Harcourt-Lagos,July,165.27,HFO,Stormy,74.01,2.2330766112687472,0.01351168760978246,7,4567.73,11974.13
NG084,Fishing Trawler,Warri-Bonny,August,77.03,HFO,Calm,83.29,0.924840917276984,0.012006243246488173,8,1673.46,4290.22
NG084,Fishing Trawler,Port Harcourt-Lagos,September,95.42,Diesel,Moderate,73.12,1.3049781181619255,0.013676148796498906,9,1941.68,5247.58
NG084,Fishing Trawler,Lagos-Apapa,October,66.88,Diesel,Calm,73.91,0.9048843187660668,0.013529968881071575,10,1614.5,4210.33
NG084,Fishing Trawler,Lagos-Apapa,November,121.16,HFO,Calm,73.7,1.6439620081411126,0.013568521031207597,11,2780.05,7288.36
NG084,Fishing Trawler,Warri-Bonny,December,118.03,HFO,Moderate,93.59,1.261139010578053,0.010684902233144566,12,2778.69,7990.66
NG085,Tanker Ship,Port Harcourt-Lagos,January,119.04,Diesel,Calm,77.62,1.5336253542901315,0.012883277505797474,1,4660.57,13132.83
NG085,Tanker Ship,Escravos-Lagos,February,76.49,HFO,Calm,91.0,0.8405494505494505,0.01098901098901099,2,3651.8,9909.18
NG085,Tanker Ship,Lagos-Apapa,March,206.81,HFO,Calm,90.18,2.2933022843202484,0.011088933244621867,3,9953.86,28157.6
NG085,Tanker Ship,Escravos-Lagos,April,441.81,HFO,Moderate,79.61,5.549679688481347,0.012561236025624922,4,18535.47,48555.13
NG085,Tanker Ship,Port Harcourt-Lagos,May,115.57,Diesel,Stormy,88.01,1.31314623338257,0.011362345188046812,5,3509.64,10440.23
NG085,Tanker Ship,Escravos-Lagos,June,435.76,HFO,Stormy,70.77,6.157411332485517,0.014130281192595734,6,14392.02,39209.32
NG085,Tanker Ship,Escravos-Lagos,July,231.77,Diesel,Moderate,85.07,2.7244622075937466,0.011755025273304338,7,7505.5,21079.25
NG085,Tanker Ship,Port Harcourt-Lagos,August,88.81,HFO,Calm,78.59,1.130041990075073,0.012724265173686218,8,4282.41,10884.08
NG085,Tanker Ship,Port Harcourt-Lagos,September,487.34,HFO,Calm,85.83,5.677968076430153,0.01165093790050099,9,16075.79,46893.78
NG085,Tanker Ship,Escravos-Lagos,October,305.38,HFO,Calm,78.95,3.8680177327422416,0.012666244458518048,10,13160.89,37035.32
NG085,Tanker Ship,Escravos-Lagos,November,404.67,Diesel,Moderate,78.49,5.155688622754491,0.01274047649382087,11,15459.51,44724.47
NG085,Tanker Ship,Port Harcourt-Lagos,December,438.81,HFO,Calm,76.39,5.744338264170703,0.013090718680455558,12,20172.76,54794.68
NG086,Oil Service Boat,Port Harcourt-Lagos,January,93.39,Diesel,Stormy,84.67,1.1029880713357743,0.011810558639423645,1,2700.59,8062.21
NG086,Oil Service Boat,Escravos-Lagos,February,54.67,Diesel,Stormy,81.74,0.6688279911915831,0.01223391240518718,2,1503.38,4082.06
NG086,Oil Service Boat,Escravos-Lagos,March,129.38,Diesel,Moderate,82.1,1.5758830694275274,0.01218026796589525,3,4118.22,11198.28
NG086,Oil Service Boat,Escravos-Lagos,April,70.55,Diesel,Calm,82.71,0.8529802925885624,0.012090436464756379,4,2085.57,6215.44
NG086,Oil Service Boat,Port Harcourt-Lagos,May,116.25,Diesel,Stormy,78.83,1.4746923759989852,0.012685525815045035,5,3866.17,11273.16
NG086,Oil Service Boat,Lagos-Apapa,June,101.72,HFO,Calm,77.7,1.309137709137709,0.01287001287001287,6,3315.76,8756.07
NG086,Oil Service Boat,Lagos-Apapa,July,120.9,HFO,Moderate,73.46,1.6457936291859518,0.013612850530901171,7,3856.34,11079.7
NG086,Oil Service Boat,Warri-Bonny,August,87.66,Diesel,Stormy,75.87,1.155397390272835,0.01318044022670357,8,2573.41,7638.04
NG086,Oil Service Boat,Warri-Bonny,September,46.42,HFO,Moderate,81.75,0.56782874617737,0.012232415902140673,9,1176.1,3044.58
NG086,Oil Service Boat,Escravos-Lagos,October,37.71,Diesel,Stormy,94.98,0.3970309538850284,0.01052853232259423,10,1167.85,2928.03
NG086,Oil Service Boat,Port Harcourt-Lagos,November,26.56,Diesel,Calm,90.52,0.29341581970835173,0.01104728236853734,11,838.39,2267.25
NG086,Oil Service Boat,Escravos-Lagos,December,115.51,HFO,Moderate,73.89,1.5632697252672894,0.013533631073216944,12,4020.17,12003.0
NG087,Oil Service Boat,Port Harcourt-Lagos,January,94.39,Diesel,Calm,88.56,1.0658310749774165,0.011291779584462511,1,2499.01,6836.97
NG087,Oil Service Boat,Lagos-Apapa,February,20.08,Diesel,Moderate,87.22,0.2302224260490713,0.011465260261407935,2,652.41,1936.77
NG087,Oil Service Boat,Escravos-Lagos,March,69.46,HFO,Calm,75.98,0.9141879441958409,0.013161358252171624,3,2422.91,6070.69
NG087,Oil Service Boat,Escravos-Lagos,April,29.73,Diesel,Stormy,93.32,0.3185812258894128,0.010715816545220747,4,828.93,2269.53
NG087,Oil Service Boat,Lagos-Apapa,May,119.35,Diesel,Moderate,90.49,1.31893026853796,0.01105094485578517,5,3669.87,10672.42
NG087,Oil Service Boat,Escravos-Lagos,June,149.22,HFO,Calm,89.78,1.662062820227222,0.011138338159946536,6,4245.11,12516.02
NG087,Oil Service Boat,Warri-Bonny,July,96.46,HFO,Moderate,74.83,1.2890551917680075,0.013363624214887078,7,2762.16,8073.99
NG087,Oil Service Boat,Port Harcourt-Lagos,August,110.5,Diesel,Calm,87.93,1.2566814511543272,0.011372682815876264,8,3829.91,10198.33
NG087,Oil Service Boat,Warri-Bonny,September,39.47,HFO,Calm,70.69,0.558353373885981,0.014146272457207527,9,1093.35,3111.87
NG087,Oil Service Boat,Escravos-Lagos,October,38.76,Diesel,Stormy,90.78,0.42696629213483145,0.011015642211940955,10,1337.11,3677.54
NG087,Oil Service Boat,Escravos-Lagos,November,119.06,Diesel,Calm,87.54,1.3600639707562256,0.011423349326022389,11,3305.5,9045.83
NG087,Oil Service Boat,Warri-Bonny,December,87.85,Diesel,Moderate,85.93,1.0223437681834049,0.011637379262190153,12,3067.31,9172.5
NG088,Surfer Boat,Escravos-Lagos,January,132.09,Diesel,Stormy,80.54,1.6400546312391358,0.012416190712689346,1,2338.03,6801.3
NG088,Surfer Boat,Warri-Bonny,February,156.94,Diesel,Moderate,83.54,1.8786210198707205,0.011970313622216901,2,2726.2,7105.63
NG088,Surfer Boat,Port Harcourt-Lagos,March,191.47,Diesel,Stormy,92.62,2.0672640898294103,0.010796804145972791,3,2401.72,6719.46
NG088,Surfer Boat,Warri-Bonny,April,71.41,Diesel,Moderate,73.67,0.9693226550834804,0.013574046423238768,4,816.84,2107.48
NG088,Surfer Boat,Warri-Bonny,May,187.54,Diesel,Moderate,81.52,2.30053974484789,0.01226692836113837,5,3392.47,9342.74
NG088,Surfer Boat,Lagos-Apapa,June,180.7,Diesel,Moderate,87.31,2.0696369258962317,0.011453441759248654,6,3096.62,7963.93
NG088,Surfer Boat,Lagos-Apapa,July,123.87,Diesel,Moderate,74.41,1.664695605429378,0.013439053890606102,7,1285.91,3606.63
NG088,Surfer Boat,Port Harcourt-Lagos,August,81.7,Diesel,Stormy,80.89,1.0100135987143033,0.012362467548522686,8,836.03,2299.81
NG088,Surfer Boat,Port Harcourt-Lagos,September,66.1,Diesel,Moderate,71.88,0.9195882025598219,0.01391207568169171,9,1314.38,3802.27
NG088,Surfer Boat,Lagos-Apapa,October,183.97,Diesel,Stormy,93.24,1.9730802230802231,0.010725010725010725,10,2060.31,5251.52
NG088,Surfer Boat,Escravos-Lagos,November,122.76,Diesel,Moderate,76.32,1.608490566037736,0.013102725366876311,11,2307.49,6124.93
NG088,Surfer Boat,Escravos-Lagos,December,159.92,Diesel,Moderate,89.35,1.7898153329602686,0.011191941801902631,12,2146.52,5426.64
NG089,Fishing Trawler,Warri-Bonny,January,82.71,HFO,Stormy,92.42,0.8949361610041116,0.010820168794633196,1,2160.27,5821.08
NG089,Fishing Trawler,Warri-Bonny,February,155.75,Diesel,Moderate,76.48,2.0364801255230125,0.01307531380753138,2,3907.27,10136.14
NG089,Fishing Trawler,Lagos-Apapa,March,119.4,HFO,Moderate,94.91,1.2580339268780951,0.010536297545042672,3,2418.1,6706.53
NG089,Fishing Trawler,Lagos-Apapa,April,133.02,Diesel,Calm,76.83,1.731354939476767,0.013015749056358194,4,3290.16,8961.68
NG089,Fishing Trawler,Port Harcourt-Lagos,May,160.55,HFO,Calm,88.01,1.8242245199409157,0.011362345188046812,5,3433.19,10208.53
NG089,Fishing Trawler,Warri-Bonny,June,82.39,Diesel,Calm,72.94,1.1295585412667946,0.013709898546750754,6,1907.49,4915.59
NG089,Fishing Trawler,Warri-Bonny,July,51.83,HFO,Moderate,85.21,0.6082619410867269,0.011735711770918908,7,1046.85,2895.31
NG089,Fishing Trawler,Lagos-Apapa,August,78.98,HFO,Stormy,75.84,1.041402953586498,0.013185654008438817,8,1882.88,5493.58
NG089,Fishing Trawler,Port Harcourt-Lagos,September,132.72,HFO,Moderate,93.01,1.4269433394258682,0.010751532093323298,9,3576.81,9563.69
NG089,Fishing Trawler,Port Harcourt-Lagos,October,194.42,Diesel,Calm,93.32,2.0833690527218174,0.010715816545220747,10,5505.24,16086.59
NG089,Fishing Trawler,Warri-Bonny,November,89.97,Diesel,Stormy,91.2,0.9865131578947368,0.010964912280701754,11,1804.05,5138.46
NG089,Fishing Trawler,Escravos-Lagos,December,80.5,HFO,Calm,71.62,1.1239877129293492,0.013962580284836637,12,2275.88,6511.42
NG090,Tanker Ship,Escravos-Lagos,January,170.41,Diesel,Calm,88.86,1.9177357641233401,0.011253657438667568,1,7649.51,22033.35
NG090,Tanker Ship,Warri-Bonny,February,401.99,HFO,Calm,93.79,4.286064612432029,0.01066211749653481,2,12851.52,35694.86
NG090,Tanker Ship,Warri-Bonny,March,480.77,Diesel,Calm,91.84,5.234864982578396,0.010888501742160278,3,16041.21,45448.92
NG090,Tanker Ship,Warri-Bonny,April,72.98,Diesel,Moderate,81.0,0.9009876543209877,0.012345679012345678,4,2205.55,5899.71
NG090,Tanker Ship,Lagos-Apapa,May,471.82,Diesel,Calm,80.85,5.835745207173779,0.012368583797155226,5,20215.06,56129.0
NG090,Tanker Ship,Lagos-Apapa,June,347.23,HFO,Calm,87.31,3.9769785820639103,0.011453441759248654,6,11933.39,30710.22
NG090,Tanker Ship,Lagos-Apapa,July,409.5,HFO,Stormy,76.3,5.366972477064221,0.013106159895150722,7,15023.17,41839.62
NG090,Tanker Ship,Lagos-Apapa,August,139.91,HFO,Stormy,76.96,1.8179573804573805,0.012993762993762994,8,5612.47,16519.55
NG090,Tanker Ship,Escravos-Lagos,September,460.79,Diesel,Calm,86.9,5.30253164556962,0.01150747986191024,9,20146.18,50502.14
NG090,Tanker Ship,Lagos-Apapa,October,286.38,HFO,Moderate,85.74,3.3400979706088174,0.011663167716351761,10,12557.11,35528.1
NG090,Tanker Ship,Warri-Bonny,November,264.88,HFO,Moderate,80.73,3.281060324538585,0.01238696890870804,11,13135.67,33536.2
NG090,Tanker Ship,Lagos-Apapa,December,168.51,HFO,Moderate,84.01,2.0058326389715506,0.01190334483990001,12,7337.61,20960.98
NG091,Tanker Ship,Warri-Bonny,January,258.79,HFO,Moderate,85.31,3.033524791935295,0.01172195522213105,1,9718.62,25374.78
NG091,Tanker Ship,Escravos-Lagos,February,340.52,HFO,Calm,76.01,4.479936850414418,0.013156163662675963,2,11534.55,30019.85
NG091,Tanker Ship,Port Harcourt-Lagos,March,481.55,Diesel,Calm,77.75,6.193569131832797,0.012861736334405145,3,21503.19,62594.91
NG091,Tanker Ship,Warri-Bonny,April,468.84,HFO,Calm,86.7,5.407612456747405,0.011534025374855825,4,22291.5,64023.74
NG091,Tanker Ship,Escravos-Lagos,May,345.89,Diesel,Stormy,70.75,4.888904593639576,0.014134275618374558,5,15077.31,45076.05
NG091,Tanker Ship,Escravos-Lagos,June,261.11,Diesel,Moderate,87.16,2.995754933455714,0.011473152822395595,6,12715.1,35201.36
NG091,Tanker Ship,Lagos-Apapa,July,333.5,HFO,Calm,91.78,3.6336892569187187,0.010895619960775768,7,14947.42,41718.84
NG091,Tanker Ship,Lagos-Apapa,August,283.9,Diesel,Stormy,78.57,3.6133384243349878,0.012727504136438845,8,12855.26,35673.84
NG091,Tanker Ship,Lagos-Apapa,September,382.49,Diesel,Calm,92.74,4.124326072891956,0.010782833728703903,9,12204.35,32408.43
NG091,Tanker Ship,Warri-Bonny,October,122.06,HFO,Moderate,91.7,1.3310796074154854,0.010905125408942203,10,6026.92,17743.42
NG091,Tanker Ship,Lagos-Apapa,November,137.59,HFO,Calm,83.35,1.6507498500299942,0.01199760047990402,11,6405.73,16970.72
NG091,Tanker Ship,Lagos-Apapa,December,142.39,Diesel,Stormy,91.72,1.5524422154382904,0.010902747492368078,12,5713.57,16315.22
NG092,Fishing Trawler,Lagos-Apapa,January,150.46,Diesel,Moderate,87.33,1.7228901866483455,0.011450818733539448,1,3586.36,9536.72
NG092,Fishing Trawler,Lagos-Apapa,February,145.65,Diesel,Calm,90.73,1.6053124655571476,0.011021712774165105,2,4228.53,11561.88
NG092,Fishing Trawler,Warri-Bonny,March,117.93,Diesel,Moderate,91.9,1.2832426550598477,0.010881392818280738,3,3498.16,9897.54
NG092,Fishing Trawler,Lagos-Apapa,April,172.62,HFO,Moderate,72.05,2.3958362248438587,0.013879250520471896,4,3645.56,10432.15
NG092,Fishing Trawler,Warri-Bonny,May,86.3,Diesel,Moderate,83.89,1.028728096316605,0.011920371915603767,5,2437.63,6987.97
NG092,Fishing Trawler,Escravos-Lagos,June,54.9,HFO,Moderate,76.39,0.7186804555570101,0.013090718680455558,6,1136.12,2946.21
NG092,Fishing Trawler,Lagos-Apapa,July,92.52,Diesel,Moderate,93.89,0.9854084567046544,0.010650761529449356,7,2449.41,7132.7
NG092,Fishing Trawler,Lagos-Apapa,August,192.28,HFO,Stormy,92.08,2.0881841876629017,0.010860121633362294,8,4537.87,12289.2
NG092,Fishing Trawler,Warri-Bonny,September,56.93,HFO,Stormy,79.85,0.7129618033813401,0.012523481527864748,9,1354.49,3727.43
NG092,Fishing Trawler,Escravos-Lagos,October,160.58,Diesel,Stormy,84.35,1.9037344398340252,0.01185536455245999,10,4793.45,14333.11
NG092,Fishing Trawler,Escravos-Lagos,November,53.58,Diesel,Moderate,89.49,0.5987261146496815,0.01117443289753045,11,1493.06,4311.16
NG092,Fishing Trawler,Port Harcourt-Lagos,December,175.22,Diesel,Moderate,77.41,2.2635318434310814,0.01291822761917065,12,5109.36,14751.83
NG093,Fishing Trawler,Escravos-Lagos,January,74.99,HFO,Calm,92.18,0.8135170318941201,0.010848340203948795,1,1698.4,4800.45
NG093,Fishing Trawler,Escravos-Lagos,February,81.1,Diesel,Calm,73.74,1.0998101437483048,0.013561160835367509,2,1676.37,4551.99
NG093,Fishing Trawler,Port Harcourt-Lagos,March,128.07,Diesel,Moderate,77.46,1.6533694810224633,0.012909888974954816,3,2757.52,7080.94
NG093,Fishing Trawler,Warri-Bonny,April,154.35,HFO,Calm,81.47,1.8945624156131091,0.012274456855284154,4,3306.69,9001.61
NG093,Fishing Trawler,Port Harcourt-Lagos,May,62.4,HFO,Moderate,89.19,0.6996300033636058,0.01121201928467317,5,1532.24,4508.11
NG093,Fishing Trawler,Escravos-Lagos,June,137.36,Diesel,Moderate,75.74,1.81357274887774,0.01320306311064167,6,4084.15,12004.96
NG093,Fishing Trawler,Warri-Bonny,July,88.13,HFO,Calm,90.36,0.9753209384683488,0.011066843736166445,7,2396.21,6237.38
NG093,Fishing Trawler,Lagos-Apapa,August,107.32,Diesel,Stormy,81.78,1.3123012961604303,0.012227928588897041,8,2272.15,5827.09
NG093,Fishing Trawler,Lagos-Apapa,September,98.99,Diesel,Stormy,82.2,1.204257907542579,0.0121654501216545,9,2335.15,6320.38
NG093,Fishing Trawler,Escravos-Lagos,October,62.6,Diesel,Calm,75.0,0.8346666666666667,0.013333333333333334,10,1657.06,4584.55
NG093,Fishing Trawler,Warri-Bonny,November,183.26,HFO,Stormy,86.44,2.1200832947709394,0.01156871818602499,11,5053.0,14336.02
NG093,Fishing Trawler,Lagos-Apapa,December,186.24,HFO,Moderate,88.95,2.093760539629005,0.011242270938729622,12,4126.02,11848.02
NG094,Oil Service Boat,Port Harcourt-Lagos,January,90.65,Diesel,Stormy,83.06,1.091379725499639,0.012039489525644112,1,2783.15,7069.54
NG094,Oil Service Boat,Escravos-Lagos,February,48.59,Diesel,Moderate,76.16,0.637998949579832,0.013130252100840336,2,1534.2,3988.68
NG094,Oil Service Boat,Warri-Bonny,March,83.5,HFO,Calm,85.25,0.9794721407624634,0.011730205278592375,3,2747.89,6890.03
NG094,Oil Service Boat,Escravos-Lagos,April,119.57,HFO,Moderate,78.39,1.5253221074116596,0.012756729174639622,4,3891.75,11542.58
NG094,Oil Service Boat,Port Harcourt-Lagos,May,60.98,Diesel,Moderate,71.3,0.8552594670406732,0.014025245441795233,5,1696.71,4274.08
NG094,Oil Service Boat,Lagos-Apapa,June,81.81,Diesel,Calm,93.57,0.8743186918884258,0.010687186063909374,6,2093.66,5370.7
NG094,Oil Service Boat,Escravos-Lagos,July,110.71,HFO,Calm,93.43,1.184951300438831,0.010703200256876806,7,3845.02,11138.28
NG094,Oil Service Boat,Escravos-Lagos,August,121.72,Diesel,Moderate,92.94,1.3096621476221217,0.010759629868732516,8,3831.8,10048.57
NG094,Oil Service Boat,Warri-Bonny,September,142.86,Diesel,Stormy,75.35,1.8959522229595225,0.013271400132714002,9,4884.56,13363.5
NG094,Oil Service Boat,Warri-Bonny,October,103.58,HFO,Moderate,76.28,1.3578919769271105,0.013109596224436287,10,2959.76,7488.96
NG094,Oil Service Boat,Port Harcourt-Lagos,November,144.37,Diesel,Moderate,82.7,1.745707376058041,0.012091898428053204,11,4870.22,14012.52
NG094,Oil Service Boat,Escravos-Lagos,December,149.15,HFO,Calm,91.1,1.6372118551042811,0.010976948408342482,12,3895.54,10065.87
NG095,Oil Service Boat,Port Harcourt-Lagos,January,136.93,HFO,Moderate,89.91,1.5229674118563008,0.011122233344455567,1,3806.64,10385.96
NG095,Oil Service Boat,Lagos-Apapa,February,88.8,Diesel,Calm,82.53,1.0759723736822973,0.01211680600993578,2,2674.29,6995.11
NG095,Oil Service Boat,Port Harcourt-Lagos,March,60.34,HFO,Calm,84.82,0.7113888233907099,0.011789672247111532,3,1905.53,5705.65
NG095,Oil Service Boat,Escravos-Lagos,April,32.47,HFO,Calm,84.33,0.38503498161982685,0.011858176212498519,4,1024.21,2905.11
NG095,Oil Service Boat,Escravos-Lagos,May,68.69,HFO,Moderate,93.0,0.7386021505376343,0.010752688172043012,5,2319.58,6734.34
NG095,Oil Service Boat,Port Harcourt-Lagos,June,21.11,HFO,Calm,73.01,0.2891384741816189,0.013696753869332967,6,721.9,1819.61
NG095,Oil Service Boat,Lagos-Apapa,July,133.48,HFO,Stormy,80.55,1.6571073867163253,0.012414649286157667,7,4108.29,11145.18
NG095,Oil Service Boat,Escravos-Lagos,August,61.37,HFO,Stormy,83.42,0.7356748981059698,0.011987532965715655,8,1970.45,5186.55
NG095,Oil Service Boat,Escravos-Lagos,September,21.02,Diesel,Stormy,92.55,0.2271204754186926,0.010804970286331712,9,544.52,1402.74
NG095,Oil Service Boat,Escravos-Lagos,October,30.86,HFO,Calm,93.78,0.3290680315632331,0.010663254425250587,10,795.85,2162.22
NG095,Oil Service Boat,Port Harcourt-Lagos,November,58.52,HFO,Moderate,94.66,0.6182125501795902,0.010564124234100993,11,1944.49,5633.39
NG095,Oil Service Boat,Escravos-Lagos,December,143.98,HFO,Calm,75.9,1.8969696969696968,0.013175230566534914,12,4230.35,12110.97
NG096,Surfer Boat,Port Harcourt-Lagos,January,90.07,Diesel,Calm,83.13,1.0834837002285576,0.012029351617947793,1,1643.8,4177.75
NG096,Surfer Boat,Lagos-Apapa,February,104.75,Diesel,Calm,78.14,1.340542615817763,0.012797542871768621,2,1529.23,4346.19
NG096,Surfer Boat,Port Harcourt-Lagos,March,168.82,Diesel,Moderate,87.8,1.9227790432801821,0.011389521640091117,3,2517.72,6599.34
NG096,Surfer Boat,Lagos-Apapa,April,171.93,Diesel,Moderate,80.69,2.1307473044986986,0.012393109431156277,4,1925.52,5267.3
NG096,Surfer Boat,Escravos-Lagos,May,118.67,Diesel,Moderate,78.91,1.503865162843746,0.012672665061462427,5,1885.6,4954.32
NG096,Surfer Boat,Escravos-Lagos,June,21.42,Diesel,Moderate,71.97,0.29762401000416844,0.013894678338196471,6,237.88,615.68
NG096,Surfer Boat,Lagos-Apapa,July,195.28,Diesel,Calm,81.38,2.3996067829933647,0.012288031457360531,7,3310.69,9584.45
NG096,Surfer Boat,Port Harcourt-Lagos,August,44.06,Diesel,Calm,81.73,0.5390921326318365,0.01223540927444023,8,855.01,2183.19
NG096,Surfer Boat,Warri-Bonny,September,95.11,Diesel,Moderate,86.8,1.0957373271889401,0.01152073732718894,9,1837.37,5231.88
NG096,Surfer Boat,Escravos-Lagos,October,138.09,Diesel,Moderate,88.86,1.5540175557056044,0.011253657438667568,10,1380.9,4000.98
NG096,Surfer Boat,Escravos-Lagos,November,81.49,Diesel,Stormy,80.39,1.0136832939420326,0.012439358129120536,11,1538.19,4219.42
NG096,Surfer Boat,Port Harcourt-Lagos,December,157.85,Diesel,Moderate,85.78,1.8401725343903006,0.011657729074376311,12,2487.33,6948.34
NG097,Fishing Trawler,Escravos-Lagos,January,61.79,Diesel,Calm,74.4,0.830510752688172,0.013440860215053762,1,1321.95,3543.18
NG097,Fishing Trawler,Lagos-Apapa,February,182.5,HFO,Calm,84.02,2.1721018805046417,0.011901928112354201,2,4670.49,13733.9
NG097,Fishing Trawler,Escravos-Lagos,March,113.34,Diesel,Calm,74.98,1.5116030941584422,0.013336889837289943,3,3096.19,8236.87
NG097,Fishing Trawler,Escravos-Lagos,April,85.65,HFO,Moderate,88.95,0.9629005059021922,0.011242270938729622,4,2452.83,6883.49
NG097,Fishing Trawler,Warri-Bonny,May,148.86,HFO,Stormy,70.25,2.1190035587188616,0.014234875444839857,5,3307.48,9172.08
NG097,Fishing Trawler,Lagos-Apapa,June,164.39,HFO,Calm,75.4,2.1802387267904506,0.01326259946949602,6,3524.04,9320.88
NG097,Fishing Trawler,Escravos-Lagos,July,119.05,HFO,Calm,87.62,1.358708057521114,0.011412919424788861,7,3416.24,10224.84
NG097,Fishing Trawler,Escravos-Lagos,August,52.56,Diesel,Stormy,77.32,0.6797723745473359,0.012933264355923436,8,1419.24,3732.3
NG097,Fishing Trawler,Warri-Bonny,September,158.36,Diesel,Stormy,74.91,2.114003470831665,0.013349352556401016,9,4570.2,12345.24
NG097,Fishing Trawler,Escravos-Lagos,October,108.0,HFO,Calm,77.77,1.3887102996013887,0.012858428700012858,10,2533.47,7178.08
NG097,Fishing Trawler,Port Harcourt-Lagos,November,173.47,Diesel,Moderate,76.9,2.255786736020806,0.013003901170351105,11,3601.39,9937.12
NG097,Fishing Trawler,Port Harcourt-Lagos,December,101.87,Diesel,Moderate,73.78,1.380726484142044,0.013553808620222282,12,2406.96,6145.38
NG098,Tanker Ship,Lagos-Apapa,January,258.1,Diesel,Stormy,88.54,2.9150666365484525,0.011294330246216398,1,10645.34,29836.94
NG098,Tanker Ship,Port Harcourt-Lagos,February,154.45,HFO,Moderate,75.97,2.033039357641174,0.01316309069369488,2,6451.83,17408.53
NG098,Tanker Ship,Port Harcourt-Lagos,March,231.15,HFO,Stormy,83.24,2.776910139356079,0.01201345506967804,3,11515.41,33303.18
NG098,Tanker Ship,Escravos-Lagos,April,85.55,Diesel,Moderate,78.25,1.093290734824281,0.012779552715654952,4,4033.13,10949.78
NG098,Tanker Ship,Escravos-Lagos,May,458.6,Diesel,Stormy,77.01,5.955070770029866,0.01298532658096351,5,19850.2,55944.19
NG098,Tanker Ship,Escravos-Lagos,June,306.63,Diesel,Stormy,78.56,3.903131364562118,0.012729124236252545,6,11197.49,29374.7
NG098,Tanker Ship,Port Harcourt-Lagos,July,59.63,Diesel,Stormy,73.43,0.8120659131145308,0.013618412093149937,7,2627.45,7823.19
NG098,Tanker Ship,Warri-Bonny,August,186.6,HFO,Stormy,83.1,2.2454873646209386,0.012033694344163659,8,6118.08,15629.37
NG098,Tanker Ship,Port Harcourt-Lagos,September,193.61,Diesel,Calm,89.47,2.1639655750530906,0.011176930814798256,9,7705.56,21396.09
NG098,Tanker Ship,Port Harcourt-Lagos,October,463.72,Diesel,Calm,82.44,5.62493934983018,0.012130033964095099,10,16628.78,42143.32
NG098,Tanker Ship,Lagos-Apapa,November,81.68,HFO,Stormy,78.3,1.0431673052362709,0.01277139208173691,11,3169.97,8824.29
NG098,Tanker Ship,Warri-Bonny,December,56.97,HFO,Stormy,70.06,0.8131601484441906,0.014273479874393376,12,2726.68,6889.4
NG099,Tanker Ship,Escravos-Lagos,January,66.84,HFO,Stormy,89.61,0.7458988952125879,0.011159468809284678,1,2565.72,7522.32
NG099,Tanker Ship,Port Harcourt-Lagos,February,381.96,Diesel,Calm,85.12,4.487312030075188,0.011748120300751879,2,12970.85,37498.24
NG099,Tanker Ship,Port Harcourt-Lagos,March,363.68,Diesel,Stormy,86.87,4.18648555312536,0.011511453896627144,3,12802.55,34976.27
NG099,Tanker Ship,Warri-Bonny,April,333.76,Diesel,Calm,70.7,4.7207920792079205,0.014144271570014143,4,14351.64,37793.69
NG099,Tanker Ship,Lagos-Apapa,May,437.8,Diesel,Stormy,77.9,5.620025673940949,0.012836970474967907,5,13673.2,40889.77
NG099,Tanker Ship,Lagos-Apapa,June,69.56,HFO,Calm,92.39,0.7528953349929646,0.010823682216690118,6,2858.44,7289.6
NG099,Tanker Ship,Escravos-Lagos,July,332.91,HFO,Calm,78.96,4.216185410334347,0.012664640324214793,7,11325.98,29550.99
NG099,Tanker Ship,Port Harcourt-Lagos,August,422.29,Diesel,Moderate,84.8,4.979834905660378,0.01179245283018868,8,16497.91,44354.24
NG099,Tanker Ship,Escravos-Lagos,September,310.5,Diesel,Moderate,92.14,3.369871934013458,0.010853049706967658,9,13078.11,34316.03
NG099,Tanker Ship,Lagos-Apapa,October,325.38,Diesel,Calm,74.02,4.395838962442583,0.013509862199405566,10,12095.61,32625.19
NG099,Tanker Ship,Port Harcourt-Lagos,November,207.58,Diesel,Stormy,72.44,2.865543898398675,0.013804527885146328,11,8808.92,24198.72
NG099,Tanker Ship,Port Harcourt-Lagos,December,106.48,HFO,Stormy,89.38,1.191317968225554,0.011188185276348177,12,4324.16,12260.96
NG100,Surfer Boat,Port Harcourt-Lagos,January,146.74,Diesel,Moderate,83.14,1.7649747414000483,0.012027904738994467,1,2126.09,5566.51
NG100,Surfer Boat,Escravos-Lagos,February,130.97,Diesel,Stormy,89.33,1.46613679614911,0.01119444755401321,2,1731.78,4479.48
NG100,Surfer Boat,Escravos-Lagos,March,117.09,Diesel,Moderate,89.97,1.3014338112704236,0.011114816049794377,3,1762.98,4855.32
NG100,Surfer Boat,Lagos-Apapa,April,183.03,Diesel,Stormy,87.29,2.0968037575896434,0.011456065986940083,4,2093.83,5849.03
NG100,Surfer Boat,Port Harcourt-Lagos,May,150.55,Diesel,Moderate,71.64,2.1014796203238415,0.013958682300390842,5,2880.38,7966.11
NG100,Surfer Boat,Port Harcourt-Lagos,June,31.27,Diesel,Stormy,75.56,0.4138433033350979,0.013234515616728428,6,589.65,1721.34
NG100,Surfer Boat,Warri-Bonny,July,199.91,Diesel,Stormy,92.46,2.162124161799697,0.010815487778498811,7,2107.61,6280.82
NG100,Surfer Boat,Port Harcourt-Lagos,August,87.18,Diesel,Stormy,88.56,0.9844173441734417,0.011291779584462511,8,1384.68,4079.34
NG100,Surfer Boat,Port Harcourt-Lagos,September,105.12,Diesel,Moderate,78.14,1.3452777066803174,0.012797542871768621,9,2096.23,5243.89
NG100,Surfer Boat,Port Harcourt-Lagos,October,32.5,Diesel,Moderate,86.15,0.37724898432965753,0.011607661056297156,10,466.75,1356.68
NG100,Surfer Boat,Escravos-Lagos,November,127.28,Diesel,Moderate,86.08,1.4786245353159853,0.011617100371747213,11,1910.31,5518.55
NG100,Surfer Boat,Port Harcourt-Lagos,December,169.85,Diesel,Moderate,86.52,1.9631299121590384,0.011558021266759132,12,2827.56,7755.53
NG101,Surfer Boat,Warri-Bonny,January,188.84,Diesel,Stormy,80.93,2.3333745211911525,0.01235635734585444,1,2049.82,5911.82
NG101,Surfer Boat,Warri-Bonny,February,165.63,Diesel,Moderate,83.62,1.980746232958622,0.01195886151638364,2,1971.63,5203.97
NG101,Surfer Boat,Warri-Bonny,March,86.77,Diesel,Moderate,70.81,1.2253918938003105,0.014122299110295156,3,1132.71,2863.17
NG101,Surfer Boat,Port Harcourt-Lagos,April,97.27,Diesel,Calm,91.26,1.0658557966250273,0.010957703265395573,4,1731.31,4462.29
NG101,Surfer Boat,Escravos-Lagos,May,184.51,Diesel,Calm,75.73,2.4364188564637526,0.013204806549584048,5,3578.44,9582.76
NG101,Surfer Boat,Lagos-Apapa,June,127.45,Diesel,Moderate,94.38,1.350392032210214,0.010595465140919687,6,1744.33,4976.68
NG101,Surfer Boat,Warri-Bonny,July,23.36,Diesel,Stormy,94.56,0.2470389170896785,0.010575296108291032,7,443.54,1174.66
NG101,Surfer Boat,Port Harcourt-Lagos,August,165.73,Diesel,Moderate,92.37,1.7941972501894552,0.010826025765941322,8,2969.75,8368.33
NG101,Surfer Boat,Port Harcourt-Lagos,September,197.25,Diesel,Calm,71.0,2.778169014084507,0.014084507042253521,9,3848.79,10996.97
NG101,Surfer Boat,Port Harcourt-Lagos,October,175.84,Diesel,Calm,82.52,2.1308773630635,0.012118274357731459,10,2365.94,6011.87
NG101,Surfer Boat,Lagos-Apapa,November,64.04,Diesel,Calm,85.89,0.7456048434043545,0.011642798928862498,11,1279.31,3318.05
NG101,Surfer Boat,Lagos-Apapa,December,94.2,Diesel,Moderate,77.1,1.2217898832684826,0.01297016861219196,12,1308.08,3552.13
NG102,Surfer Boat,Port Harcourt-Lagos,January,114.52,Diesel,Stormy,74.26,1.5421492054942094,0.013466199838405602,1,1818.79,4779.11
NG102,Surfer Boat,Lagos-Apapa,February,105.11,Diesel,Stormy,77.82,1.3506810588537652,0.01285016705217168,2,1822.47,5455.24
NG102,Surfer Boat,Warri-Bonny,March,50.68,Diesel,Moderate,83.5,0.6069461077844311,0.011976047904191617,3,658.4,1848.7
NG102,Surfer Boat,Lagos-Apapa,April,199.16,Diesel,Calm,80.75,2.466377708978328,0.01238390092879257,4,3830.8,10853.6
NG102,Surfer Boat,Escravos-Lagos,May,175.73,Diesel,Stormy,92.99,1.8897730938810624,0.010753844499408539,5,1933.1,4847.72
NG102,Surfer Boat,Warri-Bonny,June,48.53,Diesel,Stormy,87.03,0.5576238078823395,0.01149029070435482,6,696.44,1886.5
NG102,Surfer Boat,Escravos-Lagos,July,26.09,Diesel,Moderate,88.67,0.2942370587571896,0.01127777151234916,7,292.06,846.15
NG102,Surfer Boat,Warri-Bonny,August,24.71,Diesel,Stormy,92.46,0.2672507030067056,0.010815487778498811,8,410.23,1121.76
NG102,Surfer Boat,Port Harcourt-Lagos,September,150.33,Diesel,Moderate,78.43,1.9167410429682519,0.012750223128904755,9,1751.98,5123.13
NG102,Surfer Boat,Lagos-Apapa,October,158.68,Diesel,Moderate,85.79,1.849632824338501,0.011656370206317752,10,2897.68,8586.74
NG102,Surfer Boat,Escravos-Lagos,November,175.33,Diesel,Stormy,80.05,2.1902560899437855,0.01249219237976265,11,3327.01,9168.96
NG102,Surfer Boat,Warri-Bonny,December,64.1,Diesel,Moderate,71.07,0.90192767693823,0.014070634585619813,12,1052.86,2719.52
NG103,Oil Service Boat,Port Harcourt-Lagos,January,55.09,HFO,Moderate,82.32,0.66921768707483,0.012147716229348883,1,1408.66,4200.17
NG103,Oil Service Boat,Warri-Bonny,February,99.99,Diesel,Stormy,70.61,1.4160883727517348,0.0141622999575131,2,2906.95,7690.27
NG103,Oil Service Boat,Lagos-Apapa,March,131.58,HFO,Moderate,94.5,1.3923809523809525,0.010582010582010581,3,3955.59,10211.7
NG103,Oil Service Boat,Port Harcourt-Lagos,April,68.15,Diesel,Calm,80.78,0.8436494181728151,0.012379301807378064,4,2345.47,5871.23
NG103,Oil Service Boat,Lagos-Apapa,May,93.39,Diesel,Moderate,94.24,0.9909804753820034,0.010611205432937183,5,2502.02,7276.76
NG103,Oil Service Boat,Port Harcourt-Lagos,June,124.49,HFO,Moderate,82.55,1.5080557238037553,0.012113870381586917,6,3699.02,10719.74
NG103,Oil Service Boat,Escravos-Lagos,July,84.89,HFO,Moderate,92.3,0.9197183098591549,0.010834236186348862,7,2964.84,8041.75
NG103,Oil Service Boat,Warri-Bonny,August,78.78,Diesel,Stormy,77.9,1.0112965340179716,0.012836970474967907,8,2209.73,5967.94
NG103,Oil Service Boat,Lagos-Apapa,September,67.77,Diesel,Calm,72.88,0.9298847420417125,0.013721185510428101,9,1944.87,4987.0
NG103,Oil Service Boat,Escravos-Lagos,October,85.83,HFO,Stormy,76.2,1.1263779527559055,0.013123359580052493,10,2479.44,6756.23
NG103,Oil Service Boat,Escravos-Lagos,November,144.88,Diesel,Calm,80.26,1.8051333167206578,0.012459506603538499,11,4381.91,12877.71
NG103,Oil Service Boat,Warri-Bonny,December,28.52,Diesel,Calm,77.11,0.3698612371936195,0.012968486577616392,12,837.14,2117.77
NG104,Oil Service Boat,Lagos-Apapa,January,47.93,HFO,Calm,78.61,0.609718865284315,0.012721027859051012,1,1662.33,4601.41
NG104,Oil Service Boat,Port Harcourt-Lagos,February,26.53,Diesel,Stormy,80.25,0.3305919003115265,0.012461059190031152,2,676.37,1862.64
NG104,Oil Service Boat,Port Harcourt-Lagos,March,117.71,Diesel,Moderate,73.32,1.605428259683579,0.01363884342607747,3,3981.33,10293.55
NG104,Oil Service Boat,Warri-Bonny,April,67.04,HFO,Stormy,87.78,0.7637275005696059,0.01139211665527455,4,2312.5,5941.35
NG104,Oil Service Boat,Escravos-Lagos,May,107.12,HFO,Moderate,84.63,1.2657450076804917,0.011816140848398913,5,2710.02,7246.43
NG104,Oil Service Boat,Warri-Bonny,June,91.89,HFO,Moderate,85.75,1.071603498542274,0.011661807580174927,6,2603.57,7542.46
NG104,Oil Service Boat,Lagos-Apapa,July,70.54,HFO,Calm,83.83,0.8414648693785042,0.011928903733746868,7,2012.44,5988.92
NG104,Oil Service Boat,Lagos-Apapa,August,118.59,Diesel,Stormy,93.36,1.2702442159383034,0.010711225364181662,8,3849.79,10891.74
NG104,Oil Service Boat,Port Harcourt-Lagos,September,126.17,Diesel,Calm,90.27,1.3976958014844356,0.011077877478675086,9,3333.38,9719.29
NG104,Oil Service Boat,Warri-Bonny,October,111.52,HFO,Stormy,88.85,1.2551491277433877,0.011254924029262803,10,3415.0,8888.06
NG104,Oil Service Boat,Lagos-Apapa,November,121.05,Diesel,Stormy,91.71,1.3199214916584887,0.010903936321011887,11,3612.88,9497.04
NG104,Oil Service Boat,Warri-Bonny,December,126.45,HFO,Moderate,78.75,1.6057142857142856,0.012698412698412698,12,4389.29,12427.05
NG105,Oil Service Boat,Port Harcourt-Lagos,January,146.92,Diesel,Moderate,94.16,1.560322854715378,0.010620220900594732,1,5121.13,15049.01
NG105,Oil Service Boat,Lagos-Apapa,February,39.14,Diesel,Calm,76.4,0.512303664921466,0.013089005235602092,2,1233.0,3218.9
NG105,Oil Service Boat,Port Harcourt-Lagos,March,29.32,Diesel,Stormy,88.73,0.33044066268454864,0.011270145384875464,3,998.43,2747.25
NG105,Oil Service Boat,Lagos-Apapa,April,23.48,Diesel,Stormy,84.96,0.27636534839924676,0.01177024482109228,4,732.26,2166.04
NG105,Oil Service Boat,Escravos-Lagos,May,118.88,HFO,Calm,90.43,1.3146079840760807,0.011058277120424637,5,3596.44,10409.53
NG105,Oil Service Boat,Port Harcourt-Lagos,June,115.76,Diesel,Stormy,73.54,1.5741093282567309,0.013598041881968996,6,3774.67,10605.85
NG105,Oil Service Boat,Escravos-Lagos,July,64.62,Diesel,Calm,89.78,0.7197594118957452,0.011138338159946536,7,1758.28,5032.19
NG105,Oil Service Boat,Warri-Bonny,August,85.26,HFO,Calm,93.51,0.9117741418030157,0.010694043417816275,8,2400.19,6743.53
NG105,Oil Service Boat,Port Harcourt-Lagos,September,85.23,HFO,Calm,93.14,0.9150740820270561,0.010736525660296328,9,2677.39,6900.6
NG105,Oil Service Boat,Escravos-Lagos,October,64.89,HFO,Moderate,86.2,0.752784222737819,0.01160092807424594,10,1678.35,4623.88
NG105,Oil Service Boat,Port Harcourt-Lagos,November,100.23,HFO,Calm,84.45,1.1868561278863232,0.011841326228537596,11,2767.53,8050.61
NG105,Oil Service Boat,Port Harcourt-Lagos,December,119.56,HFO,Stormy,81.55,1.4660944206008584,0.012262415695892091,12,4142.67,11416.1
NG106,Fishing Trawler,Escravos-Lagos,January,101.68,HFO,Calm,92.42,1.1001947630383035,0.010820168794633196,1,2793.46,7184.56
NG106,Fishing Trawler,Port Harcourt-Lagos,February,199.96,Diesel,Moderate,87.14,2.294698186825798,0.011475786091347258,2,4021.1,10911.15
NG106,Fishing Trawler,Lagos-Apapa,March,94.58,Diesel,Stormy,77.79,1.2158375112482322,0.012855122766422419,3,2666.11,7378.24
NG106,Fishing Trawler,Warri-Bonny,April,158.15,Diesel,Calm,90.28,1.751772264067346,0.011076650420912717,4,3700.15,10297.38
NG106,Fishing Trawler,Escravos-Lagos,May,81.07,Diesel,Stormy,90.41,0.8966928437119788,0.011060723371308484,5,1858.1,4924.22
NG106,Fishing Trawler,Lagos-Apapa,June,79.62,HFO,Moderate,84.6,0.9411347517730497,0.011820330969267141,6,1986.7,5203.26
NG106,Fishing Trawler,Warri-Bonny,July,187.55,HFO,Calm,94.95,1.975250131648236,0.010531858873091101,7,5232.01,14232.56
NG106,Fishing Trawler,Escravos-Lagos,August,86.36,HFO,Moderate,76.68,1.1262389149713092,0.013041210224308814,8,2029.35,5125.13
NG106,Fishing Trawler,Warri-Bonny,September,116.35,HFO,Calm,76.55,1.519921619856303,0.013063357282821686,9,2873.5,8355.64
NG106,Fishing Trawler,Lagos-Apapa,October,67.59,Diesel,Moderate,93.61,0.7220382437773742,0.010682619378271552,10,1892.97,4751.55
NG106,Fishing Trawler,Port Harcourt-Lagos,November,176.6,HFO,Stormy,74.52,2.3698336017176596,0.013419216317767043,11,4402.43,11452.53
NG106,Fishing Trawler,Escravos-Lagos,December,68.35,HFO,Moderate,75.12,0.9098775292864748,0.01331203407880724,12,1878.34,5420.74
NG107,Fishing Trawler,Escravos-Lagos,January,132.29,Diesel,Moderate,90.86,1.4559762271626677,0.01100594320933304,1,2716.79,7866.08
NG107,Fishing Trawler,Lagos-Apapa,February,51.81,HFO,Calm,84.32,0.614444971537002,0.011859582542694497,2,1039.12,3111.21
NG107,Fishing Trawler,Escravos-Lagos,March,89.31,HFO,Stormy,77.07,1.1588166601790582,0.012975217334890361,3,2369.8,6149.52
NG107,Fishing Trawler,Port Harcourt-Lagos,April,187.46,HFO,Calm,93.94,1.9955290611028318,0.010645092612305727,4,3835.13,10239.12
NG107,Fishing Trawler,Escravos-Lagos,May,111.39,Diesel,Moderate,83.11,1.3402719287691012,0.01203224642040669,5,2602.31,7576.72
NG107,Fishing Trawler,Lagos-Apapa,June,191.89,HFO,Moderate,79.38,2.4173595364071554,0.012597631645250693,6,5177.11,13613.37
NG107,Fishing Trawler,Port Harcourt-Lagos,July,166.94,Diesel,Moderate,83.32,2.003600576092175,0.012001920307249161,7,4915.84,12342.39
NG107,Fishing Trawler,Lagos-Apapa,August,148.18,HFO,Stormy,89.11,1.6628885646953204,0.011222085063404781,8,3825.68,11078.16
NG107,Fishing Trawler,Escravos-Lagos,September,119.4,Diesel,Stormy,85.51,1.3963279148637586,0.01169453865045024,9,2824.31,7869.76
NG107,Fishing Trawler,Warri-Bonny,October,142.52,Diesel,Moderate,94.15,1.5137546468401488,0.010621348911311735,10,4099.56,10682.85
NG107,Fishing Trawler,Escravos-Lagos,November,187.75,HFO,Moderate,72.93,2.5743863979158093,0.01371177841766077,11,4923.14,12777.45
NG107,Fishing Trawler,Escravos-Lagos,December,53.55,Diesel,Calm,94.17,0.5686524370818732,0.010619093129446745,12,1197.72,3572.73
NG108,Tanker Ship,Escravos-Lagos,January,171.96,HFO,Stormy,73.12,2.3517505470459517,0.013676148796498906,1,7696.07,22267.76
NG108,Tanker Ship,Lagos-Apapa,February,383.81,HFO,Moderate,88.24,4.349614687216682,0.011332728921124207,2,16125.04,42062.28
NG108,Tanker Ship,Lagos-Apapa,March,408.78,Diesel,Moderate,74.94,5.454763811048839,0.013344008540165465,3,20142.24,55430.99
NG108,Tanker Ship,Port Harcourt-Lagos,April,372.93,Diesel,Calm,86.19,4.326836059867734,0.01160227404571296,4,18326.36,48909.52
NG108,Tanker Ship,Lagos-Apapa,May,292.04,HFO,Stormy,85.86,3.4013510365711626,0.011646866992778943,5,10331.73,27821.87
NG108,Tanker Ship,Warri-Bonny,June,117.82,HFO,Calm,83.83,1.4054634379100561,0.011928903733746868,6,5707.91,14413.15
NG108,Tanker Ship,Warri-Bonny,July,92.48,Diesel,Stormy,73.82,1.2527770251964239,0.013546464372798701,7,4429.88,12715.49
NG108,Tanker Ship,Warri-Bonny,August,69.7,Diesel,Moderate,77.13,0.903669130040192,0.012965123816932453,8,3386.72,9832.32
NG108,Tanker Ship,Escravos-Lagos,September,475.63,HFO,Calm,78.67,6.045887886106521,0.01271132579128003,9,22247.76,56342.15
NG108,Tanker Ship,Port Harcourt-Lagos,October,116.15,HFO,Calm,76.24,1.5234784889821618,0.01311647429171039,10,5254.53,13948.14
NG108,Tanker Ship,Port Harcourt-Lagos,November,177.01,HFO,Calm,87.45,2.0241280731846767,0.011435105774728416,11,5669.94,15461.03
NG108,Tanker Ship,Lagos-Apapa,December,244.89,HFO,Moderate,75.49,3.244005828586568,0.013246787653993907,12,8039.88,23906.87
NG109,Surfer Boat,Port Harcourt-Lagos,January,157.98,Diesel,Stormy,90.67,1.7423624131465754,0.011029006286533583,1,2983.79,8730.0
NG109,Surfer Boat,Warri-Bonny,February,109.14,Diesel,Calm,75.85,1.438892551087673,0.013183915622940015,2,1860.07,5489.9
NG109,Surfer Boat,Warri-Bonny,March,75.36,Diesel,Calm,73.9,1.0197564276048714,0.013531799729364004,3,770.06,2279.77
NG109,Surfer Boat,Escravos-Lagos,April,144.38,Diesel,Moderate,90.36,1.5978308986277114,0.011066843736166445,4,2874.01,8475.32
NG109,Surfer Boat,Lagos-Apapa,May,28.32,Diesel,Moderate,70.81,0.39994351080355883,0.014122299110295156,5,405.49,1216.32
NG109,Surfer Boat,Lagos-Apapa,June,63.5,Diesel,Moderate,75.42,0.8419517369398037,0.013259082471492972,6,1112.56,2965.24
NG109,Surfer Boat,Escravos-Lagos,July,105.68,Diesel,Moderate,85.23,1.2399389886190308,0.011732957878681215,7,1225.76,3677.26
NG109,Surfer Boat,Escravos-Lagos,August,75.9,Diesel,Stormy,78.89,0.9620991253644315,0.012675877804537964,8,1484.89,4275.36
NG109,Surfer Boat,Port Harcourt-Lagos,September,46.62,Diesel,Calm,81.54,0.5717439293598233,0.01226391954868776,9,791.1,2345.86
NG109,Surfer Boat,Escravos-Lagos,October,56.33,Diesel,Stormy,73.96,0.7616279069767442,0.013520822065981613,10,985.87,2704.94
NG109,Surfer Boat,Escravos-Lagos,November,164.18,Diesel,Stormy,78.36,2.095201633486473,0.012761613067891782,11,1851.71,5219.49
NG109,Surfer Boat,Lagos-Apapa,December,121.94,Diesel,Calm,74.12,1.6451699946033458,0.013491635186184564,12,1760.87,4856.47
NG110,Surfer Boat,Escravos-Lagos,January,148.03,Diesel,Moderate,79.66,1.8582726587998997,0.012553351744915894,1,2671.57,6750.47
NG110,Surfer Boat,Lagos-Apapa,February,86.91,Diesel,Calm,77.17,1.1262148503304392,0.012958403524685759,2,1615.6,4573.48
NG110,Surfer Boat,Lagos-Apapa,March,23.21,Diesel,Stormy,81.62,0.284366576819407,0.012251899044351873,3,375.51,997.36
NG110,Surfer Boat,Port Harcourt-Lagos,April,154.44,Diesel,Moderate,75.89,2.03505073132165,0.013176966662274345,4,2602.87,7006.15
NG110,Surfer Boat,Warri-Bonny,May,174.09,Diesel,Calm,72.94,2.386756238003839,0.013709898546750754,5,1930.22,5140.13
NG110,Surfer Boat,Lagos-Apapa,June,172.91,Diesel,Moderate,75.24,2.298112706007443,0.013290802764486976,6,2179.67,6116.69
NG110,Surfer Boat,Escravos-Lagos,July,122.24,Diesel,Stormy,90.72,1.347442680776014,0.011022927689594356,7,1615.42,4300.22
NG110,Surfer Boat,Lagos-Apapa,August,20.17,Diesel,Calm,74.15,0.2720161834120027,0.013486176668914362,8,295.6,875.06
NG110,Surfer Boat,Port Harcourt-Lagos,September,67.19,Diesel,Moderate,79.11,0.8493237264568322,0.012640626975097964,9,877.02,2600.05
NG110,Surfer Boat,Warri-Bonny,October,70.84,Diesel,Stormy,84.14,0.8419301164725458,0.01188495364868077,10,798.14,2298.23
NG110,Surfer Boat,Lagos-Apapa,November,65.15,Diesel,Stormy,89.9,0.7246941045606229,0.011123470522803113,11,843.1,2134.62
NG110,Surfer Boat,Warri-Bonny,December,103.85,Diesel,Moderate,89.19,1.1643682027133087,0.01121201928467317,12,1832.07,4652.71
NG111,Surfer Boat,Lagos-Apapa,January,187.27,Diesel,Moderate,77.64,2.4120298815043792,0.01287995878413189,1,2388.84,6328.9
NG111,Surfer Boat,Escravos-Lagos,February,113.78,Diesel,Stormy,81.55,1.3952176578786022,0.012262415695892091,2,1468.61,3710.26
NG111,Surfer Boat,Escravos-Lagos,March,132.24,Diesel,Moderate,87.5,1.5113142857142858,0.011428571428571429,3,1676.65,4388.44
NG111,Surfer Boat,Lagos-Apapa,April,193.96,Diesel,Stormy,80.94,2.3963429701013097,0.012354830738818878,4,3801.36,10219.15
NG111,Surfer Boat,Warri-Bonny,May,174.52,Diesel,Moderate,92.95,1.877568585260893,0.010758472296933835,5,2937.26,8570.03
NG111,Surfer Boat,Escravos-Lagos,June,99.31,Diesel,Calm,86.53,1.147694441234254,0.011556685542586386,6,1821.48,4973.91
NG111,Surfer Boat,Warri-Bonny,July,193.19,Diesel,Calm,83.8,2.3053699284009546,0.011933174224343675,7,1944.93,4955.1
NG111,Surfer Boat,Escravos-Lagos,August,179.92,Diesel,Stormy,79.58,2.260869565217391,0.012565971349585323,8,2780.87,8292.72
NG111,Surfer Boat,Lagos-Apapa,September,50.37,Diesel,Stormy,72.06,0.6990008326394671,0.013877324451845684,9,691.5,1917.17
NG111,Surfer Boat,Escravos-Lagos,October,43.41,Diesel,Calm,74.96,0.5791088580576308,0.013340448239060833,10,471.13,1380.11
NG111,Surfer Boat,Warri-Bonny,November,191.46,Diesel,Moderate,70.7,2.708062234794908,0.014144271570014143,11,2787.83,7494.27
NG111,Surfer Boat,Port Harcourt-Lagos,December,49.69,Diesel,Stormy,77.91,0.6377871903478373,0.01283532280836863,12,520.64,1501.79
NG112,Oil Service Boat,Escravos-Lagos,January,59.52,Diesel,Stormy,72.45,0.8215320910973085,0.013802622498274672,1,1800.86,4872.78
NG112,Oil Service Boat,Port Harcourt-Lagos,February,92.18,Diesel,Stormy,72.65,1.2688231245698556,0.013764624913971093,2,2815.73,8179.9
NG112,Oil Service Boat,Lagos-Apapa,March,110.46,HFO,Moderate,82.94,1.3318061249095732,0.012056908608632746,3,3658.66,9828.24
NG112,Oil Service Boat,Lagos-Apapa,April,147.09,Diesel,Calm,75.07,1.9593712534967367,0.013320900492873319,4,4178.51,11146.45
NG112,Oil Service Boat,Port Harcourt-Lagos,May,44.07,Diesel,Calm,84.94,0.5188368259948198,0.01177301624676242,5,1541.1,4528.65
NG112,Oil Service Boat,Escravos-Lagos,June,113.41,Diesel,Moderate,84.21,1.346752167201045,0.01187507421921387,6,2946.84,8159.76
NG112,Oil Service Boat,Escravos-Lagos,July,52.62,HFO,Calm,91.97,0.5721430901380885,0.010873110796999022,7,1759.79,4914.79
NG112,Oil Service Boat,Port Harcourt-Lagos,August,30.08,Diesel,Moderate,92.52,0.32511889321227844,0.010808473843493299,8,772.37,2267.33
NG112,Oil Service Boat,Warri-Bonny,September,70.57,HFO,Stormy,94.07,0.7501860316785373,0.010630381630700543,9,2412.31,6462.97
NG112,Oil Service Boat,Lagos-Apapa,October,35.59,HFO,Stormy,70.09,0.5077757169353688,0.014267370523612497,10,1040.58,3024.33
NG112,Oil Service Boat,Port Harcourt-Lagos,November,98.74,HFO,Calm,87.67,1.1262689631572944,0.011406410402646287,11,3052.3,9012.88
NG112,Oil Service Boat,Port Harcourt-Lagos,December,37.23,Diesel,Moderate,82.04,0.45380302291565083,0.012189176011701608,12,1072.47,2997.1
NG113,Surfer Boat,Escravos-Lagos,January,187.13,Diesel,Stormy,94.1,1.9886291179596176,0.010626992561105207,1,1918.53,5697.89
NG113,Surfer Boat,Warri-Bonny,February,51.93,Diesel,Stormy,70.74,0.7340966921119594,0.014136273678258413,2,1013.32,2900.07
NG113,Surfer Boat,Port Harcourt-Lagos,March,190.81,Diesel,Stormy,90.34,2.1121319459818464,0.011069293779056896,3,3625.49,10853.63
NG113,Surfer Boat,Escravos-Lagos,April,151.15,Diesel,Moderate,78.2,1.9328644501278773,0.01278772378516624,4,2003.5,5368.57
NG113,Surfer Boat,Port Harcourt-Lagos,May,139.23,Diesel,Calm,87.09,1.5986910093007232,0.011482374555057986,5,1738.64,4766.71
NG113,Surfer Boat,Escravos-Lagos,June,46.37,Diesel,Moderate,86.22,0.537810252841568,0.011598237067965669,6,714.02,2063.99
NG113,Surfer Boat,Warri-Bonny,July,78.62,Diesel,Moderate,90.25,0.8711357340720222,0.0110803324099723,7,1219.65,3397.84
NG113,Surfer Boat,Port Harcourt-Lagos,August,125.45,Diesel,Stormy,91.54,1.370439152283155,0.010924186148131964,8,2272.09,6553.13
NG113,Surfer Boat,Warri-Bonny,September,79.49,Diesel,Stormy,91.16,0.8719833260201842,0.010969723562966214,9,1136.55,2915.83
NG113,Surfer Boat,Lagos-Apapa,October,126.31,Diesel,Stormy,94.4,1.338029661016949,0.01059322033898305,10,2380.95,6170.53
NG113,Surfer Boat,Warri-Bonny,November,160.29,Diesel,Calm,71.98,2.2268685746040564,0.013892747985551542,11,2207.52,6481.07
NG113,Surfer Boat,Lagos-Apapa,December,95.66,Diesel,Stormy,77.95,1.2271969211032712,0.012828736369467606,12,960.55,2703.76
NG114,Surfer Boat,Port Harcourt-Lagos,January,180.42,Diesel,Calm,90.55,1.9924903368304803,0.011043622308117063,1,2284.77,6299.75
NG114,Surfer Boat,Lagos-Apapa,February,197.7,Diesel,Stormy,84.67,2.3349474430140544,0.011810558639423645,2,3234.04,8590.57
NG114,Surfer Boat,Port Harcourt-Lagos,March,171.08,Diesel,Calm,94.79,1.804831733305201,0.010549636037556704,3,2267.65,5864.26
NG114,Surfer Boat,Port Harcourt-Lagos,April,60.37,Diesel,Calm,75.57,0.7988619822680958,0.013232764324467383,4,1149.66,3203.68
NG114,Surfer Boat,Lagos-Apapa,May,81.84,Diesel,Stormy,91.28,0.8965819456617002,0.010955302366345312,5,980.41,2749.59
NG114,Surfer Boat,Warri-Bonny,June,80.68,Diesel,Calm,91.7,0.879825517993457,0.010905125408942203,6,1171.35,3385.44
NG114,Surfer Boat,Warri-Bonny,July,179.28,Diesel,Stormy,84.27,2.1274474902100393,0.011866619200189867,7,2790.12,7202.32
NG114,Surfer Boat,Port Harcourt-Lagos,August,144.84,Diesel,Calm,74.05,1.9559756920999325,0.013504388926401082,8,2622.04,7812.16
NG114,Surfer Boat,Escravos-Lagos,September,57.14,Diesel,Calm,92.83,0.6155337714101045,0.010772379618657763,9,992.15,2951.26
NG114,Surfer Boat,Port Harcourt-Lagos,October,124.1,Diesel,Moderate,81.15,1.5292667898952554,0.012322858903265557,10,2387.68,6418.96
NG114,Surfer Boat,Escravos-Lagos,November,60.21,Diesel,Moderate,76.89,0.7830667186890363,0.013005592404734036,11,1050.64,2935.95
NG114,Surfer Boat,Warri-Bonny,December,69.27,Diesel,Stormy,73.11,0.9474764054164957,0.01367801942278758,12,1180.37,3338.66
NG115,Surfer Boat,Escravos-Lagos,January,163.47,Diesel,Calm,74.43,2.1962918178153967,0.013435442697836893,1,2741.49,7981.01
NG115,Surfer Boat,Port Harcourt-Lagos,February,129.25,Diesel,Stormy,81.81,1.5798802102432465,0.01222344456667889,2,1883.47,5440.37
NG115,Surfer Boat,Escravos-Lagos,March,119.72,Diesel,Moderate,91.68,1.3058464223385688,0.010907504363001745,3,2030.76,5460.1
NG115,Surfer Boat,Escravos-Lagos,April,38.54,Diesel,Moderate,87.03,0.44283580374583476,0.01149029070435482,4,555.25,1400.28
NG115,Surfer Boat,Escravos-Lagos,May,23.76,Diesel,Moderate,74.35,0.31956960322797584,0.013449899125756557,5,468.04,1265.21
NG115,Surfer Boat,Lagos-Apapa,June,89.14,Diesel,Calm,81.0,1.1004938271604938,0.012345679012345678,6,1751.3,4823.63
NG115,Surfer Boat,Port Harcourt-Lagos,July,137.0,Diesel,Stormy,87.28,1.569660861594867,0.011457378551787351,7,2669.35,6928.17
NG115,Surfer Boat,Escravos-Lagos,August,169.2,Diesel,Calm,75.98,2.2269018162674383,0.013161358252171624,8,1787.38,4687.42
NG115,Surfer Boat,Escravos-Lagos,September,45.17,Diesel,Stormy,72.07,0.6267517691133621,0.013875398917718886,9,865.06,2237.4
NG115,Surfer Boat,Port Harcourt-Lagos,October,82.46,Diesel,Calm,89.92,0.9170373665480426,0.01112099644128114,10,1230.39,3448.38
NG115,Surfer Boat,Warri-Bonny,November,126.66,Diesel,Stormy,89.45,1.415986584684181,0.011179429849077696,11,2078.77,5247.86
NG115,Surfer Boat,Lagos-Apapa,December,144.01,Diesel,Stormy,84.14,1.7115521749465177,0.01188495364868077,12,2399.85,6412.24
NG116,Tanker Ship,Escravos-Lagos,January,77.19,Diesel,Moderate,81.04,0.9524925962487659,0.012339585389930897,1,3131.51,8752.98
NG116,Tanker Ship,Warri-Bonny,February,243.28,HFO,Stormy,74.83,3.2511024989977284,0.013363624214887078,2,9038.03,25227.41
NG116,Tanker Ship,Lagos-Apapa,March,453.83,HFO,Moderate,89.89,5.0487262209367,0.01112470797641562,3,17404.94,45190.91
NG116,Tanker Ship,Escravos-Lagos,April,207.53,Diesel,Moderate,84.73,2.4493095715803137,0.011802195208308745,4,7806.06,22183.19
NG116,Tanker Ship,Warri-Bonny,May,62.2,Diesel,Moderate,85.0,0.731764705882353,0.011764705882352941,5,2874.09,7641.37
NG116,Tanker Ship,Port Harcourt-Lagos,June,142.76,HFO,Stormy,81.01,1.7622515738797677,0.012344155042587334,6,4899.45,14421.91
NG116,Tanker Ship,Port Harcourt-Lagos,July,253.8,HFO,Calm,72.7,3.4910591471801924,0.013755158184319119,7,12185.93,35945.35
NG116,Tanker Ship,Warri-Bonny,August,176.67,HFO,Stormy,71.3,2.4778401122019633,0.014025245441795233,8,7258.74,19062.48
NG116,Tanker Ship,Lagos-Apapa,September,66.82,Diesel,Stormy,85.12,0.7850093984962405,0.011748120300751879,9,3056.87,9104.18
NG116,Tanker Ship,Lagos-Apapa,October,399.87,HFO,Stormy,91.96,4.348303610265333,0.01087429317094389,10,13817.8,37600.94
NG116,Tanker Ship,Escravos-Lagos,November,416.07,Diesel,Stormy,74.5,5.5848322147651,0.013422818791946308,11,14544.62,42433.93
NG116,Tanker Ship,Escravos-Lagos,December,68.69,Diesel,Calm,93.26,0.736542998069912,0.01072271070126528,12,3216.95,8988.45
NG117,Tanker Ship,Lagos-Apapa,January,267.88,HFO,Calm,73.49,3.6451217852769084,0.013607293509320996,1,9252.96,26697.86
NG117,Tanker Ship,Port Harcourt-Lagos,February,465.49,HFO,Calm,82.08,5.671174463937622,0.012183235867446395,2,20556.7,60920.09
NG117,Tanker Ship,Port Harcourt-Lagos,March,330.35,HFO,Stormy,86.26,3.829700904242986,0.011592858798979828,3,15960.43,46119.36
NG117,Tanker Ship,Escravos-Lagos,April,161.34,Diesel,Moderate,80.3,2.0092154420921546,0.012453300124533002,4,7870.63,22843.57
NG117,Tanker Ship,Warri-Bonny,May,232.27,Diesel,Moderate,85.97,2.701756426660463,0.011631964638827498,5,7034.51,19204.83
NG117,Tanker Ship,Lagos-Apapa,June,103.37,HFO,Calm,89.12,1.1598967684021544,0.011220825852782765,6,4220.68,11232.43
NG117,Tanker Ship,Lagos-Apapa,July,320.47,HFO,Calm,81.36,3.9389134709931173,0.012291052114060964,7,11490.16,31076.91
NG117,Tanker Ship,Port Harcourt-Lagos,August,120.15,Diesel,Stormy,78.69,1.5268776210446056,0.012708095056551023,8,3877.23,9714.02
NG117,Tanker Ship,Warri-Bonny,September,251.97,Diesel,Moderate,76.72,3.2842805005213767,0.013034410844629822,9,7896.53,21422.33
NG117,Tanker Ship,Lagos-Apapa,October,307.97,HFO,Moderate,93.58,3.2909809788416333,0.01068604402650139,10,12059.77,31860.34
NG117,Tanker Ship,Lagos-Apapa,November,462.52,Diesel,Calm,81.71,5.660506669930241,0.012238404112103782,11,14128.67,40574.49
NG117,Tanker Ship,Lagos-Apapa,December,320.74,Diesel,Calm,92.27,3.4761027419529644,0.010837758751490192,12,16008.0,40637.91
NG118,Tanker Ship,Escravos-Lagos,January,148.58,HFO,Moderate,84.93,1.749440715883669,0.011774402449075709,1,5163.7,13191.85
NG118,Tanker Ship,Port Harcourt-Lagos,February,90.38,Diesel,Calm,72.7,1.2431911966987619,0.013755158184319119,2,4350.46,12883.82
NG118,Tanker Ship,Warri-Bonny,March,58.17,Diesel,Stormy,81.47,0.7140051552718792,0.012274456855284154,3,2728.82,6977.16
NG118,Tanker Ship,Port Harcourt-Lagos,April,333.44,HFO,Moderate,70.45,4.733002129169623,0.014194464158977998,4,14802.53,41314.24
NG118,Tanker Ship,Warri-Bonny,May,452.15,HFO,Stormy,89.38,5.058737972700828,0.011188185276348177,5,18743.19,52807.05
NG118,Tanker Ship,Port Harcourt-Lagos,June,279.88,HFO,Moderate,80.97,3.4565888600716312,0.012350253180190195,6,8483.17,21277.81
NG118,Tanker Ship,Port Harcourt-Lagos,July,185.85,HFO,Stormy,90.1,2.0627081021087683,0.011098779134295229,7,6884.76,17508.55
NG118,Tanker Ship,Lagos-Apapa,August,81.84,HFO,Moderate,93.35,0.8767005891805035,0.010712372790573113,8,3055.6,8005.1
NG118,Tanker Ship,Escravos-Lagos,September,230.08,HFO,Calm,75.04,3.066098081023454,0.013326226012793176,9,8905.68,26589.92
NG118,Tanker Ship,Lagos-Apapa,October,282.19,Diesel,Calm,91.02,3.100307624697869,0.010986596352450011,10,14045.68,38193.1
NG118,Tanker Ship,Escravos-Lagos,November,185.19,Diesel,Moderate,91.27,2.0290347321135096,0.010956502684343158,11,8175.88,22304.34
NG118,Tanker Ship,Warri-Bonny,December,481.67,HFO,Moderate,84.52,5.6988878371982965,0.011831519167061051,12,15911.57,42203.88
NG119,Tanker Ship,Warri-Bonny,January,192.84,HFO,Calm,83.9,2.2984505363528007,0.011918951132300357,1,9328.95,25411.01
NG119,Tanker Ship,Port Harcourt-Lagos,February,211.68,Diesel,Stormy,78.66,2.691075514874142,0.012712941774726672,2,9088.85,23878.21
NG119,Tanker Ship,Escravos-Lagos,March,289.84,Diesel,Stormy,82.11,3.529898916088174,0.01217878455730118,3,10465.89,28625.09
NG119,Tanker Ship,Lagos-Apapa,April,454.15,Diesel,Stormy,72.13,6.296270622487176,0.013863856924996535,4,18784.2,53656.42
NG119,Tanker Ship,Escravos-Lagos,May,393.74,Diesel,Moderate,92.6,4.252051835853132,0.010799136069114472,5,18660.57,54837.02
NG119,Tanker Ship,Lagos-Apapa,June,469.28,HFO,Calm,82.77,5.669687084692521,0.012081672103419113,6,17118.08,50082.77
NG119,Tanker Ship,Warri-Bonny,July,140.09,HFO,Stormy,91.06,1.5384361959147814,0.010981770261366132,7,4641.73,11604.78
NG119,Tanker Ship,Escravos-Lagos,August,414.11,HFO,Calm,71.82,5.765942634363688,0.013923698134224451,8,13626.34,34915.34
NG119,Tanker Ship,Port Harcourt-Lagos,September,389.15,Diesel,Moderate,89.8,4.333518930957684,0.011135857461024499,9,15908.01,44204.29
NG119,Tanker Ship,Escravos-Lagos,October,88.25,HFO,Moderate,79.03,1.1166645577628749,0.012653422750854106,10,4214.07,11879.74
NG119,Tanker Ship,Port Harcourt-Lagos,November,170.38,HFO,Calm,93.39,1.8243923332262555,0.010707784559374666,11,8422.97,23552.11
NG119,Tanker Ship,Warri-Bonny,December,142.08,Diesel,Moderate,80.25,1.7704672897196263,0.012461059190031152,12,4872.73,13726.32
NG120,Fishing Trawler,Escravos-Lagos,January,106.4,Diesel,Moderate,73.99,1.438032166508988,0.013515339910798757,1,3047.0,8001.56
NG120,Fishing Trawler,Warri-Bonny,February,139.73,HFO,Stormy,72.7,1.9220082530949103,0.013755158184319119,2,3319.94,8917.37
NG120,Fishing Trawler,Warri-Bonny,March,136.37,Diesel,Moderate,71.33,1.9118183092667882,0.014019346698443853,3,4059.66,10785.67
NG120,Fishing Trawler,Warri-Bonny,April,146.14,HFO,Stormy,87.81,1.664275139505751,0.011388224575788634,4,3782.79,11343.26
NG120,Fishing Trawler,Port Harcourt-Lagos,May,57.37,HFO,Calm,92.86,0.6178117596381649,0.010768899418479432,5,1419.7,3712.48
NG120,Fishing Trawler,Warri-Bonny,June,129.53,HFO,Stormy,90.37,1.4333296447936261,0.011065619121389841,6,3721.17,9307.06
NG120,Fishing Trawler,Escravos-Lagos,July,133.44,Diesel,Moderate,89.43,1.4921167393492116,0.011181930001118192,7,3730.77,11044.08
NG120,Fishing Trawler,Port Harcourt-Lagos,August,63.84,Diesel,Stormy,75.88,0.841328413284133,0.013178703215603585,8,1633.85,4852.28
NG120,Fishing Trawler,Lagos-Apapa,September,61.43,HFO,Calm,78.0,0.7875641025641026,0.01282051282051282,9,1263.48,3571.13
NG120,Fishing Trawler,Port Harcourt-Lagos,October,193.09,HFO,Stormy,79.67,2.4236224425756245,0.012551776076314799,10,4661.63,12267.13
NG120,Fishing Trawler,Lagos-Apapa,November,166.5,Diesel,Moderate,92.87,1.792828685258964,0.01076773985140519,11,4298.0,12297.71
NG120,Fishing Trawler,Warri-Bonny,December,127.66,Diesel,Moderate,90.82,1.405637524774279,0.01101079057476327,12,3549.91,10641.9
